ncbi_id,status,comment,checked_utc
CBE67528.1,live,,2026-08-31T19:45:50+00:00
CBE68772.1,live,,2026-08-31T19:45:50+00:00
CBE68773.1,live,,2026-08-31T19:45:50+00:00
CBE68789.1,live,,2026-08-31T19:45:50+00:00
CBE68798.1,live,,2026-08-31T19:45:50+00:00
CBE68807.1,live,,2026-08-31T19:45:50+00:00
GBC94908.1,live,,2026-08-31T19:45:50+00:00
GBC95406.1,live,,2026-08-31T19:45:50+00:00
GBC95410.1,live,,2026-08-31T19:45:50+00:00
GBC95666.1,live,,2026-08-31T19:45:50+00:00
GBC95762.1,live,,2026-08-31T19:45:50+00:00
GBC96899.1,live,,2026-08-31T19:45:50+00:00
GBC96976.1,live,,2026-08-31T19:45:50+00:00
KXK32635.1,live,,2026-08-31T19:45:50+00:00
KXK33511.1,live,,2026-08-31T19:45:50+00:00
KXK33990.1,live,,2026-08-31T19:45:50+00:00
KXK34124.1,live,,2026-08-31T19:45:50+00:00
KXK34132.1,live,,2026-08-31T19:45:50+00:00
KXK34134.1,live,,2026-08-31T19:45:50+00:00
KXK35864.1,live,,2026-08-31T19:45:50+00:00
KXK37612.1,live,,2026-08-31T19:45:50+00:00
OGH55798.1,live,,2026-08-31T19:45:50+00:00
OGH56984.1,live,,2026-08-31T19:45:50+00:00
OGH58540.1,live,,2026-08-31T19:45:50+00:00
OGH59700.1,live,,2026-08-31T19:45:50+00:00
OGH60305.1,live,,2026-08-31T19:45:50+00:00
OGH60350.1,live,,2026-08-31T19:45:50+00:00
OGH60612.1,live,,2026-08-31T19:45:50+00:00
OGH60765.1,live,,2026-08-31T19:45:50+00:00
OGH60794.1,live,,2026-08-31T19:45:50+00:00
OGH61141.1,live,,2026-08-31T19:45:50+00:00
OGH62431.1,live,,2026-08-31T19:45:50+00:00
OGH63117.1,live,,2026-08-31T19:45:50+00:00
OGH63157.1,live,,2026-08-31T19:45:50+00:00
OGH63247.1,live,,2026-08-31T19:45:50+00:00
OGH63261.1,live,,2026-08-31T19:45:50+00:00
OGI16809.1,live,,2026-08-31T19:45:50+00:00
OGI16810.1,live,,2026-08-31T19:45:50+00:00
OGI16990.1,live,,2026-08-31T19:45:50+00:00
OGI17001.1,live,,2026-08-31T19:45:50+00:00
OGI17788.1,live,,2026-08-31T19:45:50+00:00
OGI18447.1,live,,2026-08-31T19:45:50+00:00
OGI18448.1,live,,2026-08-31T19:45:50+00:00
OGI18456.1,live,,2026-08-31T19:45:50+00:00
OGI18457.1,live,,2026-08-31T19:45:50+00:00
OGI21233.1,live,,2026-08-31T19:45:50+00:00
OGI21470.1,live,,2026-08-31T19:45:50+00:00
OGI21694.1,live,,2026-08-31T19:45:50+00:00
OGI22666.1,live,,2026-08-31T19:45:50+00:00
OGI22984.1,live,,2026-08-31T19:45:50+00:00
OGJ86223.1,live,,2026-08-31T19:45:50+00:00
OGJ86493.1,live,,2026-08-31T19:45:50+00:00
OGJ86494.1,live,,2026-08-31T19:45:50+00:00
OGJ86515.1,live,,2026-08-31T19:45:50+00:00
OGJ88439.1,live,,2026-08-31T19:45:50+00:00
OGJ89046.1,live,,2026-08-31T19:45:50+00:00
OGJ89220.1,live,,2026-08-31T19:45:50+00:00
OGJ90152.1,live,,2026-08-31T19:45:50+00:00
OGJ90454.1,live,,2026-08-31T19:45:50+00:00
OGJ90670.1,live,,2026-08-31T19:45:50+00:00
OGJ92582.1,live,,2026-08-31T19:45:50+00:00
OGJ92720.1,live,,2026-08-31T19:45:50+00:00
OGJ92996.1,live,,2026-08-31T19:45:50+00:00
OGJ93379.1,live,,2026-08-31T19:45:50+00:00
OGJ93759.1,live,,2026-08-31T19:45:50+00:00
OGJ93889.1,live,,2026-08-31T19:45:50+00:00
OGJ93904.1,live,,2026-08-31T19:45:50+00:00
OGJ94366.1,live,,2026-08-31T19:45:50+00:00
OGV20186.1,live,,2026-08-31T19:45:50+00:00
OGV23153.1,live,,2026-08-31T19:45:50+00:00
OGV24499.1,live,,2026-08-31T19:45:50+00:00
OIO63572.1,live,,2026-08-31T19:45:50+00:00
OIO63591.1,live,,2026-08-31T19:45:50+00:00
OIO63919.1,live,,2026-08-31T19:45:50+00:00
OIO63931.1,live,,2026-08-31T19:45:50+00:00
OJY18637.1,live,,2026-08-31T19:45:50+00:00
OJY19784.1,live,,2026-08-31T19:45:50+00:00
OJY23008.1,live,,2026-08-31T19:45:50+00:00
OJY24761.1,live,,2026-08-31T19:45:50+00:00
OJY25135.1,live,,2026-08-31T19:45:50+00:00
OJY25307.1,live,,2026-08-31T19:45:50+00:00
OJY25308.1,live,,2026-08-31T19:45:50+00:00
OJY25319.1,live,,2026-08-31T19:45:50+00:00
OJY25320.1,live,,2026-08-31T19:45:50+00:00
OJY25665.1,live,,2026-08-31T19:45:50+00:00
OJY26200.1,live,,2026-08-31T19:45:50+00:00
OJY28788.1,live,,2026-08-31T19:45:50+00:00
OJY29914.1,live,,2026-08-31T19:45:50+00:00
OJY30202.1,live,,2026-08-31T19:45:50+00:00
OJY30207.1,live,,2026-08-31T19:45:50+00:00
OJY30276.1,live,,2026-08-31T19:45:50+00:00
OJY30504.1,live,,2026-08-31T19:45:50+00:00
OJY31067.1,live,,2026-08-31T19:45:50+00:00
OJY31163.1,live,,2026-08-31T19:45:50+00:00
OJY31188.1,live,,2026-08-31T19:45:50+00:00
OJY31564.1,live,,2026-08-31T19:45:50+00:00
OJY31597.1,live,,2026-08-31T19:45:50+00:00
PJA73703.1,live,,2026-08-31T19:45:50+00:00
PJA75299.1,live,,2026-08-31T19:45:50+00:00
PJA75326.1,live,,2026-08-31T19:45:50+00:00
PJA77114.1,live,,2026-08-31T19:45:50+00:00
PJA77237.1,live,,2026-08-31T19:45:50+00:00
PJA77254.1,live,,2026-08-31T19:45:50+00:00
PKL90695.1,live,,2026-08-31T19:45:50+00:00
PKL90797.1,live,,2026-08-31T19:45:50+00:00
PKL91583.1,live,,2026-08-31T19:45:50+00:00
PKL91615.1,live,,2026-08-31T19:45:50+00:00
PKL91616.1,live,,2026-08-31T19:45:50+00:00
PKL91622.1,live,,2026-08-31T19:45:50+00:00
PKL91648.1,live,,2026-08-31T19:45:50+00:00
PKL91759.1,live,,2026-08-31T19:45:50+00:00
PKL92031.1,live,,2026-08-31T19:45:50+00:00
PKL92044.1,live,,2026-08-31T19:45:50+00:00
PLX16003.1,live,,2026-08-31T19:45:50+00:00
PLX17688.1,live,,2026-08-31T19:45:50+00:00
PLX18050.1,live,,2026-08-31T19:45:50+00:00
PLX18241.1,live,,2026-08-31T19:45:50+00:00
PLX18721.1,live,,2026-08-31T19:45:50+00:00
PLX18723.1,live,,2026-08-31T19:45:50+00:00
PLX19214.1,live,,2026-08-31T19:45:50+00:00
PLX19518.1,live,,2026-08-31T19:45:50+00:00
PZM78888.1,live,,2026-08-31T19:45:50+00:00
PZM78898.1,live,,2026-08-31T19:45:50+00:00
PZM78907.1,live,,2026-08-31T19:45:50+00:00
PZM78915.1,live,,2026-08-31T19:45:50+00:00
PZM78916.1,live,,2026-08-31T19:45:50+00:00
PZM82010.1,live,,2026-08-31T19:45:50+00:00
PZM82011.1,live,,2026-08-31T19:45:50+00:00
PZM82021.1,live,,2026-08-31T19:45:50+00:00
PZM83102.1,live,,2026-08-31T19:45:50+00:00
PZM83108.1,live,,2026-08-31T19:45:50+00:00
PZM83109.1,live,,2026-08-31T19:45:50+00:00
RJO64095.1,live,,2026-08-31T19:45:50+00:00
RJO65310.1,live,,2026-08-31T19:45:50+00:00
RJO65990.1,live,,2026-08-31T19:45:50+00:00
RJO66288.1,live,,2026-08-31T19:45:50+00:00
RJO67173.1,live,,2026-08-31T19:45:50+00:00
RJO68642.1,live,,2026-08-31T19:45:50+00:00
RJO73961.1,live,,2026-08-31T19:45:50+00:00
RJO74039.1,live,,2026-08-31T19:45:50+00:00
RJO74317.1,live,,2026-08-31T19:45:50+00:00
RJP18448.1,live,,2026-08-31T19:45:50+00:00
RJP20927.1,live,,2026-08-31T19:45:50+00:00
RJP20987.1,live,,2026-08-31T19:45:50+00:00
RJP21139.1,live,,2026-08-31T19:45:50+00:00
RJP22009.1,live,,2026-08-31T19:45:50+00:00
RJP22010.1,live,,2026-08-31T19:45:50+00:00
RJP26007.1,live,,2026-08-31T19:45:50+00:00
RJP57649.1,live,,2026-08-31T19:45:50+00:00
RJP58076.1,live,,2026-08-31T19:45:50+00:00
RJP59866.1,live,,2026-08-31T19:45:50+00:00
RJP61203.1,live,,2026-08-31T19:45:50+00:00
RJP61652.1,live,,2026-08-31T19:45:50+00:00
RKY34246.1,live,,2026-08-31T19:45:50+00:00
RKY36372.1,live,,2026-08-31T19:45:50+00:00
RKY36373.1,live,,2026-08-31T19:45:50+00:00
RKY36507.1,live,,2026-08-31T19:45:50+00:00
RKY36871.1,live,,2026-08-31T19:45:50+00:00
RKY37213.1,live,,2026-08-31T19:45:50+00:00
RKY37397.1,live,,2026-08-31T19:45:50+00:00
RKY37408.1,live,,2026-08-31T19:45:50+00:00
RLE07944.1,live,,2026-08-31T19:45:50+00:00
RLE08066.1,live,,2026-08-31T19:45:50+00:00
RLE09070.1,live,,2026-08-31T19:45:50+00:00
RLE10153.1,live,,2026-08-31T19:45:50+00:00
RLE10157.1,live,,2026-08-31T19:45:50+00:00
RLE10159.1,live,,2026-08-31T19:45:50+00:00
RLE10191.1,live,,2026-08-31T19:45:50+00:00
RMF84594.1,live,,2026-08-31T19:45:50+00:00
RMF85458.1,live,,2026-08-31T19:45:50+00:00
RMF86300.1,live,,2026-08-31T19:45:50+00:00
RMF87811.1,live,,2026-08-31T19:45:50+00:00
RMF88778.1,live,,2026-08-31T19:45:50+00:00
RMF89225.1,live,,2026-08-31T19:45:50+00:00
RMF89356.1,live,,2026-08-31T19:45:50+00:00
RMF89785.1,live,,2026-08-31T19:45:50+00:00
RMF89998.1,live,,2026-08-31T19:45:50+00:00
RMF90463.1,live,,2026-08-31T19:45:50+00:00
RMF90464.1,live,,2026-08-31T19:45:50+00:00
RMF90745.1,live,,2026-08-31T19:45:50+00:00
RMF91773.1,live,,2026-08-31T19:45:50+00:00
RMG43582.1,live,,2026-08-31T19:45:50+00:00
RMG44769.1,live,,2026-08-31T19:45:50+00:00
RMG45861.1,live,,2026-08-31T19:45:50+00:00
RMG46892.1,live,,2026-08-31T19:45:50+00:00
RMG47392.1,live,,2026-08-31T19:45:50+00:00
RMG47395.1,live,,2026-08-31T19:45:50+00:00
RZD18566.1,live,,2026-08-31T19:45:50+00:00
RZD18575.1,live,,2026-08-31T19:45:50+00:00
RZD18582.1,live,,2026-08-31T19:45:50+00:00
RZD18583.1,live,,2026-08-31T19:45:50+00:00
RZD18605.1,live,,2026-08-31T19:45:50+00:00
RZD18607.1,live,,2026-08-31T19:45:50+00:00
RZD18613.1,live,,2026-08-31T19:45:50+00:00
RZD18622.1,live,,2026-08-31T19:45:50+00:00
RZD18625.1,live,,2026-08-31T19:45:50+00:00
RZD18855.1,live,,2026-08-31T19:45:50+00:00
TAK26884.1,live,,2026-08-31T19:45:50+00:00
TAK29830.1,live,,2026-08-31T19:45:50+00:00
TAK32256.1,live,,2026-08-31T19:45:50+00:00
TAK32259.1,live,,2026-08-31T19:45:50+00:00
TAK34227.1,live,,2026-08-31T19:45:50+00:00
TAK34228.1,live,,2026-08-31T19:45:50+00:00
TAK36099.1,live,,2026-08-31T19:45:50+00:00
TKJ36861.1,live,,2026-08-31T19:45:50+00:00
TKJ40609.1,live,,2026-08-31T19:45:50+00:00
TKJ41626.1,live,,2026-08-31T19:45:50+00:00
TKJ41628.1,live,,2026-08-31T19:45:50+00:00
TKJ42229.1,live,,2026-08-31T19:45:50+00:00
TKJ42230.1,live,,2026-08-31T19:45:50+00:00
WP_000020484.1,live,,2026-08-31T19:45:50+00:00
WP_000210563.1,live,,2026-08-31T19:45:50+00:00
WP_000906486.1,live,,2026-08-31T19:45:50+00:00
WP_002557312.1,live,,2026-08-31T19:45:50+00:00
WP_002557320.1,live,,2026-08-31T19:45:50+00:00
WP_002557358.1,live,,2026-08-31T19:45:50+00:00
WP_002656867.1,live,,2026-08-31T19:45:50+00:00
WP_002656987.1,live,,2026-08-31T19:45:50+00:00
WP_002657813.1,live,,2026-08-31T19:45:50+00:00
WP_002658032.1,live,,2026-08-31T19:45:50+00:00
WP_002852641.1,live,,2026-08-31T19:45:50+00:00
WP_002852854.1,live,,2026-08-31T19:45:50+00:00
WP_002856482.1,live,,2026-08-31T19:45:50+00:00
WP_002882319.1,live,,2026-08-31T19:45:50+00:00
WP_002882797.1,live,,2026-08-31T19:45:50+00:00
WP_003083101.1,live,,2026-08-31T19:45:50+00:00
WP_003083121.1,live,,2026-08-31T19:45:50+00:00
WP_003085981.1,live,,2026-08-31T19:45:50+00:00
WP_003087672.1,live,,2026-08-31T19:45:50+00:00
WP_003087674.1,live,,2026-08-31T19:45:50+00:00
WP_003096222.1,live,,2026-08-31T19:45:50+00:00
WP_003100792.1,live,,2026-08-31T19:45:50+00:00
WP_003103203.1,live,,2026-08-31T19:45:50+00:00
WP_003103206.1,live,,2026-08-31T19:45:50+00:00
WP_003120328.1,live,,2026-08-31T19:45:50+00:00
WP_003120329.1,live,,2026-08-31T19:45:50+00:00
WP_003123072.1,live,,2026-08-31T19:45:50+00:00
WP_003503431.1,suppressed,This protein record was suppressed because it is no longer annotated on any genome,2026-08-31T19:45:50+00:00
WP_003508056.1,live,,2026-08-31T19:45:50+00:00
WP_003718817.1,live,,2026-08-31T19:45:50+00:00
WP_004091616.1,live,,2026-08-31T19:45:50+00:00
WP_004092527.1,live,,2026-08-31T19:45:50+00:00
WP_004096801.1,live,,2026-08-31T19:45:50+00:00
WP_004096844.1,live,,2026-08-31T19:45:50+00:00
WP_004096850.1,live,,2026-08-31T19:45:50+00:00
WP_004098963.1,live,,2026-08-31T19:45:50+00:00
WP_004306549.1,live,,2026-08-31T19:45:50+00:00
WP_004306836.1,live,,2026-08-31T19:45:50+00:00
WP_004334877.1,live,,2026-08-31T19:45:50+00:00
WP_004335222.1,live,,2026-08-31T19:45:50+00:00
WP_004335313.1,live,,2026-08-31T19:45:50+00:00
WP_004337800.1,live,,2026-08-31T19:45:50+00:00
WP_004339102.1,live,,2026-08-31T19:45:50+00:00
WP_004573318.1,live,,2026-08-31T19:45:50+00:00
WP_004573402.1,suppressed,This protein record was suppressed because it is no longer annotated on any genome,2026-08-31T19:45:50+00:00
WP_004623767.1,live,,2026-08-31T19:45:50+00:00
WP_004626983.1,live,,2026-08-31T19:45:50+00:00
WP_004626989.1,live,,2026-08-31T19:45:50+00:00
WP_004627073.1,live,,2026-08-31T19:45:50+00:00
WP_004629164.1,live,,2026-08-31T19:45:50+00:00
WP_005008065.1,live,,2026-08-31T19:45:50+00:00
WP_005008183.1,suppressed,This protein record was suppressed because it is no longer annotated on any genome,2026-08-31T19:45:50+00:00
WP_005008185.1,live,,2026-08-31T19:45:50+00:00
WP_005008783.1,live,,2026-08-31T19:45:50+00:00
WP_005008786.1,suppressed,This protein record was suppressed because it is no longer annotated on any genome,2026-08-31T19:45:50+00:00
WP_005009657.1,live,,2026-08-31T19:45:50+00:00
WP_005009803.1,live,,2026-08-31T19:45:50+00:00
WP_005010445.1,suppressed,This protein record was suppressed because it is no longer annotated on any genome,2026-08-31T19:45:50+00:00
WP_005011338.1,suppressed,This protein record was suppressed because it is no longer annotated on any genome,2026-08-31T19:45:50+00:00
WP_005011346.1,suppressed,This protein record was suppressed because it is no longer annotated on any genome,2026-08-31T19:45:50+00:00
WP_005011437.1,suppressed,This protein record was suppressed because it is no longer annotated on any genome,2026-08-31T19:45:50+00:00
WP_005031517.1,live,,2026-08-31T19:45:50+00:00
WP_005031958.1,live,,2026-08-31T19:45:50+00:00
WP_005032108.1,live,,2026-08-31T19:45:50+00:00
WP_005033143.1,live,,2026-08-31T19:45:50+00:00
WP_005033148.1,live,,2026-08-31T19:45:50+00:00
WP_005033461.1,live,,2026-08-31T19:45:50+00:00
WP_005034681.1,live,,2026-08-31T19:45:50+00:00
WP_005034718.1,live,,2026-08-31T19:45:50+00:00
WP_005035507.1,live,,2026-08-31T19:45:50+00:00
WP_005035921.1,live,,2026-08-31T19:45:50+00:00
WP_005036512.1,live,,2026-08-31T19:45:50+00:00
WP_005336053.1,live,,2026-08-31T19:45:50+00:00
WP_005340632.1,live,,2026-08-31T19:45:50+00:00
WP_006082602.1,live,,2026-08-31T19:45:50+00:00
WP_006191119.1,live,,2026-08-31T19:45:50+00:00
WP_006191347.1,live,,2026-08-31T19:45:50+00:00
WP_006193020.1,suppressed,This protein record was suppressed because it is no longer annotated on any genome,2026-08-31T19:45:50+00:00
WP_006193716.1,live,,2026-08-31T19:45:50+00:00
WP_006193740.1,live,,2026-08-31T19:45:50+00:00
WP_006501523.1,live,,2026-08-31T19:45:50+00:00
WP_006503754.1,live,,2026-08-31T19:45:50+00:00
WP_006504220.1,live,,2026-08-31T19:45:50+00:00
WP_006583068.1,live,,2026-08-31T19:45:50+00:00
WP_006583069.1,live,,2026-08-31T19:45:50+00:00
WP_006583098.1,live,,2026-08-31T19:45:50+00:00
WP_006583107.1,suppressed,This protein record was suppressed because it is no longer annotated on any genome,2026-08-31T19:45:50+00:00
WP_006583351.1,suppressed,This protein record was suppressed because it is no longer annotated on any genome,2026-08-31T19:45:50+00:00
WP_006584116.1,live,,2026-08-31T19:45:50+00:00
WP_006592423.1,live,,2026-08-31T19:45:50+00:00
WP_006594015.1,live,,2026-08-31T19:45:50+00:00
WP_006594018.1,live,,2026-08-31T19:45:50+00:00
WP_006594643.1,live,,2026-08-31T19:45:50+00:00
WP_006594645.1,live,,2026-08-31T19:45:50+00:00
WP_006750699.1,live,,2026-08-31T19:45:50+00:00
WP_006754497.1,live,,2026-08-31T19:45:50+00:00
WP_006754499.1,live,,2026-08-31T19:45:50+00:00
WP_006755970.1,live,,2026-08-31T19:45:50+00:00
WP_006929488.1,live,,2026-08-31T19:45:50+00:00
WP_006929490.1,live,,2026-08-31T19:45:50+00:00
WP_006929542.1,suppressed,This protein record was suppressed because it is no longer annotated on any genome,2026-08-31T19:45:50+00:00
WP_006929814.1,live,,2026-08-31T19:45:50+00:00
WP_006930547.1,live,,2026-08-31T19:45:50+00:00
WP_006930963.1,live,,2026-08-31T19:45:50+00:00
WP_006931139.1,live,,2026-08-31T19:45:50+00:00
WP_006931318.1,live,,2026-08-31T19:45:50+00:00
WP_006931319.1,live,,2026-08-31T19:45:50+00:00
WP_006931815.1,live,,2026-08-31T19:45:50+00:00
WP_006932645.1,live,,2026-08-31T19:45:50+00:00
WP_006932703.1,live,,2026-08-31T19:45:50+00:00
WP_006934600.1,live,,2026-08-31T19:45:50+00:00
WP_006934601.1,live,,2026-08-31T19:45:50+00:00
WP_006934630.1,live,,2026-08-31T19:45:50+00:00
WP_006934664.1,live,,2026-08-31T19:45:50+00:00
WP_006938134.1,live,,2026-08-31T19:45:50+00:00
WP_006938566.1,live,,2026-08-31T19:45:50+00:00
WP_006938571.1,live,,2026-08-31T19:45:50+00:00
WP_006938575.1,live,,2026-08-31T19:45:50+00:00
WP_006938576.1,live,,2026-08-31T19:45:50+00:00
WP_006938577.1,live,,2026-08-31T19:45:50+00:00
WP_006938578.1,live,,2026-08-31T19:45:50+00:00
WP_006938579.1,live,,2026-08-31T19:45:50+00:00
WP_007430005.1,live,,2026-08-31T19:45:50+00:00
WP_007508001.1,live,,2026-08-31T19:45:50+00:00
WP_007511377.1,live,,2026-08-31T19:45:50+00:00
WP_008178814.1,live,,2026-08-31T19:45:50+00:00
WP_008179711.1,live,,2026-08-31T19:45:50+00:00
WP_008180739.1,live,,2026-08-31T19:45:50+00:00
WP_008181284.1,live,,2026-08-31T19:45:50+00:00
WP_008514819.1,live,,2026-08-31T19:45:50+00:00
WP_008514820.1,live,,2026-08-31T19:45:50+00:00
WP_008516741.1,live,,2026-08-31T19:45:50+00:00
WP_008518195.1,live,,2026-08-31T19:45:50+00:00
WP_008518215.1,live,,2026-08-31T19:45:50+00:00
WP_008518255.1,live,,2026-08-31T19:45:50+00:00
WP_008843241.1,live,,2026-08-31T19:45:50+00:00
WP_009201331.1,live,,2026-08-31T19:45:50+00:00
WP_009202112.1,live,,2026-08-31T19:45:50+00:00
WP_009542587.1,live,,2026-08-31T19:45:50+00:00
WP_009542611.1,live,,2026-08-31T19:45:50+00:00
WP_009542699.1,live,,2026-08-31T19:45:50+00:00
WP_009542724.1,live,,2026-08-31T19:45:50+00:00
WP_009791691.1,live,,2026-08-31T19:45:50+00:00
WP_009794115.1,live,,2026-08-31T19:45:50+00:00
WP_009794283.1,live,,2026-08-31T19:45:50+00:00
WP_009795905.1,live,,2026-08-31T19:45:50+00:00
WP_009795919.1,live,,2026-08-31T19:45:50+00:00
WP_010345384.1,live,,2026-08-31T19:45:50+00:00
WP_010346399.1,live,,2026-08-31T19:45:50+00:00
WP_010346972.1,live,,2026-08-31T19:45:50+00:00
WP_010349520.1,live,,2026-08-31T19:45:50+00:00
WP_010880500.1,live,,2026-08-31T19:45:50+00:00
WP_010880700.1,live,,2026-08-31T19:45:50+00:00
WP_010880748.1,suppressed,This protein record was suppressed because it is no longer annotated on any genome,2026-08-31T19:45:50+00:00
WP_010880785.1,live,,2026-08-31T19:45:50+00:00
WP_010880786.1,live,,2026-08-31T19:45:50+00:00
WP_010881034.1,suppressed,This protein record was suppressed because it is no longer annotated on any genome,2026-08-31T19:45:50+00:00
WP_010881056.1,live,,2026-08-31T19:45:50+00:00
WP_010881094.1,live,,2026-08-31T19:45:50+00:00
WP_010889818.1,live,,2026-08-31T19:45:50+00:00
WP_010920274.1,live,,2026-08-31T19:45:50+00:00
WP_010921001.1,live,,2026-08-31T19:45:50+00:00
WP_010941037.1,live,,2026-08-31T19:45:50+00:00
WP_010941038.1,live,,2026-08-31T19:45:50+00:00
WP_010941896.1,live,,2026-08-31T19:45:50+00:00
WP_010942326.1,live,,2026-08-31T19:45:50+00:00
WP_010942470.1,live,,2026-08-31T19:45:50+00:00
WP_010943217.1,live,,2026-08-31T19:45:50+00:00
WP_010943660.1,live,,2026-08-31T19:45:50+00:00
WP_011084609.1,live,,2026-08-31T19:45:50+00:00
WP_011084623.1,live,,2026-08-31T19:45:50+00:00
WP_011084624.1,live,,2026-08-31T19:45:50+00:00
WP_011084626.1,live,,2026-08-31T19:45:50+00:00
WP_011084627.1,live,,2026-08-31T19:45:50+00:00
WP_011084628.1,live,,2026-08-31T19:45:50+00:00
WP_011084629.1,live,,2026-08-31T19:45:50+00:00
WP_011197096.1,live,,2026-08-31T19:45:50+00:00
WP_011197102.1,live,,2026-08-31T19:45:50+00:00
WP_011197106.1,live,,2026-08-31T19:45:50+00:00
WP_011197112.1,live,,2026-08-31T19:45:50+00:00
WP_011371713.1,live,,2026-08-31T19:45:50+00:00
WP_011371773.1,live,,2026-08-31T19:45:50+00:00
WP_011371774.1,live,,2026-08-31T19:45:50+00:00
WP_011371840.1,live,,2026-08-31T19:45:50+00:00
WP_011372074.1,live,,2026-08-31T19:45:50+00:00
WP_011372198.1,live,,2026-08-31T19:45:50+00:00
WP_011372336.1,suppressed,This protein record was suppressed because it is no longer annotated on any genome,2026-08-31T19:45:50+00:00
WP_011372357.1,live,,2026-08-31T19:45:50+00:00
WP_011372724.1,live,,2026-08-31T19:45:50+00:00
WP_011372796.1,live,,2026-08-31T19:45:50+00:00
WP_011372797.1,live,,2026-08-31T19:45:50+00:00
WP_011391997.1,live,,2026-08-31T19:45:50+00:00
WP_011392288.1,live,,2026-08-31T19:45:50+00:00
WP_011392305.1,live,,2026-08-31T19:45:50+00:00
WP_011392307.1,live,,2026-08-31T19:45:50+00:00
WP_011392319.1,live,,2026-08-31T19:45:50+00:00
WP_011392517.1,live,,2026-08-31T19:45:50+00:00
WP_011405312.1,live,,2026-08-31T19:45:50+00:00
WP_011405404.1,live,,2026-08-31T19:45:50+00:00
WP_011405579.1,live,,2026-08-31T19:45:50+00:00
WP_011417256.1,live,,2026-08-31T19:45:50+00:00
WP_011417257.1,live,,2026-08-31T19:45:50+00:00
WP_011417271.1,live,,2026-08-31T19:45:50+00:00
WP_011417278.1,live,,2026-08-31T19:45:50+00:00
WP_011417434.1,live,,2026-08-31T19:45:50+00:00
WP_011417847.1,live,,2026-08-31T19:45:50+00:00
WP_011418480.1,live,,2026-08-31T19:45:50+00:00
WP_011419758.1,live,,2026-08-31T19:45:50+00:00
WP_011419760.1,live,,2026-08-31T19:45:50+00:00
WP_011419761.1,live,,2026-08-31T19:45:50+00:00
WP_011419762.1,live,,2026-08-31T19:45:50+00:00
WP_011419763.1,live,,2026-08-31T19:45:50+00:00
WP_011419764.1,live,,2026-08-31T19:45:50+00:00
WP_011419765.1,live,,2026-08-31T19:45:50+00:00
WP_011420033.1,live,,2026-08-31T19:45:50+00:00
WP_011420393.1,live,,2026-08-31T19:45:50+00:00
WP_011420402.1,live,,2026-08-31T19:45:50+00:00
WP_011420409.1,live,,2026-08-31T19:45:50+00:00
WP_011420416.1,live,,2026-08-31T19:45:50+00:00
WP_011420447.1,live,,2026-08-31T19:45:50+00:00
WP_011420456.1,live,,2026-08-31T19:45:50+00:00
WP_011420652.1,live,,2026-08-31T19:45:50+00:00
WP_011420767.1,live,,2026-08-31T19:45:50+00:00
WP_011420958.1,live,,2026-08-31T19:45:50+00:00
WP_011422034.1,live,,2026-08-31T19:45:50+00:00
WP_011422613.1,live,,2026-08-31T19:45:50+00:00
WP_011521959.1,live,,2026-08-31T19:45:50+00:00
WP_011522450.1,live,,2026-08-31T19:45:50+00:00
WP_011522460.1,live,,2026-08-31T19:45:50+00:00
WP_011524285.1,live,,2026-08-31T19:45:50+00:00
WP_011524836.1,live,,2026-08-31T19:45:50+00:00
WP_011628339.1,live,,2026-08-31T19:45:50+00:00
WP_011628453.1,live,,2026-08-31T19:45:50+00:00
WP_011628649.1,live,,2026-08-31T19:45:50+00:00
WP_011628724.1,live,,2026-08-31T19:45:50+00:00
WP_011629155.1,live,,2026-08-31T19:45:50+00:00
WP_011629223.1,live,,2026-08-31T19:45:50+00:00
WP_011629545.1,live,,2026-08-31T19:45:50+00:00
WP_011629546.1,live,,2026-08-31T19:45:50+00:00
WP_011629547.1,live,,2026-08-31T19:45:50+00:00
WP_011629582.1,live,,2026-08-31T19:45:50+00:00
WP_011640880.1,live,,2026-08-31T19:45:50+00:00
WP_011658173.1,live,,2026-08-31T19:45:50+00:00
WP_011659203.1,live,,2026-08-31T19:45:50+00:00
WP_011659207.1,live,,2026-08-31T19:45:50+00:00
WP_011659209.1,live,,2026-08-31T19:45:50+00:00
WP_011659215.1,live,,2026-08-31T19:45:50+00:00
WP_011660319.1,live,,2026-08-31T19:45:50+00:00
WP_011660742.1,live,,2026-08-31T19:45:50+00:00
WP_011660744.1,live,,2026-08-31T19:45:50+00:00
WP_011660745.1,live,,2026-08-31T19:45:50+00:00
WP_011660747.1,live,,2026-08-31T19:45:50+00:00
WP_011660750.1,live,,2026-08-31T19:45:50+00:00
WP_011660751.1,live,,2026-08-31T19:45:50+00:00
WP_011660754.1,live,,2026-08-31T19:45:50+00:00
WP_011719673.1,live,,2026-08-31T19:45:50+00:00
WP_011719682.1,live,,2026-08-31T19:45:50+00:00
WP_011719692.1,live,,2026-08-31T19:45:50+00:00
WP_011719699.1,live,,2026-08-31T19:45:50+00:00
WP_011720381.1,live,,2026-08-31T19:45:50+00:00
WP_011720866.1,live,,2026-08-31T19:45:50+00:00
WP_011720870.1,live,,2026-08-31T19:45:50+00:00
WP_011876654.1,live,,2026-08-31T19:45:50+00:00
WP_011876833.1,live,,2026-08-31T19:45:50+00:00
WP_011878681.1,live,,2026-08-31T19:45:50+00:00
WP_011878694.1,live,,2026-08-31T19:45:50+00:00
WP_011878700.1,suppressed,This protein record was suppressed because it is no longer annotated on any genome,2026-08-31T19:45:50+00:00
WP_011878737.1,live,,2026-08-31T19:45:50+00:00
WP_011878742.1,live,,2026-08-31T19:45:50+00:00
WP_011981700.1,live,,2026-08-31T19:45:50+00:00
WP_011981712.1,live,,2026-08-31T19:45:50+00:00
WP_011981722.1,suppressed,This protein record was suppressed because it is no longer annotated on any genome,2026-08-31T19:45:50+00:00
WP_011981746.1,live,,2026-08-31T19:45:50+00:00
WP_011981962.1,live,,2026-08-31T19:45:50+00:00
WP_012002117.1,live,,2026-08-31T19:45:50+00:00
WP_012002772.1,live,,2026-08-31T19:45:50+00:00
WP_012003847.1,live,,2026-08-31T19:45:50+00:00
WP_012003927.1,live,,2026-08-31T19:45:50+00:00
WP_012003931.1,live,,2026-08-31T19:45:50+00:00
WP_012295965.1,live,,2026-08-31T19:45:50+00:00
WP_012302824.1,suppressed,This protein record was suppressed because it is no longer annotated on any genome,2026-08-31T19:45:50+00:00
WP_012302904.1,live,,2026-08-31T19:45:50+00:00
WP_012302905.1,live,,2026-08-31T19:45:50+00:00
WP_012370747.1,live,,2026-08-31T19:45:50+00:00
WP_012370763.1,live,,2026-08-31T19:45:50+00:00
WP_012373246.1,live,,2026-08-31T19:45:50+00:00
WP_012373268.1,live,,2026-08-31T19:45:50+00:00
WP_012373875.1,live,,2026-08-31T19:45:50+00:00
WP_012387956.1,live,,2026-08-31T19:45:50+00:00
WP_012388318.1,live,,2026-08-31T19:45:50+00:00
WP_012388423.1,live,,2026-08-31T19:45:50+00:00
WP_012388458.1,live,,2026-08-31T19:45:50+00:00
WP_012388639.1,live,,2026-08-31T19:45:50+00:00
WP_012390386.1,live,,2026-08-31T19:45:50+00:00
WP_012446525.1,live,,2026-08-31T19:45:50+00:00
WP_012447355.1,live,,2026-08-31T19:45:50+00:00
WP_012447863.1,suppressed,This protein record was suppressed because it is no longer annotated on any genome,2026-08-31T19:45:50+00:00
WP_012448203.1,live,,2026-08-31T19:45:50+00:00
WP_012448536.1,live,,2026-08-31T19:45:50+00:00
WP_012448776.1,live,,2026-08-31T19:45:50+00:00
WP_012476230.1,live,,2026-08-31T19:45:50+00:00
WP_012476522.1,live,,2026-08-31T19:45:50+00:00
WP_012486997.1,live,,2026-08-31T19:45:50+00:00
WP_012543590.1,live,,2026-08-31T19:45:50+00:00
WP_012543741.1,live,,2026-08-31T19:45:50+00:00
WP_012544014.1,live,,2026-08-31T19:45:50+00:00
WP_012544650.1,live,,2026-08-31T19:45:50+00:00
WP_012544664.1,live,,2026-08-31T19:45:50+00:00
WP_012544868.1,live,,2026-08-31T19:45:50+00:00
WP_012636485.1,live,,2026-08-31T19:45:50+00:00
WP_012663456.1,live,,2026-08-31T19:45:50+00:00
WP_012663608.1,live,,2026-08-31T19:45:50+00:00
WP_012663715.1,live,,2026-08-31T19:45:50+00:00
WP_012663733.1,live,,2026-08-31T19:45:50+00:00
WP_012675436.1,live,,2026-08-31T19:45:50+00:00
WP_012675458.1,live,,2026-08-31T19:45:50+00:00
WP_012675615.1,live,,2026-08-31T19:45:50+00:00
WP_012676214.1,live,,2026-08-31T19:45:50+00:00
WP_012676730.1,live,,2026-08-31T19:45:50+00:00
WP_012676864.1,live,,2026-08-31T19:45:50+00:00
WP_012681815.1,suppressed,This protein record was suppressed because it is no longer annotated on any genome,2026-08-31T19:45:50+00:00
WP_012681816.1,live,,2026-08-31T19:45:50+00:00
WP_012681845.1,live,,2026-08-31T19:45:50+00:00
WP_012683580.1,live,,2026-08-31T19:45:50+00:00
WP_012805690.1,live,,2026-08-31T19:45:50+00:00
WP_012823258.1,live,,2026-08-31T19:45:50+00:00
WP_012823322.1,live,,2026-08-31T19:45:50+00:00
WP_012823329.1,live,,2026-08-31T19:45:50+00:00
WP_012823511.1,live,,2026-08-31T19:45:50+00:00
WP_012823514.1,live,,2026-08-31T19:45:50+00:00
WP_012823515.1,live,,2026-08-31T19:45:50+00:00
WP_012823596.1,live,,2026-08-31T19:45:50+00:00
WP_012823610.1,live,,2026-08-31T19:45:50+00:00
WP_012824406.1,live,,2026-08-31T19:45:50+00:00
WP_012824631.1,live,,2026-08-31T19:45:50+00:00
WP_012824712.1,live,,2026-08-31T19:45:50+00:00
WP_012910548.1,suppressed,This protein record was suppressed because it is no longer annotated on any genome,2026-08-31T19:45:50+00:00
WP_012911025.1,suppressed,This protein record was suppressed because it is no longer annotated on any genome,2026-08-31T19:45:50+00:00
WP_012911344.1,suppressed,This protein record was suppressed because it is no longer annotated on any genome,2026-08-31T19:45:50+00:00
WP_012911376.1,suppressed,This protein record was suppressed because it is no longer annotated on any genome,2026-08-31T19:45:50+00:00
WP_012911614.1,suppressed,This protein record was suppressed because it is no longer annotated on any genome,2026-08-31T19:45:50+00:00
WP_012911875.1,suppressed,This protein record was suppressed because it is no longer annotated on any genome,2026-08-31T19:45:50+00:00
WP_012912569.1,suppressed,This protein record was suppressed because it is no longer annotated on any genome,2026-08-31T19:45:50+00:00
WP_012912866.1,suppressed,This protein record was suppressed because it is no longer annotated on any genome,2026-08-31T19:45:50+00:00
WP_012912923.1,suppressed,This protein record was suppressed because it is no longer annotated on any genome,2026-08-31T19:45:50+00:00
WP_012913240.1,suppressed,This protein record was suppressed because it is no longer annotated on any genome,2026-08-31T19:45:50+00:00
WP_012913247.1,suppressed,This protein record was suppressed because it is no longer annotated on any genome,2026-08-31T19:45:50+00:00
WP_012931512.1,live,,2026-08-31T19:45:50+00:00
WP_012931516.1,live,,2026-08-31T19:45:50+00:00
WP_012931554.1,live,,2026-08-31T19:45:50+00:00
WP_012931561.1,live,,2026-08-31T19:45:50+00:00
WP_012931849.1,live,,2026-08-31T19:45:50+00:00
WP_012936050.1,live,,2026-08-31T19:45:50+00:00
WP_012936691.1,live,,2026-08-31T19:45:50+00:00
WP_012937353.1,live,,2026-08-31T19:45:50+00:00
WP_012958259.1,live,,2026-08-31T19:45:50+00:00
WP_012959378.1,suppressed,This protein record was suppressed because it is no longer annotated on any genome,2026-08-31T19:45:50+00:00
WP_012959383.1,live,,2026-08-31T19:45:50+00:00
WP_012959719.1,live,,2026-08-31T19:45:50+00:00
WP_012961029.1,live,,2026-08-31T19:45:50+00:00
WP_012969688.1,live,,2026-08-31T19:45:50+00:00
WP_012969883.1,live,,2026-08-31T19:45:50+00:00
WP_012970317.1,live,,2026-08-31T19:45:50+00:00
WP_012970776.1,live,,2026-08-31T19:45:50+00:00
WP_012971686.1,live,,2026-08-31T19:45:50+00:00
WP_012972082.1,live,,2026-08-31T19:45:50+00:00
WP_012991128.1,live,,2026-08-31T19:45:50+00:00
WP_012991129.1,live,,2026-08-31T19:45:50+00:00
WP_012991361.1,live,,2026-08-31T19:45:50+00:00
WP_012991541.1,live,,2026-08-31T19:45:50+00:00
WP_012992210.1,live,,2026-08-31T19:45:50+00:00
WP_012992392.1,live,,2026-08-31T19:45:50+00:00
WP_012992473.1,live,,2026-08-31T19:45:50+00:00
WP_013045696.1,suppressed,This protein record was suppressed because it is no longer annotated on any genome,2026-08-31T19:45:50+00:00
WP_013045700.1,live,,2026-08-31T19:45:50+00:00
WP_013045702.1,live,,2026-08-31T19:45:50+00:00
WP_013045707.1,live,,2026-08-31T19:45:50+00:00
WP_013045720.1,live,,2026-08-31T19:45:50+00:00
WP_013045727.1,live,,2026-08-31T19:45:50+00:00
WP_013045734.1,suppressed,This protein record was suppressed because it is no longer annotated on any genome,2026-08-31T19:45:50+00:00
WP_013045735.1,live,,2026-08-31T19:45:50+00:00
WP_013045739.1,live,,2026-08-31T19:45:50+00:00
WP_013062776.1,live,,2026-08-31T19:45:50+00:00
WP_013112656.1,live,,2026-08-31T19:45:50+00:00
WP_013112698.1,live,,2026-08-31T19:45:50+00:00
WP_013112767.1,live,,2026-08-31T19:45:50+00:00
WP_013113563.1,live,,2026-08-31T19:45:50+00:00
WP_013113641.1,live,,2026-08-31T19:45:50+00:00
WP_013113642.1,live,,2026-08-31T19:45:50+00:00
WP_013113731.1,live,,2026-08-31T19:45:50+00:00
WP_013114520.1,live,,2026-08-31T19:45:50+00:00
WP_013114907.1,live,,2026-08-31T19:45:50+00:00
WP_013119937.1,live,,2026-08-31T19:45:50+00:00
WP_013215754.1,live,,2026-08-31T19:45:50+00:00
WP_013216086.1,live,,2026-08-31T19:45:50+00:00
WP_013217012.1,live,,2026-08-31T19:45:50+00:00
WP_013217027.1,live,,2026-08-31T19:45:50+00:00
WP_013217039.1,live,,2026-08-31T19:45:50+00:00
WP_013217052.1,live,,2026-08-31T19:45:50+00:00
WP_013256959.1,live,,2026-08-31T19:45:50+00:00
WP_013257204.1,live,,2026-08-31T19:45:50+00:00
WP_013257339.1,live,,2026-08-31T19:45:50+00:00
WP_013257730.1,live,,2026-08-31T19:45:50+00:00
WP_013257732.1,live,,2026-08-31T19:45:50+00:00
WP_013257925.1,live,,2026-08-31T19:45:50+00:00
WP_013258034.1,live,,2026-08-31T19:45:50+00:00
WP_013258239.1,live,,2026-08-31T19:45:50+00:00
WP_013258786.1,live,,2026-08-31T19:45:50+00:00
WP_013258820.1,live,,2026-08-31T19:45:50+00:00
WP_013259128.1,live,,2026-08-31T19:45:50+00:00
WP_013259129.1,live,,2026-08-31T19:45:50+00:00
WP_013259142.1,live,,2026-08-31T19:45:50+00:00
WP_013259151.1,live,,2026-08-31T19:45:50+00:00
WP_013259833.1,live,,2026-08-31T19:45:50+00:00
WP_013292599.1,live,,2026-08-31T19:45:50+00:00
WP_013293001.1,live,,2026-08-31T19:45:50+00:00
WP_013293043.1,live,,2026-08-31T19:45:50+00:00
WP_013293044.1,live,,2026-08-31T19:45:50+00:00
WP_013450166.1,live,,2026-08-31T19:45:50+00:00
WP_013450912.1,live,,2026-08-31T19:45:50+00:00
WP_013451315.1,live,,2026-08-31T19:45:50+00:00
WP_013451364.1,live,,2026-08-31T19:45:50+00:00
WP_013451660.1,live,,2026-08-31T19:45:50+00:00
WP_013451749.1,live,,2026-08-31T19:45:50+00:00
WP_013451897.1,live,,2026-08-31T19:45:50+00:00
WP_013494840.1,live,,2026-08-31T19:45:50+00:00
WP_013494994.1,live,,2026-08-31T19:45:50+00:00
WP_013495399.1,live,,2026-08-31T19:45:50+00:00
WP_013495407.1,live,,2026-08-31T19:45:50+00:00
WP_013496492.1,live,,2026-08-31T19:45:50+00:00
WP_013505362.1,live,,2026-08-31T19:45:50+00:00
WP_013505620.1,live,,2026-08-31T19:45:50+00:00
WP_013505993.1,live,,2026-08-31T19:45:50+00:00
WP_013506973.1,live,,2026-08-31T19:45:50+00:00
WP_013507011.1,live,,2026-08-31T19:45:50+00:00
WP_013626566.1,live,,2026-08-31T19:45:50+00:00
WP_013626732.1,live,,2026-08-31T19:45:50+00:00
WP_013626806.1,live,,2026-08-31T19:45:50+00:00
WP_013626986.1,live,,2026-08-31T19:45:50+00:00
WP_013627302.1,live,,2026-08-31T19:45:50+00:00
WP_013627380.1,live,,2026-08-31T19:45:50+00:00
WP_013627448.1,live,,2026-08-31T19:45:50+00:00
WP_013627450.1,live,,2026-08-31T19:45:50+00:00
WP_013627539.1,live,,2026-08-31T19:45:50+00:00
WP_013627670.1,live,,2026-08-31T19:45:50+00:00
WP_013627724.1,live,,2026-08-31T19:45:50+00:00
WP_013627871.1,live,,2026-08-31T19:45:50+00:00
WP_013628684.1,live,,2026-08-31T19:45:50+00:00
WP_013628778.1,live,,2026-08-31T19:45:50+00:00
WP_013628787.1,live,,2026-08-31T19:45:50+00:00
WP_013629082.1,live,,2026-08-31T19:45:50+00:00
WP_013629908.1,live,,2026-08-31T19:45:50+00:00
WP_013629990.1,live,,2026-08-31T19:45:50+00:00
WP_013630858.1,live,,2026-08-31T19:45:50+00:00
WP_013638037.1,live,,2026-08-31T19:45:50+00:00
WP_013638182.1,live,,2026-08-31T19:45:50+00:00
WP_013638535.1,live,,2026-08-31T19:45:50+00:00
WP_013638616.1,live,,2026-08-31T19:45:50+00:00
WP_013638617.1,live,,2026-08-31T19:45:50+00:00
WP_013638832.1,live,,2026-08-31T19:45:50+00:00
WP_013638883.1,live,,2026-08-31T19:45:50+00:00
WP_013681334.1,live,,2026-08-31T19:45:50+00:00
WP_013681636.1,live,,2026-08-31T19:45:50+00:00
WP_013681882.1,live,,2026-08-31T19:45:50+00:00
WP_013681959.1,live,,2026-08-31T19:45:50+00:00
WP_013682200.1,live,,2026-08-31T19:45:50+00:00
WP_013682483.1,live,,2026-08-31T19:45:50+00:00
WP_013682484.1,live,,2026-08-31T19:45:50+00:00
WP_013740719.1,live,,2026-08-31T19:45:50+00:00
WP_013740936.1,live,,2026-08-31T19:45:50+00:00
WP_013755391.1,live,,2026-08-31T19:45:50+00:00
WP_013755396.1,live,,2026-08-31T19:45:50+00:00
WP_013755413.1,live,,2026-08-31T19:45:50+00:00
WP_013755438.1,live,,2026-08-31T19:45:50+00:00
WP_013755551.1,live,,2026-08-31T19:45:50+00:00
WP_013757028.1,live,,2026-08-31T19:45:50+00:00
WP_013780017.1,live,,2026-08-31T19:45:50+00:00
WP_013780483.1,live,,2026-08-31T19:45:50+00:00
WP_013780486.1,live,,2026-08-31T19:45:50+00:00
WP_013882500.1,live,,2026-08-31T19:45:50+00:00
WP_013882509.1,live,,2026-08-31T19:45:50+00:00
WP_013884118.1,live,,2026-08-31T19:45:50+00:00
WP_013950673.1,live,,2026-08-31T19:45:50+00:00
WP_013951503.1,suppressed,This protein record was suppressed because it is no longer annotated on any genome,2026-08-31T19:45:50+00:00
WP_013951543.1,live,,2026-08-31T19:45:50+00:00
WP_013951593.1,live,,2026-08-31T19:45:50+00:00
WP_013951596.1,live,,2026-08-31T19:45:50+00:00
WP_014092128.1,live,,2026-08-31T19:45:50+00:00
WP_014092148.1,live,,2026-08-31T19:45:50+00:00
WP_014092153.1,live,,2026-08-31T19:45:50+00:00
WP_014295542.1,live,,2026-08-31T19:45:50+00:00
WP_014295617.1,live,,2026-08-31T19:45:50+00:00
WP_014295667.1,live,,2026-08-31T19:45:50+00:00
WP_014296304.1,live,,2026-08-31T19:45:50+00:00
WP_014296476.1,live,,2026-08-31T19:45:50+00:00
WP_014296983.1,live,,2026-08-31T19:45:50+00:00
WP_014297065.1,suppressed,This protein record was suppressed because it is no longer annotated on any genome,2026-08-31T19:45:50+00:00
WP_014448478.1,live,,2026-08-31T19:45:50+00:00
WP_014448489.1,live,,2026-08-31T19:45:50+00:00
WP_014448490.1,live,,2026-08-31T19:45:50+00:00
WP_014450246.1,live,,2026-08-31T19:45:50+00:00
WP_014450247.1,live,,2026-08-31T19:45:50+00:00
WP_014450254.1,live,,2026-08-31T19:45:50+00:00
WP_014454269.1,live,,2026-08-31T19:45:50+00:00
WP_014454325.1,live,,2026-08-31T19:45:50+00:00
WP_014454533.1,live,,2026-08-31T19:45:50+00:00
WP_014454884.1,live,,2026-08-31T19:45:50+00:00
WP_014454899.1,live,,2026-08-31T19:45:50+00:00
WP_014455935.1,live,,2026-08-31T19:45:50+00:00
WP_014455983.1,live,,2026-08-31T19:45:50+00:00
WP_014456109.1,live,,2026-08-31T19:45:50+00:00
WP_014456228.1,live,,2026-08-31T19:45:50+00:00
WP_014456724.1,live,,2026-08-31T19:45:50+00:00
WP_014456785.1,live,,2026-08-31T19:45:50+00:00
WP_014492546.1,live,,2026-08-31T19:45:50+00:00
WP_014492657.1,live,,2026-08-31T19:45:50+00:00
WP_014492664.1,live,,2026-08-31T19:45:50+00:00
WP_014492672.1,live,,2026-08-31T19:45:50+00:00
WP_014492676.1,live,,2026-08-31T19:45:50+00:00
WP_014493993.1,live,,2026-08-31T19:45:50+00:00
WP_014494023.1,live,,2026-08-31T19:45:50+00:00
WP_014494527.1,live,,2026-08-31T19:45:50+00:00
WP_014495487.1,live,,2026-08-31T19:45:50+00:00
WP_014497939.1,live,,2026-08-31T19:45:50+00:00
WP_014497940.1,live,,2026-08-31T19:45:50+00:00
WP_014499237.1,live,,2026-08-31T19:45:50+00:00
WP_014499239.1,live,,2026-08-31T19:45:50+00:00
WP_014499242.1,live,,2026-08-31T19:45:50+00:00
WP_014499489.1,live,,2026-08-31T19:45:50+00:00
WP_014499548.1,live,,2026-08-31T19:45:50+00:00
WP_014552721.1,live,,2026-08-31T19:45:50+00:00
WP_014552745.1,live,,2026-08-31T19:45:50+00:00
WP_014552751.1,live,,2026-08-31T19:45:50+00:00
WP_014553437.1,live,,2026-08-31T19:45:50+00:00
WP_014553438.1,live,,2026-08-31T19:45:50+00:00
WP_014553996.1,live,,2026-08-31T19:45:50+00:00
WP_014553997.1,live,,2026-08-31T19:45:50+00:00
WP_014553998.1,live,,2026-08-31T19:45:50+00:00
WP_014561356.1,live,,2026-08-31T19:45:50+00:00
WP_014561370.1,live,,2026-08-31T19:45:50+00:00
WP_014561383.1,live,,2026-08-31T19:45:50+00:00
WP_014561385.1,live,,2026-08-31T19:45:50+00:00
WP_014561404.1,live,,2026-08-31T19:45:50+00:00
WP_014561408.1,live,,2026-08-31T19:45:50+00:00
WP_014702855.1,live,,2026-08-31T19:45:50+00:00
WP_014703403.1,live,,2026-08-31T19:45:50+00:00
WP_014703474.1,live,,2026-08-31T19:45:50+00:00
WP_014703834.1,suppressed,This protein record was suppressed because it is no longer annotated on any genome,2026-08-31T19:45:50+00:00
WP_014703843.1,live,,2026-08-31T19:45:50+00:00
WP_014703846.1,live,,2026-08-31T19:45:50+00:00
WP_015447790.1,live,,2026-08-31T19:45:50+00:00
WP_015447841.1,live,,2026-08-31T19:45:50+00:00
WP_015448490.1,live,,2026-08-31T19:45:50+00:00
WP_015448503.1,live,,2026-08-31T19:45:50+00:00
WP_015448506.1,live,,2026-08-31T19:45:50+00:00
WP_015466939.1,live,,2026-08-31T19:45:50+00:00
WP_015467048.1,live,,2026-08-31T19:45:50+00:00
WP_015467053.1,suppressed,This protein record was suppressed because it is no longer annotated on any genome,2026-08-31T19:45:50+00:00
WP_015467958.1,live,,2026-08-31T19:45:50+00:00
WP_015467961.1,live,,2026-08-31T19:45:50+00:00
WP_015467984.1,live,,2026-08-31T19:45:50+00:00
WP_015468090.1,live,,2026-08-31T19:45:50+00:00
WP_015468595.1,live,,2026-08-31T19:45:50+00:00
WP_015772874.1,live,,2026-08-31T19:45:50+00:00
WP_015772915.1,live,,2026-08-31T19:45:50+00:00
WP_015773063.1,live,,2026-08-31T19:45:50+00:00
WP_015773331.1,live,,2026-08-31T19:45:50+00:00
WP_015773447.1,live,,2026-08-31T19:45:50+00:00
WP_015773573.1,live,,2026-08-31T19:45:50+00:00
WP_015774407.1,live,,2026-08-31T19:45:50+00:00
WP_015774541.1,live,,2026-08-31T19:45:50+00:00
WP_015775390.1,live,,2026-08-31T19:45:50+00:00
WP_015775461.1,live,,2026-08-31T19:45:50+00:00
WP_015775512.1,live,,2026-08-31T19:45:50+00:00
WP_015775558.1,live,,2026-08-31T19:45:50+00:00
WP_015775560.1,live,,2026-08-31T19:45:50+00:00
WP_015775623.1,live,,2026-08-31T19:45:50+00:00
WP_015898858.1,live,,2026-08-31T19:45:50+00:00
WP_015902079.1,live,,2026-08-31T19:45:50+00:00
WP_015907099.1,live,,2026-08-31T19:45:50+00:00
WP_015907495.1,live,,2026-08-31T19:45:50+00:00
WP_015907496.1,live,,2026-08-31T19:45:50+00:00
WP_015907645.1,live,,2026-08-31T19:45:50+00:00
WP_015908059.1,live,,2026-08-31T19:45:50+00:00
WP_015908078.1,suppressed,This protein record was suppressed because it is no longer annotated on any genome,2026-08-31T19:45:50+00:00
WP_015923708.1,live,,2026-08-31T19:45:50+00:00
WP_015923709.1,live,,2026-08-31T19:45:50+00:00
WP_016209413.1,live,,2026-08-31T19:45:50+00:00
WP_016210772.1,live,,2026-08-31T19:45:50+00:00
WP_016210868.1,live,,2026-08-31T19:45:50+00:00
WP_016482143.1,live,,2026-08-31T19:45:50+00:00
WP_016482513.1,live,,2026-08-31T19:45:50+00:00
WP_016482591.1,live,,2026-08-31T19:45:50+00:00
WP_016483466.1,live,,2026-08-31T19:45:50+00:00
WP_016483467.1,live,,2026-08-31T19:45:50+00:00
WP_016483750.1,live,,2026-08-31T19:45:50+00:00
WP_016524915.1,live,,2026-08-31T19:45:50+00:00
WP_016525103.1,live,,2026-08-31T19:45:50+00:00
WP_016525245.1,live,,2026-08-31T19:45:50+00:00
WP_016525256.1,live,,2026-08-31T19:45:50+00:00
WP_016526113.1,live,,2026-08-31T19:45:50+00:00
WP_016526159.1,live,,2026-08-31T19:45:50+00:00
WP_018095068.1,live,,2026-08-31T19:45:50+00:00
WP_018095104.1,live,,2026-08-31T19:45:50+00:00
WP_018097840.1,live,,2026-08-31T19:45:50+00:00
WP_018098243.1,live,,2026-08-31T19:45:50+00:00
WP_018507463.1,live,,2026-08-31T19:45:50+00:00
WP_018507607.1,live,,2026-08-31T19:45:50+00:00
WP_018508352.1,live,,2026-08-31T19:45:50+00:00
WP_018509509.1,live,,2026-08-31T19:45:50+00:00
WP_018863097.1,live,,2026-08-31T19:45:50+00:00
WP_018864342.1,live,,2026-08-31T19:45:50+00:00
WP_018864343.1,live,,2026-08-31T19:45:50+00:00
WP_018864356.1,suppressed,This protein record was suppressed because it is no longer annotated on any genome,2026-08-31T19:45:50+00:00
WP_018864765.1,live,,2026-08-31T19:45:50+00:00
WP_018865275.1,live,,2026-08-31T19:45:50+00:00
WP_018985019.1,live,,2026-08-31T19:45:50+00:00
WP_018985020.1,live,,2026-08-31T19:45:50+00:00
WP_018985030.1,live,,2026-08-31T19:45:50+00:00
WP_018985213.1,live,,2026-08-31T19:45:50+00:00
WP_018985215.1,live,,2026-08-31T19:45:50+00:00
WP_018985742.1,live,,2026-08-31T19:45:50+00:00
WP_019101794.1,live,,2026-08-31T19:45:50+00:00
WP_019103813.1,live,,2026-08-31T19:45:50+00:00
WP_019104573.1,live,,2026-08-31T19:45:50+00:00
WP_019371912.1,live,,2026-08-31T19:45:50+00:00
WP_019623436.1,live,,2026-08-31T19:45:50+00:00
WP_019623462.1,suppressed,This protein record was suppressed because it is no longer annotated on any genome,2026-08-31T19:45:50+00:00
WP_019623469.1,live,,2026-08-31T19:45:50+00:00
WP_019624274.1,live,,2026-08-31T19:45:50+00:00
WP_019624330.1,live,,2026-08-31T19:45:50+00:00
WP_019624357.1,live,,2026-08-31T19:45:50+00:00
WP_019652978.1,live,,2026-08-31T19:45:50+00:00
WP_019655993.1,live,,2026-08-31T19:45:50+00:00
WP_019657903.1,live,,2026-08-31T19:45:50+00:00
WP_019878651.1,live,,2026-08-31T19:45:50+00:00
WP_019879335.1,live,,2026-08-31T19:45:50+00:00
WP_019880538.1,live,,2026-08-31T19:45:50+00:00
WP_020591863.1,live,,2026-08-31T19:45:50+00:00
WP_020592002.1,live,,2026-08-31T19:45:50+00:00
WP_020592157.1,live,,2026-08-31T19:45:50+00:00
WP_020592172.1,live,,2026-08-31T19:45:50+00:00
WP_020592197.1,suppressed,This protein record was suppressed because it is no longer annotated on any genome,2026-08-31T19:45:50+00:00
WP_020592215.1,live,,2026-08-31T19:45:50+00:00
WP_020593312.1,live,,2026-08-31T19:45:50+00:00
WP_020593548.1,live,,2026-08-31T19:45:50+00:00
WP_020593644.1,live,,2026-08-31T19:45:50+00:00
WP_020593870.1,live,,2026-08-31T19:45:50+00:00
WP_020594181.1,live,,2026-08-31T19:45:50+00:00
WP_020594182.1,live,,2026-08-31T19:45:50+00:00
WP_020594210.1,live,,2026-08-31T19:45:50+00:00
WP_020594211.1,live,,2026-08-31T19:45:50+00:00
WP_020594452.1,live,,2026-08-31T19:45:50+00:00
WP_020811270.1,live,,2026-08-31T19:45:50+00:00
WP_021232326.1,live,,2026-08-31T19:45:50+00:00
WP_021233021.1,live,,2026-08-31T19:45:50+00:00
WP_021233029.1,live,,2026-08-31T19:45:50+00:00
WP_021233038.1,live,,2026-08-31T19:45:50+00:00
WP_021233065.1,live,,2026-08-31T19:45:50+00:00
WP_021233248.1,live,,2026-08-31T19:45:50+00:00
WP_021233260.1,live,,2026-08-31T19:45:50+00:00
WP_022543713.1,suppressed,This protein record was suppressed because it is no longer annotated on any genome,2026-08-31T19:45:50+00:00
WP_022635737.1,live,,2026-08-31T19:45:50+00:00
WP_022635745.1,live,,2026-08-31T19:45:50+00:00
WP_022636409.1,live,,2026-08-31T19:45:50+00:00
WP_022636452.1,live,,2026-08-31T19:45:50+00:00
WP_022636663.1,live,,2026-08-31T19:45:50+00:00
WP_022637142.1,live,,2026-08-31T19:45:50+00:00
WP_022853531.1,live,,2026-08-31T19:45:50+00:00
WP_022853930.1,live,,2026-08-31T19:45:50+00:00
WP_022853945.1,live,,2026-08-31T19:45:50+00:00
WP_022853969.1,live,,2026-08-31T19:45:50+00:00
WP_022854046.1,live,,2026-08-31T19:45:50+00:00
WP_022854220.1,live,,2026-08-31T19:45:50+00:00
WP_022854467.1,live,,2026-08-31T19:45:50+00:00
WP_023088396.1,live,,2026-08-31T19:45:50+00:00
WP_023266137.1,live,,2026-08-31T19:45:50+00:00
WP_023267125.1,live,,2026-08-31T19:45:50+00:00
WP_023267152.1,live,,2026-08-31T19:45:50+00:00
WP_023267153.1,live,,2026-08-31T19:45:50+00:00
WP_023267154.1,live,,2026-08-31T19:45:50+00:00
WP_024078353.1,live,,2026-08-31T19:45:50+00:00
WP_024079409.1,live,,2026-08-31T19:45:50+00:00
WP_024080340.1,live,,2026-08-31T19:45:50+00:00
WP_024081142.1,live,,2026-08-31T19:45:50+00:00
WP_024081255.1,live,,2026-08-31T19:45:50+00:00
WP_025345373.1,live,,2026-08-31T19:45:50+00:00
WP_026240816.1,live,,2026-08-31T19:45:50+00:00
WP_026240817.1,suppressed,This protein record was suppressed because it is no longer annotated on any genome,2026-08-31T19:45:50+00:00
WP_026240828.1,live,,2026-08-31T19:45:50+00:00
WP_026240990.1,live,,2026-08-31T19:45:50+00:00
WP_026261432.1,suppressed,This protein record was suppressed because it is no longer annotated on any genome,2026-08-31T19:45:50+00:00
WP_026340408.1,live,,2026-08-31T19:45:50+00:00
WP_026346628.1,live,,2026-08-31T19:45:50+00:00
WP_026353192.1,live,,2026-08-31T19:45:50+00:00
WP_026893613.1,live,,2026-08-31T19:45:50+00:00
WP_026893850.1,live,,2026-08-31T19:45:50+00:00
WP_026893866.1,live,,2026-08-31T19:45:50+00:00
WP_026893867.1,live,,2026-08-31T19:45:50+00:00
WP_026939289.1,live,,2026-08-31T19:45:50+00:00
WP_027352939.1,live,,2026-08-31T19:45:50+00:00
WP_027353379.1,live,,2026-08-31T19:45:50+00:00
WP_027353859.1,live,,2026-08-31T19:45:50+00:00
WP_027353866.1,live,,2026-08-31T19:45:50+00:00
WP_027354340.1,live,,2026-08-31T19:45:50+00:00
WP_027399717.1,live,,2026-08-31T19:45:50+00:00
WP_027400153.1,live,,2026-08-31T19:45:50+00:00
WP_027400164.1,live,,2026-08-31T19:45:50+00:00
WP_027400165.1,suppressed,This protein record was suppressed because it is no longer annotated on any genome,2026-08-31T19:45:50+00:00
WP_027490656.1,suppressed,This protein record was suppressed because it is no longer annotated on any genome,2026-08-31T19:45:50+00:00
WP_027534981.1,live,,2026-08-31T19:45:50+00:00
WP_027627399.1,live,,2026-08-31T19:45:50+00:00
WP_027627914.1,live,,2026-08-31T19:45:50+00:00
WP_028006898.1,live,,2026-08-31T19:45:50+00:00
WP_028006899.1,live,,2026-08-31T19:45:50+00:00
WP_028006908.1,live,,2026-08-31T19:45:50+00:00
WP_028006977.1,live,,2026-08-31T19:45:50+00:00
WP_028007564.1,live,,2026-08-31T19:45:50+00:00
WP_028154094.1,live,,2026-08-31T19:45:50+00:00
WP_028169910.1,live,,2026-08-31T19:45:50+00:00
WP_028170619.1,live,,2026-08-31T19:45:50+00:00
WP_028292577.1,live,,2026-08-31T19:45:50+00:00
WP_028293087.1,live,,2026-08-31T19:45:50+00:00
WP_028293088.1,live,,2026-08-31T19:45:50+00:00
WP_028293089.1,live,,2026-08-31T19:45:50+00:00
WP_028293682.1,live,,2026-08-31T19:45:50+00:00
WP_028293857.1,live,,2026-08-31T19:45:50+00:00
WP_028294529.1,live,,2026-08-31T19:45:50+00:00
WP_028294795.1,live,,2026-08-31T19:45:50+00:00
WP_028294960.1,live,,2026-08-31T19:45:50+00:00
WP_028451350.1,live,,2026-08-31T19:45:50+00:00
WP_028451351.1,live,,2026-08-31T19:45:50+00:00
WP_028453006.1,live,,2026-08-31T19:45:50+00:00
WP_028453300.1,live,,2026-08-31T19:45:50+00:00
WP_028453349.1,live,,2026-08-31T19:45:50+00:00
WP_028497876.1,live,,2026-08-31T19:45:50+00:00
WP_028497925.1,live,,2026-08-31T19:45:50+00:00
WP_028497926.1,live,,2026-08-31T19:45:50+00:00
WP_028498229.1,live,,2026-08-31T19:45:50+00:00
WP_028499083.1,live,,2026-08-31T19:45:50+00:00
WP_028499093.1,live,,2026-08-31T19:45:50+00:00
WP_028500181.1,live,,2026-08-31T19:45:50+00:00
WP_028795016.1,suppressed,This protein record was suppressed because it is no longer annotated on any genome,2026-08-31T19:45:50+00:00
WP_028843346.1,suppressed,This protein record was suppressed because it is no longer annotated on any genome,2026-08-31T19:45:50+00:00
WP_028843502.1,live,,2026-08-31T19:45:50+00:00
WP_028843732.1,live,,2026-08-31T19:45:50+00:00
WP_028893492.1,live,,2026-08-31T19:45:50+00:00
WP_028894437.1,live,,2026-08-31T19:45:50+00:00
WP_028894910.1,live,,2026-08-31T19:45:50+00:00
WP_028894934.1,suppressed,This protein record was suppressed because it is no longer annotated on any genome,2026-08-31T19:45:50+00:00
WP_028894941.1,live,,2026-08-31T19:45:50+00:00
WP_028894945.1,live,,2026-08-31T19:45:50+00:00
WP_028894984.1,live,,2026-08-31T19:45:50+00:00
WP_028988985.1,live,,2026-08-31T19:45:50+00:00
WP_028990754.1,live,,2026-08-31T19:45:50+00:00
WP_028990757.1,live,,2026-08-31T19:45:50+00:00
WP_028990771.1,live,,2026-08-31T19:45:50+00:00
WP_028990772.1,suppressed,This protein record was suppressed because it is no longer annotated on any genome,2026-08-31T19:45:50+00:00
WP_028990775.1,suppressed,This protein record was suppressed because it is no longer annotated on any genome,2026-08-31T19:45:50+00:00
WP_028990786.1,live,,2026-08-31T19:45:50+00:00
WP_028990787.1,live,,2026-08-31T19:45:50+00:00
WP_029040377.1,suppressed,This protein record was suppressed because it is no longer annotated on any genome,2026-08-31T19:45:50+00:00
WP_029040882.1,live,,2026-08-31T19:45:50+00:00
WP_029042388.1,live,,2026-08-31T19:45:50+00:00
WP_030482627.1,live,,2026-08-31T19:45:50+00:00
WP_030482631.1,live,,2026-08-31T19:45:50+00:00
WP_031341609.1,live,,2026-08-31T19:45:50+00:00
WP_031341616.1,suppressed,This protein record was suppressed because it is no longer annotated on any genome,2026-08-31T19:45:50+00:00
WP_031341717.1,suppressed,This protein record was suppressed because it is no longer annotated on any genome,2026-08-31T19:45:50+00:00
WP_031341732.1,live,,2026-08-31T19:45:50+00:00
WP_031472389.1,live,,2026-08-31T19:45:50+00:00
WP_031472411.1,live,,2026-08-31T19:45:50+00:00
WP_031472423.1,live,,2026-08-31T19:45:50+00:00
WP_031472441.1,live,,2026-08-31T19:45:50+00:00
WP_031475619.1,live,,2026-08-31T19:45:50+00:00
WP_031497382.1,live,,2026-08-31T19:45:50+00:00
WP_031497915.1,live,,2026-08-31T19:45:50+00:00
WP_031497916.1,live,,2026-08-31T19:45:50+00:00
WP_031497919.1,live,,2026-08-31T19:45:50+00:00
WP_031497920.1,live,,2026-08-31T19:45:50+00:00
WP_031497931.1,live,,2026-08-31T19:45:50+00:00
WP_031500836.1,live,,2026-08-31T19:45:50+00:00
WP_032126499.1,live,,2026-08-31T19:45:50+00:00
WP_032820732.1,live,,2026-08-31T19:45:50+00:00
WP_033047239.1,live,,2026-08-31T19:45:50+00:00
WP_033135477.1,live,,2026-08-31T19:45:50+00:00
WP_033135903.1,live,,2026-08-31T19:45:50+00:00
WP_033135906.1,live,,2026-08-31T19:45:50+00:00
WP_033137842.1,live,,2026-08-31T19:45:50+00:00
WP_033137843.1,live,,2026-08-31T19:45:50+00:00
WP_033137844.1,live,,2026-08-31T19:45:50+00:00
WP_033137845.1,live,,2026-08-31T19:45:50+00:00
WP_033137846.1,live,,2026-08-31T19:45:50+00:00
WP_033137847.1,live,,2026-08-31T19:45:50+00:00
WP_033137851.1,live,,2026-08-31T19:45:50+00:00
WP_033138146.1,suppressed,This protein record was suppressed because it is no longer annotated on any genome,2026-08-31T19:45:50+00:00
WP_033138171.1,live,,2026-08-31T19:45:50+00:00
WP_033138263.1,live,,2026-08-31T19:45:50+00:00
WP_033138599.1,live,,2026-08-31T19:45:50+00:00
WP_033138620.1,live,,2026-08-31T19:45:50+00:00
WP_033138953.1,live,,2026-08-31T19:45:50+00:00
WP_033297149.1,live,,2026-08-31T19:45:50+00:00
WP_034600888.1,live,,2026-08-31T19:45:50+00:00
WP_034639316.1,live,,2026-08-31T19:45:50+00:00
WP_035266488.1,live,,2026-08-31T19:45:50+00:00
WP_035848353.1,live,,2026-08-31T19:45:50+00:00
WP_035850125.1,live,,2026-08-31T19:45:50+00:00
WP_035850127.1,live,,2026-08-31T19:45:50+00:00
WP_035850138.1,live,,2026-08-31T19:45:50+00:00
WP_035856347.1,live,,2026-08-31T19:45:50+00:00
WP_035871824.1,suppressed,This protein record was suppressed because it is no longer annotated on any genome,2026-08-31T19:45:50+00:00
WP_036206442.1,live,,2026-08-31T19:45:50+00:00
WP_036207454.1,live,,2026-08-31T19:45:50+00:00
WP_036207748.1,live,,2026-08-31T19:45:50+00:00
WP_036209112.1,live,,2026-08-31T19:45:50+00:00
WP_036213145.1,live,,2026-08-31T19:45:50+00:00
WP_036221191.1,live,,2026-08-31T19:45:50+00:00
WP_036221587.1,live,,2026-08-31T19:45:50+00:00
WP_036222827.1,live,,2026-08-31T19:45:50+00:00
WP_036223810.1,live,,2026-08-31T19:45:50+00:00
WP_036224722.1,live,,2026-08-31T19:45:50+00:00
WP_038015123.1,live,,2026-08-31T19:45:50+00:00
WP_038020179.1,suppressed,This protein record was suppressed because it is no longer annotated on any genome,2026-08-31T19:45:50+00:00
WP_038020356.1,suppressed,This protein record was suppressed because it is no longer annotated on any genome,2026-08-31T19:45:50+00:00
WP_038037629.1,live,,2026-08-31T19:45:50+00:00
WP_038037632.1,live,,2026-08-31T19:45:50+00:00
WP_038039982.1,live,,2026-08-31T19:45:50+00:00
WP_038070577.1,live,,2026-08-31T19:45:50+00:00
WP_039913575.1,live,,2026-08-31T19:45:50+00:00
WP_039913577.1,live,,2026-08-31T19:45:50+00:00
WP_039913691.1,live,,2026-08-31T19:45:50+00:00
WP_039913693.1,live,,2026-08-31T19:45:50+00:00
WP_039913853.1,live,,2026-08-31T19:45:50+00:00
WP_039913868.1,live,,2026-08-31T19:45:50+00:00
WP_039914556.1,suppressed,This protein record was suppressed because it is no longer annotated on any genome,2026-08-31T19:45:50+00:00
WP_039914666.1,live,,2026-08-31T19:45:50+00:00
WP_039914670.1,live,,2026-08-31T19:45:50+00:00
WP_039914715.1,live,,2026-08-31T19:45:50+00:00
WP_039914720.1,live,,2026-08-31T19:45:50+00:00
WP_039914724.1,live,,2026-08-31T19:45:50+00:00
WP_039914728.1,live,,2026-08-31T19:45:50+00:00
WP_039915233.1,live,,2026-08-31T19:45:50+00:00
WP_039916367.1,live,,2026-08-31T19:45:50+00:00
WP_039916561.1,live,,2026-08-31T19:45:50+00:00
WP_039916563.1,live,,2026-08-31T19:45:50+00:00
WP_039917186.1,live,,2026-08-31T19:45:50+00:00
WP_039917649.1,live,,2026-08-31T19:45:50+00:00
WP_039977896.1,live,,2026-08-31T19:45:50+00:00
WP_040439023.1,live,,2026-08-31T19:45:50+00:00
WP_040440541.1,live,,2026-08-31T19:45:50+00:00
WP_040441028.1,live,,2026-08-31T19:45:50+00:00
WP_040563976.1,suppressed,This protein record was suppressed because it is no longer annotated on any genome,2026-08-31T19:45:50+00:00
WP_040564106.1,suppressed,This protein record was suppressed because it is no longer annotated on any genome,2026-08-31T19:45:50+00:00
WP_040825136.1,live,,2026-08-31T19:45:50+00:00
WP_040825137.1,live,,2026-08-31T19:45:50+00:00
WP_040846636.1,suppressed,This protein record was suppressed because it is no longer annotated on any genome,2026-08-31T19:45:50+00:00
WP_041185367.1,suppressed,This protein record was suppressed because it is no longer annotated on any genome,2026-08-31T19:45:50+00:00
WP_041265156.1,live,,2026-08-31T19:45:50+00:00
WP_041292035.1,live,,2026-08-31T19:45:50+00:00
WP_041292567.1,live,,2026-08-31T19:45:50+00:00
WP_041324019.1,suppressed,This protein record was suppressed because it is no longer annotated on any genome,2026-08-31T19:45:50+00:00
WP_041366602.1,live,,2026-08-31T19:45:50+00:00
WP_041366979.1,live,,2026-08-31T19:45:50+00:00
WP_041398149.1,live,,2026-08-31T19:45:50+00:00
WP_041437871.1,live,,2026-08-31T19:45:50+00:00
WP_041438039.1,suppressed,This protein record was suppressed because it is no longer annotated on any genome,2026-08-31T19:45:50+00:00
WP_041453380.1,suppressed,This protein record was suppressed because it is no longer annotated on any genome,2026-08-31T19:45:50+00:00
WP_041453381.1,live,,2026-08-31T19:45:50+00:00
WP_041491499.1,live,,2026-08-31T19:45:50+00:00
WP_041491671.1,live,,2026-08-31T19:45:50+00:00
WP_041606024.1,live,,2026-08-31T19:45:50+00:00
WP_041638510.1,live,,2026-08-31T19:45:50+00:00
WP_041639029.1,live,,2026-08-31T19:45:50+00:00
WP_041717966.1,live,,2026-08-31T19:45:50+00:00
WP_041727389.1,live,,2026-08-31T19:45:50+00:00
WP_041737392.1,live,,2026-08-31T19:45:50+00:00
WP_041770260.1,live,,2026-08-31T19:45:50+00:00
WP_041774388.1,suppressed,This record was suppressed. Please contact info@ncbi.nlm.nih.gov for further details.,2026-08-31T19:45:50+00:00
WP_041774390.1,live,,2026-08-31T19:45:50+00:00
WP_041822465.1,live,,2026-08-31T19:45:50+00:00
WP_041822467.1,live,,2026-08-31T19:45:50+00:00
WP_041855758.1,suppressed,This protein record was suppressed because it is no longer annotated on any genome,2026-08-31T19:45:50+00:00
WP_041974977.1,live,,2026-08-31T19:45:50+00:00
WP_042250318.1,live,,2026-08-31T19:45:50+00:00
WP_042251227.1,live,,2026-08-31T19:45:50+00:00
WP_042251229.1,live,,2026-08-31T19:45:50+00:00
WP_042500798.1,live,,2026-08-31T19:45:50+00:00
WP_042501438.1,suppressed,This protein record was suppressed because it is no longer annotated on any genome,2026-08-31T19:45:50+00:00
WP_042501442.1,suppressed,This protein record was suppressed because it is no longer annotated on any genome,2026-08-31T19:45:50+00:00
WP_043485788.1,live,,2026-08-31T19:45:50+00:00
WP_043589687.1,live,,2026-08-31T19:45:50+00:00
WP_043589695.1,live,,2026-08-31T19:45:50+00:00
WP_043714295.1,suppressed,This protein record was suppressed because it is no longer annotated on any genome,2026-08-31T19:45:50+00:00
WP_043813852.1,live,,2026-08-31T19:45:50+00:00
WP_043949361.1,live,,2026-08-31T19:45:50+00:00
WP_043949448.1,live,,2026-08-31T19:45:50+00:00
WP_043950891.1,live,,2026-08-31T19:45:50+00:00
WP_043990755.1,live,,2026-08-31T19:45:50+00:00
WP_044005629.1,suppressed,This protein record was suppressed because it is no longer annotated on any genome,2026-08-31T19:45:50+00:00
WP_044281215.1,live,,2026-08-31T19:45:50+00:00
WP_044948976.1,live,,2026-08-31T19:45:50+00:00
WP_048601147.1,live,,2026-08-31T19:45:50+00:00
WP_048601325.1,live,,2026-08-31T19:45:50+00:00
WP_048671554.1,live,,2026-08-31T19:45:50+00:00
WP_048672845.1,live,,2026-08-31T19:45:50+00:00
WP_048672974.1,suppressed,This protein record was suppressed because it is no longer annotated on any genome,2026-08-31T19:45:50+00:00
WP_048673046.1,live,,2026-08-31T19:45:50+00:00
WP_048673078.1,live,,2026-08-31T19:45:50+00:00
WP_048673516.1,live,,2026-08-31T19:45:50+00:00
WP_048674116.1,live,,2026-08-31T19:45:50+00:00
WP_048674146.1,live,,2026-08-31T19:45:50+00:00
WP_048674149.1,live,,2026-08-31T19:45:50+00:00
WP_048674151.1,live,,2026-08-31T19:45:50+00:00
WP_048674153.1,live,,2026-08-31T19:45:50+00:00
WP_048674154.1,live,,2026-08-31T19:45:50+00:00
WP_048674159.1,live,,2026-08-31T19:45:50+00:00
WP_048674161.1,live,,2026-08-31T19:45:50+00:00
WP_048674266.1,live,,2026-08-31T19:45:50+00:00
WP_048676005.1,live,,2026-08-31T19:45:50+00:00
WP_050739397.1,live,,2026-08-31T19:45:50+00:00
WP_050739404.1,live,,2026-08-31T19:45:50+00:00
WP_050739420.1,live,,2026-08-31T19:45:50+00:00
WP_050740040.1,live,,2026-08-31T19:45:50+00:00
WP_050740823.1,live,,2026-08-31T19:45:50+00:00
WP_050742222.1,live,,2026-08-31T19:45:50+00:00
WP_050742297.1,live,,2026-08-31T19:45:50+00:00
WP_050802092.1,live,,2026-08-31T19:45:50+00:00
WP_050807015.1,live,,2026-08-31T19:45:50+00:00
WP_051066612.1,suppressed,This protein record was suppressed because it is no longer annotated on any genome,2026-08-31T19:45:50+00:00
WP_051082157.1,live,,2026-08-31T19:45:50+00:00
WP_051084584.1,suppressed,This protein record was suppressed because it is no longer annotated on any genome,2026-08-31T19:45:50+00:00
WP_051181753.1,live,,2026-08-31T19:45:50+00:00
WP_051219571.1,live,,2026-08-31T19:45:50+00:00
WP_051278818.1,live,,2026-08-31T19:45:50+00:00
WP_051279210.1,live,,2026-08-31T19:45:50+00:00
WP_051280734.1,live,,2026-08-31T19:45:50+00:00
WP_051280833.1,live,,2026-08-31T19:45:50+00:00
WP_051332394.1,live,,2026-08-31T19:45:50+00:00
WP_051332396.1,suppressed,This protein record was suppressed because it is no longer annotated on any genome,2026-08-31T19:45:50+00:00
WP_051374566.1,live,,2026-08-31T19:45:50+00:00
WP_051374743.1,live,,2026-08-31T19:45:50+00:00
WP_051409364.1,live,,2026-08-31T19:45:50+00:00
WP_051528663.1,live,,2026-08-31T19:45:50+00:00
WP_051643003.1,live,,2026-08-31T19:45:50+00:00
WP_051643008.1,live,,2026-08-31T19:45:50+00:00
WP_051706026.1,live,,2026-08-31T19:45:50+00:00
WP_051706040.1,live,,2026-08-31T19:45:50+00:00
WP_051914668.1,live,,2026-08-31T19:45:50+00:00
WP_051962553.1,live,,2026-08-31T19:45:50+00:00
WP_051962770.1,live,,2026-08-31T19:45:50+00:00
WP_051962888.1,live,,2026-08-31T19:45:50+00:00
WP_052018334.1,suppressed,This protein record was suppressed because it is no longer annotated on any genome,2026-08-31T19:45:50+00:00
WP_052216349.1,live,,2026-08-31T19:45:50+00:00
WP_052216563.1,live,,2026-08-31T19:45:50+00:00
WP_052218296.1,live,,2026-08-31T19:45:50+00:00
WP_052218300.1,live,,2026-08-31T19:45:50+00:00
WP_052219075.1,live,,2026-08-31T19:45:50+00:00
WP_052535627.1,suppressed,This protein record was suppressed because it is no longer annotated on any genome,2026-08-31T19:45:50+00:00
WP_052567677.1,live,,2026-08-31T19:45:50+00:00
WP_052567694.1,suppressed,This protein record was suppressed because it is no longer annotated on any genome,2026-08-31T19:45:50+00:00
WP_052588977.1,live,,2026-08-31T19:45:50+00:00
WP_053085305.1,live,,2026-08-31T19:45:50+00:00
WP_053085462.1,live,,2026-08-31T19:45:50+00:00
WP_053085463.1,live,,2026-08-31T19:45:50+00:00
WP_053094601.1,suppressed,This protein record was suppressed because it is no longer annotated on any genome,2026-08-31T19:45:50+00:00
WP_053094728.1,live,,2026-08-31T19:45:50+00:00
WP_053094877.1,live,,2026-08-31T19:45:50+00:00
WP_054029652.1,live,,2026-08-31T19:45:50+00:00
WP_054031154.1,live,,2026-08-31T19:45:50+00:00
WP_054031155.1,live,,2026-08-31T19:45:50+00:00
WP_054031333.1,live,,2026-08-31T19:45:50+00:00
WP_054031651.1,live,,2026-08-31T19:45:50+00:00
WP_054031749.1,live,,2026-08-31T19:45:50+00:00
WP_054032680.1,live,,2026-08-31T19:45:50+00:00
WP_054032828.1,live,,2026-08-31T19:45:50+00:00
WP_054033354.1,live,,2026-08-31T19:45:50+00:00
WP_054033432.1,live,,2026-08-31T19:45:50+00:00
WP_054135647.1,live,,2026-08-31T19:45:50+00:00
WP_054135652.1,live,,2026-08-31T19:45:50+00:00
WP_054135663.1,live,,2026-08-31T19:45:50+00:00
WP_054738614.1,live,,2026-08-31T19:45:50+00:00
WP_054738626.1,live,,2026-08-31T19:45:50+00:00
WP_054738628.1,live,,2026-08-31T19:45:50+00:00
WP_054738800.1,suppressed,This protein record was suppressed because it is no longer annotated on any genome,2026-08-31T19:45:50+00:00
WP_054739632.1,live,,2026-08-31T19:45:50+00:00
WP_054739820.1,live,,2026-08-31T19:45:50+00:00
WP_054740211.1,live,,2026-08-31T19:45:50+00:00
WP_054740515.1,live,,2026-08-31T19:45:50+00:00
WP_054740518.1,live,,2026-08-31T19:45:50+00:00
WP_054743070.1,live,,2026-08-31T19:45:50+00:00
WP_054743321.1,live,,2026-08-31T19:45:50+00:00
WP_056671633.1,live,,2026-08-31T19:45:50+00:00
WP_056671639.1,live,,2026-08-31T19:45:50+00:00
WP_056672825.1,live,,2026-08-31T19:45:50+00:00
WP_056672827.1,suppressed,This protein record was suppressed because it is no longer annotated on any genome,2026-08-31T19:45:50+00:00
WP_056674044.1,live,,2026-08-31T19:45:50+00:00
WP_057180186.1,live,,2026-08-31T19:45:50+00:00
WP_057180233.1,live,,2026-08-31T19:45:50+00:00
WP_057181163.1,live,,2026-08-31T19:45:50+00:00
WP_057181706.1,live,,2026-08-31T19:45:50+00:00
WP_057181813.1,live,,2026-08-31T19:45:50+00:00
WP_057182955.1,live,,2026-08-31T19:45:50+00:00
WP_057828621.1,live,,2026-08-31T19:45:50+00:00
WP_057828654.1,live,,2026-08-31T19:45:50+00:00
WP_057828664.1,live,,2026-08-31T19:45:50+00:00
WP_057940794.1,live,,2026-08-31T19:45:50+00:00
WP_057940888.1,live,,2026-08-31T19:45:50+00:00
WP_058741147.1,live,,2026-08-31T19:45:50+00:00
WP_058741157.1,suppressed,This protein record was suppressed because it is no longer annotated on any genome,2026-08-31T19:45:50+00:00
WP_059175774.1,live,,2026-08-31T19:45:50+00:00
WP_059176536.1,live,,2026-08-31T19:45:50+00:00
WP_059176702.1,suppressed,This protein record was suppressed because it is no longer annotated on any genome,2026-08-31T19:45:50+00:00
WP_059176896.1,live,,2026-08-31T19:45:50+00:00
WP_060635707.1,live,,2026-08-31T19:45:50+00:00
WP_060722901.1,live,,2026-08-31T19:45:50+00:00
WP_060724130.1,live,,2026-08-31T19:45:50+00:00
WP_061212762.1,suppressed,This protein record was suppressed because it is no longer annotated on any genome,2026-08-31T19:45:50+00:00
WP_061212895.1,live,,2026-08-31T19:45:50+00:00
WP_061213195.1,live,,2026-08-31T19:45:50+00:00
WP_061213816.1,live,,2026-08-31T19:45:50+00:00
WP_061214218.1,live,,2026-08-31T19:45:50+00:00
WP_062194996.1,live,,2026-08-31T19:45:50+00:00
WP_062202990.1,live,,2026-08-31T19:45:50+00:00
WP_062204793.1,live,,2026-08-31T19:45:50+00:00
WP_062204852.1,live,,2026-08-31T19:45:50+00:00
WP_062485394.1,live,,2026-08-31T19:45:50+00:00
WP_062485752.1,live,,2026-08-31T19:45:50+00:00
WP_063204610.1,live,,2026-08-31T19:45:50+00:00
WP_063204794.1,live,,2026-08-31T19:45:50+00:00
WP_063205193.1,live,,2026-08-31T19:45:50+00:00
WP_063205573.1,live,,2026-08-31T19:45:50+00:00
WP_063205860.1,live,,2026-08-31T19:45:50+00:00
WP_063206358.1,live,,2026-08-31T19:45:50+00:00
WP_066539087.1,live,,2026-08-31T19:45:50+00:00
WP_066539665.1,live,,2026-08-31T19:45:50+00:00
WP_066539689.1,live,,2026-08-31T19:45:50+00:00
WP_066539730.1,live,,2026-08-31T19:45:50+00:00
WP_066977876.1,live,,2026-08-31T19:45:50+00:00
WP_066981372.1,live,,2026-08-31T19:45:50+00:00
WP_066983335.1,live,,2026-08-31T19:45:50+00:00
WP_066983783.1,live,,2026-08-31T19:45:50+00:00
WP_066984033.1,live,,2026-08-31T19:45:50+00:00
WP_066984369.1,live,,2026-08-31T19:45:50+00:00
WP_066984473.1,live,,2026-08-31T19:45:50+00:00
WP_066984948.1,live,,2026-08-31T19:45:50+00:00
WP_066986198.1,live,,2026-08-31T19:45:50+00:00
WP_066986624.1,live,,2026-08-31T19:45:50+00:00
WP_066986630.1,suppressed,This protein record was suppressed because it is no longer annotated on any genome,2026-08-31T19:45:50+00:00
WP_066988010.1,live,,2026-08-31T19:45:50+00:00
WP_066988219.1,live,,2026-08-31T19:45:50+00:00
WP_067616198.1,live,,2026-08-31T19:45:50+00:00
WP_067616779.1,live,,2026-08-31T19:45:50+00:00
WP_067616781.1,live,,2026-08-31T19:45:50+00:00
WP_067616815.1,live,,2026-08-31T19:45:50+00:00
WP_067617084.1,live,,2026-08-31T19:45:50+00:00
WP_067617179.1,live,,2026-08-31T19:45:50+00:00
WP_067617212.1,suppressed,This protein record was suppressed because it is no longer annotated on any genome,2026-08-31T19:45:50+00:00
WP_067617274.1,live,,2026-08-31T19:45:50+00:00
WP_067618906.1,live,,2026-08-31T19:45:50+00:00
WP_067620113.1,live,,2026-08-31T19:45:50+00:00
WP_067620254.1,live,,2026-08-31T19:45:50+00:00
WP_067620791.1,live,,2026-08-31T19:45:50+00:00
WP_067621590.1,live,,2026-08-31T19:45:50+00:00
WP_067625925.1,live,,2026-08-31T19:45:50+00:00
WP_067625928.1,live,,2026-08-31T19:45:50+00:00
WP_067727229.1,suppressed,This protein record was suppressed because it is no longer annotated on any genome,2026-08-31T19:45:50+00:00
WP_067728934.1,live,,2026-08-31T19:45:50+00:00
WP_067729351.1,live,,2026-08-31T19:45:50+00:00
WP_067729404.1,suppressed,This protein record was suppressed because it is no longer annotated on any genome,2026-08-31T19:45:50+00:00
WP_067729739.1,live,,2026-08-31T19:45:50+00:00
WP_067730632.1,live,,2026-08-31T19:45:50+00:00
WP_068136430.1,live,,2026-08-31T19:45:50+00:00
WP_068139935.1,live,,2026-08-31T19:45:50+00:00
WP_068139938.1,suppressed,This protein record was suppressed because it is no longer annotated on any genome,2026-08-31T19:45:50+00:00
WP_068141736.1,live,,2026-08-31T19:45:50+00:00
WP_068142076.1,suppressed,This protein record was suppressed because it is no longer annotated on any genome,2026-08-31T19:45:50+00:00
WP_068549285.1,live,,2026-08-31T19:45:50+00:00
WP_068549328.1,live,,2026-08-31T19:45:50+00:00
WP_068549420.1,suppressed,This protein record was suppressed because it is no longer annotated on any genome,2026-08-31T19:45:50+00:00
WP_068549426.1,suppressed,This protein record was suppressed because it is no longer annotated on any genome,2026-08-31T19:45:50+00:00
WP_068550078.1,live,,2026-08-31T19:45:50+00:00
WP_069476912.1,live,,2026-08-31T19:45:50+00:00
WP_069476913.1,live,,2026-08-31T19:45:50+00:00
WP_069477937.1,live,,2026-08-31T19:45:50+00:00
WP_069477945.1,live,,2026-08-31T19:45:50+00:00
WP_069700603.1,live,,2026-08-31T19:45:50+00:00
WP_069700645.1,suppressed,This protein record was suppressed because it is no longer annotated on any genome,2026-08-31T19:45:50+00:00
WP_069701878.1,live,,2026-08-31T19:45:50+00:00
WP_069701919.1,live,,2026-08-31T19:45:50+00:00
WP_069701927.1,live,,2026-08-31T19:45:50+00:00
WP_069702794.1,live,,2026-08-31T19:45:50+00:00
WP_070115803.1,live,,2026-08-31T19:45:50+00:00
WP_070116301.1,live,,2026-08-31T19:45:50+00:00
WP_070116310.1,live,,2026-08-31T19:45:50+00:00
WP_070118081.1,suppressed,This protein record was suppressed because it is no longer annotated on any genome,2026-08-31T19:45:50+00:00
WP_070118794.1,live,,2026-08-31T19:45:50+00:00
WP_070118799.1,live,,2026-08-31T19:45:50+00:00
WP_070118804.1,live,,2026-08-31T19:45:50+00:00
WP_071243950.1,live,,2026-08-31T19:45:50+00:00
WP_071244180.1,live,,2026-08-31T19:45:50+00:00
WP_072787897.1,live,,2026-08-31T19:45:50+00:00
WP_072788811.1,live,,2026-08-31T19:45:50+00:00
WP_072788934.1,live,,2026-08-31T19:45:50+00:00
WP_072791085.1,live,,2026-08-31T19:45:50+00:00
WP_072791092.1,live,,2026-08-31T19:45:50+00:00
WP_072791114.1,live,,2026-08-31T19:45:50+00:00
WP_073028411.1,live,,2026-08-31T19:45:50+00:00
WP_073615050.1,live,,2026-08-31T19:45:50+00:00
WP_073615079.1,live,,2026-08-31T19:45:50+00:00
WP_074200889.1,live,,2026-08-31T19:45:50+00:00
WP_074201400.1,live,,2026-08-31T19:45:50+00:00
WP_075752172.1,live,,2026-08-31T19:45:50+00:00
WP_075752316.1,suppressed,This protein record was suppressed because it is no longer annotated on any genome,2026-08-31T19:45:50+00:00
WP_075753072.1,live,,2026-08-31T19:45:50+00:00
WP_075755007.1,live,,2026-08-31T19:45:50+00:00
WP_075755068.1,live,,2026-08-31T19:45:50+00:00
WP_075755824.1,live,,2026-08-31T19:45:50+00:00
WP_075757079.1,live,,2026-08-31T19:45:50+00:00
WP_075757323.1,live,,2026-08-31T19:45:50+00:00
WP_075757490.1,live,,2026-08-31T19:45:50+00:00
WP_075758228.1,live,,2026-08-31T19:45:50+00:00
WP_076750791.1,live,,2026-08-31T19:45:50+00:00
WP_077718260.1,live,,2026-08-31T19:45:50+00:00
WP_077719722.1,live,,2026-08-31T19:45:50+00:00
WP_077720757.1,live,,2026-08-31T19:45:50+00:00
WP_077720945.1,live,,2026-08-31T19:45:50+00:00
WP_078801577.1,live,,2026-08-31T19:45:50+00:00
WP_079553504.1,live,,2026-08-31T19:45:50+00:00
WP_080507604.1,live,,2026-08-31T19:45:50+00:00
WP_080508188.1,live,,2026-08-31T19:45:50+00:00
WP_080593847.1,suppressed,This protein record was suppressed because it is no longer annotated on any genome,2026-08-31T19:45:50+00:00
WP_080664812.1,live,,2026-08-31T19:45:50+00:00
WP_081441094.1,suppressed,This protein record was suppressed because it is no longer annotated on any genome,2026-08-31T19:45:50+00:00
WP_081441185.1,live,,2026-08-31T19:45:50+00:00
WP_081446265.1,suppressed,This protein record was suppressed because it is no longer annotated on any genome,2026-08-31T19:45:50+00:00
WP_081455229.1,live,,2026-08-31T19:45:50+00:00
WP_081455335.1,live,,2026-08-31T19:45:50+00:00
WP_081545389.1,live,,2026-08-31T19:45:50+00:00
WP_081545454.1,live,,2026-08-31T19:45:50+00:00
WP_081545720.1,live,,2026-08-31T19:45:50+00:00
WP_081545779.1,live,,2026-08-31T19:45:50+00:00
WP_081545786.1,live,,2026-08-31T19:45:50+00:00
WP_081545815.1,live,,2026-08-31T19:45:50+00:00
WP_081545879.1,live,,2026-08-31T19:45:50+00:00
WP_081548837.1,live,,2026-08-31T19:45:50+00:00
WP_081548839.1,live,,2026-08-31T19:45:50+00:00
WP_081548841.1,live,,2026-08-31T19:45:50+00:00
WP_081548847.1,live,,2026-08-31T19:45:50+00:00
WP_081548877.1,live,,2026-08-31T19:45:50+00:00
WP_081549871.1,live,,2026-08-31T19:45:50+00:00
WP_081549891.1,live,,2026-08-31T19:45:50+00:00
WP_081549905.1,live,,2026-08-31T19:45:50+00:00
WP_081549909.1,live,,2026-08-31T19:45:50+00:00
WP_081550806.1,live,,2026-08-31T19:45:50+00:00
WP_081551215.1,suppressed,This protein record was suppressed because it is no longer annotated on any genome,2026-08-31T19:45:50+00:00
WP_081620829.1,live,,2026-08-31T19:45:50+00:00
WP_081662830.1,live,,2026-08-31T19:45:50+00:00
WP_081673909.1,suppressed,This protein record was suppressed because it is no longer annotated on any genome,2026-08-31T19:45:50+00:00
WP_081673911.1,live,,2026-08-31T19:45:50+00:00
WP_082161177.1,live,,2026-08-31T19:45:50+00:00
WP_082382182.1,live,,2026-08-31T19:45:50+00:00
WP_082382379.1,suppressed,This protein record was suppressed because it is no longer annotated on any genome,2026-08-31T19:45:50+00:00
WP_082382457.1,live,,2026-08-31T19:45:50+00:00
WP_082673523.1,live,,2026-08-31T19:45:50+00:00
WP_082726395.1,suppressed,This protein record was suppressed because it is no longer annotated on any genome,2026-08-31T19:45:50+00:00
WP_083264259.1,live,,2026-08-31T19:45:50+00:00
WP_083264263.1,suppressed,This protein record was suppressed because it is no longer annotated on any genome,2026-08-31T19:45:50+00:00
WP_083264331.1,live,,2026-08-31T19:45:50+00:00
WP_083486913.1,suppressed,This protein record was suppressed because it is no longer annotated on any genome,2026-08-31T19:45:50+00:00
WP_083756754.1,suppressed,This protein record was suppressed because it is no longer annotated on any genome,2026-08-31T19:45:50+00:00
WP_083798795.1,suppressed,This protein record was suppressed because it is no longer annotated on any genome,2026-08-31T19:45:50+00:00
WP_083809836.1,suppressed,This protein record was suppressed because it is no longer annotated on any genome,2026-08-31T19:45:50+00:00
WP_083830696.1,live,,2026-08-31T19:45:50+00:00
WP_083876033.1,suppressed,This protein record was suppressed because it is no longer annotated on any genome,2026-08-31T19:45:50+00:00
WP_083921856.1,live,,2026-08-31T19:45:50+00:00
WP_083945533.1,live,,2026-08-31T19:45:50+00:00
WP_084010642.1,live,,2026-08-31T19:45:50+00:00
WP_084056211.1,live,,2026-08-31T19:45:50+00:00
WP_084057208.1,live,,2026-08-31T19:45:50+00:00
WP_084128170.1,live,,2026-08-31T19:45:50+00:00
WP_084145982.1,live,,2026-08-31T19:45:50+00:00
WP_084188201.1,live,,2026-08-31T19:45:50+00:00
WP_084219023.1,suppressed,This protein record was suppressed because it is no longer annotated on any genome,2026-08-31T19:45:50+00:00
WP_084268831.1,live,,2026-08-31T19:45:50+00:00
WP_084300013.1,live,,2026-08-31T19:45:50+00:00
WP_084300320.1,live,,2026-08-31T19:45:50+00:00
WP_084489496.1,suppressed,This protein record was suppressed because it is no longer annotated on any genome,2026-08-31T19:45:50+00:00
WP_084603887.1,suppressed,This protein record was suppressed because it is no longer annotated on any genome,2026-08-31T19:45:50+00:00
WP_084603913.1,suppressed,This protein record was suppressed because it is no longer annotated on any genome,2026-08-31T19:45:50+00:00
WP_084604006.1,suppressed,This protein record was suppressed because it is no longer annotated on any genome,2026-08-31T19:45:50+00:00
WP_084660327.1,live,,2026-08-31T19:45:50+00:00
WP_084663047.1,live,,2026-08-31T19:45:50+00:00
WP_085008462.1,live,,2026-08-31T19:45:50+00:00
WP_085008593.1,live,,2026-08-31T19:45:50+00:00
WP_085008639.1,live,,2026-08-31T19:45:50+00:00
WP_085008664.1,live,,2026-08-31T19:45:50+00:00
WP_085008718.1,live,,2026-08-31T19:45:50+00:00
WP_085441119.1,live,,2026-08-31T19:45:50+00:00
WP_085441245.1,suppressed,This protein record was suppressed because it is no longer annotated on any genome,2026-08-31T19:45:50+00:00
WP_085442369.1,live,,2026-08-31T19:45:50+00:00
WP_085442370.1,live,,2026-08-31T19:45:50+00:00
WP_085442467.1,live,,2026-08-31T19:45:50+00:00
WP_085443422.1,live,,2026-08-31T19:45:50+00:00
WP_085444565.1,live,,2026-08-31T19:45:50+00:00
WP_085444567.1,live,,2026-08-31T19:45:50+00:00
WP_085445338.1,live,,2026-08-31T19:45:50+00:00
WP_085579637.1,live,,2026-08-31T19:45:50+00:00
WP_085580728.1,suppressed,This protein record was suppressed because it is no longer annotated on any genome,2026-08-31T19:45:50+00:00
WP_085580761.1,suppressed,This protein record was suppressed because it is no longer annotated on any genome,2026-08-31T19:45:50+00:00
WP_085580782.1,live,,2026-08-31T19:45:50+00:00
WP_085580794.1,live,,2026-08-31T19:45:50+00:00
WP_085582204.1,live,,2026-08-31T19:45:50+00:00
WP_085756847.1,live,,2026-08-31T19:45:50+00:00
WP_085757144.1,live,,2026-08-31T19:45:50+00:00
WP_085757386.1,live,,2026-08-31T19:45:50+00:00
WP_085757544.1,live,,2026-08-31T19:45:50+00:00
WP_085757576.1,live,,2026-08-31T19:45:50+00:00
WP_085758422.1,live,,2026-08-31T19:45:50+00:00
WP_085758550.1,live,,2026-08-31T19:45:50+00:00
WP_085758691.1,live,,2026-08-31T19:45:50+00:00
WP_085758769.1,live,,2026-08-31T19:45:50+00:00
WP_085758790.1,live,,2026-08-31T19:45:50+00:00
WP_085758971.1,live,,2026-08-31T19:45:50+00:00
WP_085758976.1,live,,2026-08-31T19:45:50+00:00
WP_085759418.1,live,,2026-08-31T19:45:50+00:00
WP_085759451.1,live,,2026-08-31T19:45:50+00:00
WP_085759465.1,live,,2026-08-31T19:45:50+00:00
WP_085759588.1,live,,2026-08-31T19:45:50+00:00
WP_085759614.1,live,,2026-08-31T19:45:50+00:00
WP_085759616.1,live,,2026-08-31T19:45:50+00:00
WP_085759617.1,live,,2026-08-31T19:45:50+00:00
WP_085759643.1,live,,2026-08-31T19:45:50+00:00
WP_085759959.1,live,,2026-08-31T19:45:50+00:00
WP_085760204.1,live,,2026-08-31T19:45:50+00:00
WP_085760284.1,live,,2026-08-31T19:45:50+00:00
WP_085760457.1,suppressed,This protein record was suppressed because it is no longer annotated on any genome,2026-08-31T19:45:50+00:00
WP_085760559.1,live,,2026-08-31T19:45:50+00:00
WP_087504138.1,live,,2026-08-31T19:45:50+00:00
WP_087505001.1,live,,2026-08-31T19:45:50+00:00
WP_087505116.1,live,,2026-08-31T19:45:50+00:00
WP_087505184.1,live,,2026-08-31T19:45:50+00:00
WP_087505665.1,suppressed,This protein record was suppressed because it is no longer annotated on any genome,2026-08-31T19:45:50+00:00
WP_087505669.1,live,,2026-08-31T19:45:50+00:00
WP_087505670.1,suppressed,This protein record was suppressed because it is no longer annotated on any genome,2026-08-31T19:45:50+00:00
WP_087505685.1,suppressed,This protein record was suppressed because it is no longer annotated on any genome,2026-08-31T19:45:50+00:00
WP_087505696.1,live,,2026-08-31T19:45:50+00:00
WP_087506117.1,live,,2026-08-31T19:45:50+00:00
WP_087991602.1,live,,2026-08-31T19:45:50+00:00
WP_087992069.1,live,,2026-08-31T19:45:50+00:00
WP_087993952.1,live,,2026-08-31T19:45:50+00:00
WP_088177808.1,live,,2026-08-31T19:45:50+00:00
WP_088560209.1,live,,2026-08-31T19:45:50+00:00
WP_088561592.1,live,,2026-08-31T19:45:50+00:00
WP_091361381.1,live,,2026-08-31T19:45:50+00:00
WP_091683877.1,live,,2026-08-31T19:45:50+00:00
WP_091683889.1,live,,2026-08-31T19:45:50+00:00
WP_091684999.1,live,,2026-08-31T19:45:50+00:00
WP_091685551.1,live,,2026-08-31T19:45:50+00:00
WP_091687011.1,live,,2026-08-31T19:45:50+00:00
WP_091687012.1,live,,2026-08-31T19:45:50+00:00
WP_091688088.1,live,,2026-08-31T19:45:50+00:00
WP_091688132.1,suppressed,This protein record was suppressed because it is no longer annotated on any genome,2026-08-31T19:45:50+00:00
WP_091688228.1,live,,2026-08-31T19:45:50+00:00
WP_091811996.1,live,,2026-08-31T19:45:50+00:00
WP_091813525.1,live,,2026-08-31T19:45:50+00:00
WP_091815536.1,live,,2026-08-31T19:45:50+00:00
WP_091890657.1,live,,2026-08-31T19:45:50+00:00
WP_092810357.1,live,,2026-08-31T19:45:50+00:00
WP_092810367.1,live,,2026-08-31T19:45:50+00:00
WP_092811119.1,live,,2026-08-31T19:45:50+00:00
WP_092811271.1,live,,2026-08-31T19:45:50+00:00
WP_092815815.1,live,,2026-08-31T19:45:50+00:00
WP_092816228.1,live,,2026-08-31T19:45:50+00:00
WP_093150870.1,live,,2026-08-31T19:45:50+00:00
WP_093151724.1,live,,2026-08-31T19:45:50+00:00
WP_093152869.1,suppressed,This protein record was suppressed because it is no longer annotated on any genome,2026-08-31T19:45:50+00:00
WP_093152877.1,live,,2026-08-31T19:45:50+00:00
WP_093282190.1,live,,2026-08-31T19:45:50+00:00
WP_093286638.1,live,,2026-08-31T19:45:50+00:00
WP_093287337.1,live,,2026-08-31T19:45:50+00:00
WP_093287385.1,live,,2026-08-31T19:45:50+00:00
WP_093287831.1,live,,2026-08-31T19:45:50+00:00
WP_094546606.1,live,,2026-08-31T19:45:50+00:00
WP_094546608.1,live,,2026-08-31T19:45:50+00:00
WP_094547402.1,suppressed,This protein record was suppressed because it is no longer annotated on any genome,2026-08-31T19:45:50+00:00
WP_094547659.1,suppressed,This protein record was suppressed because it is no longer annotated on any genome,2026-08-31T19:45:50+00:00
WP_094548766.1,live,,2026-08-31T19:45:50+00:00
WP_094548867.1,live,,2026-08-31T19:45:50+00:00
WP_094550957.1,live,,2026-08-31T19:45:50+00:00
WP_096033199.1,live,,2026-08-31T19:45:50+00:00
WP_096033386.1,live,,2026-08-31T19:45:50+00:00
WP_096033387.1,live,,2026-08-31T19:45:50+00:00
WP_096034738.1,suppressed,This protein record was suppressed because it is no longer annotated on any genome,2026-08-31T19:45:50+00:00
WP_096175929.1,live,,2026-08-31T19:45:50+00:00
WP_096366023.1,live,,2026-08-31T19:45:50+00:00
WP_096366052.1,live,,2026-08-31T19:45:50+00:00
WP_096366054.1,live,,2026-08-31T19:45:50+00:00
WP_096366852.1,live,,2026-08-31T19:45:50+00:00
WP_096366857.1,live,,2026-08-31T19:45:50+00:00
WP_096367018.1,live,,2026-08-31T19:45:50+00:00
WP_096892447.1,live,,2026-08-31T19:45:50+00:00
WP_096892450.1,live,,2026-08-31T19:45:50+00:00
WP_096892492.1,live,,2026-08-31T19:45:50+00:00
WP_096892939.1,live,,2026-08-31T19:45:50+00:00
WP_096893219.1,live,,2026-08-31T19:45:50+00:00
WP_096893239.1,suppressed,This protein record was suppressed because it is no longer annotated on any genome,2026-08-31T19:45:50+00:00
WP_096893249.1,live,,2026-08-31T19:45:50+00:00
WP_096893920.1,live,,2026-08-31T19:45:50+00:00
WP_099951554.1,live,,2026-08-31T19:45:50+00:00
WP_099951561.1,live,,2026-08-31T19:45:50+00:00
WP_099951564.1,live,,2026-08-31T19:45:50+00:00
WP_099951828.1,live,,2026-08-31T19:45:50+00:00
WP_099953917.1,live,,2026-08-31T19:45:50+00:00
WP_099953983.1,live,,2026-08-31T19:45:50+00:00
WP_099954214.1,live,,2026-08-31T19:45:50+00:00
WP_099954292.1,live,,2026-08-31T19:45:50+00:00
WP_099954993.1,live,,2026-08-31T19:45:50+00:00
WP_099954994.1,live,,2026-08-31T19:45:50+00:00
WP_099954996.1,live,,2026-08-31T19:45:50+00:00
WP_099955710.1,live,,2026-08-31T19:45:50+00:00
WP_099955717.1,live,,2026-08-31T19:45:50+00:00
WP_099955750.1,live,,2026-08-31T19:45:50+00:00
WP_099956432.1,live,,2026-08-31T19:45:50+00:00
WP_099956613.1,live,,2026-08-31T19:45:50+00:00
WP_099956963.1,live,,2026-08-31T19:45:50+00:00
WP_099957678.1,live,,2026-08-31T19:45:50+00:00
WP_099957696.1,live,,2026-08-31T19:45:50+00:00
WP_100171593.1,live,,2026-08-31T19:45:50+00:00
WP_100173058.1,live,,2026-08-31T19:45:50+00:00
WP_100173330.1,live,,2026-08-31T19:45:50+00:00
WP_100173332.1,live,,2026-08-31T19:45:50+00:00
WP_100173333.1,live,,2026-08-31T19:45:50+00:00
WP_100173341.1,live,,2026-08-31T19:45:50+00:00
WP_100276576.1,live,,2026-08-31T19:45:50+00:00
WP_100276584.1,live,,2026-08-31T19:45:50+00:00
WP_100276590.1,live,,2026-08-31T19:45:50+00:00
WP_100276602.1,live,,2026-08-31T19:45:50+00:00
WP_100276616.1,suppressed,This protein record was suppressed because it is no longer annotated on any genome,2026-08-31T19:45:50+00:00
WP_100276618.1,live,,2026-08-31T19:45:50+00:00
WP_100278255.1,live,,2026-08-31T19:45:50+00:00
WP_100278608.1,suppressed,This protein record was suppressed because it is no longer annotated on any genome,2026-08-31T19:45:50+00:00
WP_100278609.1,live,,2026-08-31T19:45:50+00:00
WP_102049652.1,live,,2026-08-31T19:45:50+00:00
WP_102050697.1,live,,2026-08-31T19:45:50+00:00
WP_102050722.1,live,,2026-08-31T19:45:50+00:00
WP_102050729.1,live,,2026-08-31T19:45:50+00:00
WP_102241860.1,live,,2026-08-31T19:45:50+00:00
WP_102241897.1,live,,2026-08-31T19:45:50+00:00
WP_102242438.1,live,,2026-08-31T19:45:50+00:00
WP_102244739.1,live,,2026-08-31T19:45:50+00:00
WP_104480433.1,live,,2026-08-31T19:45:50+00:00
WP_104480438.1,suppressed,This protein record was suppressed because it is no longer annotated on any genome,2026-08-31T19:45:50+00:00
WP_104480441.1,live,,2026-08-31T19:45:50+00:00
WP_104480451.1,live,,2026-08-31T19:45:50+00:00
WP_104480455.1,live,,2026-08-31T19:45:50+00:00
WP_104483385.1,live,,2026-08-31T19:45:50+00:00
WP_105030974.1,live,,2026-08-31T19:45:50+00:00
WP_105032593.1,suppressed,This protein record was suppressed because it is no longer annotated on any genome,2026-08-31T19:45:50+00:00
WP_105032602.1,live,,2026-08-31T19:45:50+00:00
WP_105032613.1,suppressed,This protein record was suppressed because it is no longer annotated on any genome,2026-08-31T19:45:50+00:00
WP_105032702.1,suppressed,This protein record was suppressed because it is no longer annotated on any genome,2026-08-31T19:45:50+00:00
WP_106195640.1,suppressed,This protein record was suppressed because it is no longer annotated on any genome,2026-08-31T19:45:50+00:00
WP_106196245.1,suppressed,This protein record was suppressed because it is no longer annotated on any genome,2026-08-31T19:45:50+00:00
WP_107888662.1,live,,2026-08-31T19:45:50+00:00
WP_107922255.1,live,,2026-08-31T19:45:50+00:00
WP_108168951.1,live,,2026-08-31T19:45:50+00:00
WP_108169310.1,live,,2026-08-31T19:45:50+00:00
WP_108169838.1,live,,2026-08-31T19:45:50+00:00
WP_108983567.1,suppressed,This protein record was suppressed because it is no longer annotated on any genome,2026-08-31T19:45:50+00:00
WP_108983681.1,live,,2026-08-31T19:45:50+00:00
WP_108984329.1,live,,2026-08-31T19:45:50+00:00
WP_108984331.1,suppressed,This protein record was suppressed because it is no longer annotated on any genome,2026-08-31T19:45:50+00:00
WP_109793275.1,live,,2026-08-31T19:45:50+00:00
WP_109793940.1,live,,2026-08-31T19:45:50+00:00
WP_109921169.1,live,,2026-08-31T19:45:50+00:00
WP_109921880.1,live,,2026-08-31T19:45:50+00:00
WP_109921957.1,live,,2026-08-31T19:45:50+00:00
WP_109921964.1,live,,2026-08-31T19:45:50+00:00
WP_109921983.1,live,,2026-08-31T19:45:50+00:00
WP_109922712.1,live,,2026-08-31T19:45:50+00:00
WP_110171488.1,live,,2026-08-31T19:45:50+00:00
WP_110172045.1,live,,2026-08-31T19:45:50+00:00
WP_110172051.1,live,,2026-08-31T19:45:50+00:00
WP_110172057.1,suppressed,This protein record was suppressed because it is no longer annotated on any genome,2026-08-31T19:45:50+00:00
WP_110172079.1,suppressed,This protein record was suppressed because it is no longer annotated on any genome,2026-08-31T19:45:50+00:00
WP_110172350.1,live,,2026-08-31T19:45:50+00:00
WP_110172731.1,live,,2026-08-31T19:45:50+00:00
WP_110173112.1,live,,2026-08-31T19:45:50+00:00
WP_110572694.1,live,,2026-08-31T19:45:50+00:00
WP_110575511.1,live,,2026-08-31T19:45:50+00:00
WP_110575540.1,live,,2026-08-31T19:45:50+00:00
WP_110575565.1,live,,2026-08-31T19:45:50+00:00
WP_110575567.1,live,,2026-08-31T19:45:50+00:00
WP_110575740.1,live,,2026-08-31T19:45:50+00:00
WP_110577005.1,live,,2026-08-31T19:45:50+00:00
WP_110609169.1,live,,2026-08-31T19:45:50+00:00
WP_110609944.1,live,,2026-08-31T19:45:50+00:00
WP_110610103.1,live,,2026-08-31T19:45:50+00:00
WP_110611877.1,live,,2026-08-31T19:45:50+00:00
WP_111089614.1,live,,2026-08-31T19:45:50+00:00
WP_112904905.1,live,,2026-08-31T19:45:50+00:00
WP_114851113.1,suppressed,This protein record was suppressed because it is no longer annotated on any genome,2026-08-31T19:45:50+00:00
WP_115935683.1,live,,2026-08-31T19:45:50+00:00
WP_115935962.1,live,,2026-08-31T19:45:50+00:00
WP_115935998.1,live,,2026-08-31T19:45:50+00:00
WP_115936004.1,live,,2026-08-31T19:45:50+00:00
WP_115937137.1,live,,2026-08-31T19:45:50+00:00
WP_115938762.1,suppressed,This protein record was suppressed because it is no longer annotated on any genome,2026-08-31T19:45:50+00:00
WP_115938774.1,live,,2026-08-31T19:45:50+00:00
WP_115938776.1,live,,2026-08-31T19:45:50+00:00
WP_115939544.1,live,,2026-08-31T19:45:50+00:00
WP_115939550.1,live,,2026-08-31T19:45:50+00:00
WP_115939553.1,live,,2026-08-31T19:45:50+00:00
WP_115939554.1,live,,2026-08-31T19:45:50+00:00
WP_115939555.1,live,,2026-08-31T19:45:50+00:00
WP_115939557.1,live,,2026-08-31T19:45:50+00:00
WP_115939559.1,live,,2026-08-31T19:45:50+00:00
WP_115939593.1,live,,2026-08-31T19:45:50+00:00
WP_117351547.1,live,,2026-08-31T19:45:50+00:00
WP_117351551.1,live,,2026-08-31T19:45:50+00:00
WP_117353346.1,suppressed,This protein record was suppressed because it is no longer annotated on any genome,2026-08-31T19:45:50+00:00
WP_117434602.1,live,,2026-08-31T19:45:50+00:00
WP_119319538.1,live,,2026-08-31T19:45:50+00:00
WP_119319597.1,suppressed,This protein record was suppressed because it is no longer annotated on any genome,2026-08-31T19:45:50+00:00
WP_119319752.1,live,,2026-08-31T19:45:50+00:00
WP_119320503.1,live,,2026-08-31T19:45:50+00:00
WP_119320507.1,live,,2026-08-31T19:45:50+00:00
WP_119320510.1,live,,2026-08-31T19:45:50+00:00
WP_119320983.1,live,,2026-08-31T19:45:50+00:00
WP_119321266.1,suppressed,This protein record was suppressed because it is no longer annotated on any genome,2026-08-31T19:45:50+00:00
WP_119321267.1,live,,2026-08-31T19:45:50+00:00
WP_119323504.1,live,,2026-08-31T19:45:50+00:00
WP_119324107.1,live,,2026-08-31T19:45:50+00:00
WP_119324214.1,live,,2026-08-31T19:45:50+00:00
WP_121191861.1,suppressed,This protein record was suppressed because it is no longer annotated on any genome,2026-08-31T19:45:50+00:00
WP_121191868.1,live,,2026-08-31T19:45:50+00:00
WP_121191871.1,live,,2026-08-31T19:45:50+00:00
WP_121192307.1,suppressed,This protein record was suppressed because it is no longer annotated on any genome,2026-08-31T19:45:50+00:00
WP_121192310.1,suppressed,This protein record was suppressed because it is no longer annotated on any genome,2026-08-31T19:45:50+00:00
WP_121192313.1,suppressed,This protein record was suppressed because it is no longer annotated on any genome,2026-08-31T19:45:50+00:00
WP_121193354.1,live,,2026-08-31T19:45:50+00:00
WP_124946853.1,live,,2026-08-31T19:45:50+00:00
WP_124947334.1,suppressed,This protein record was suppressed because it is no longer annotated on any genome,2026-08-31T19:45:50+00:00
WP_124947376.1,live,,2026-08-31T19:45:50+00:00
WP_124947854.1,live,,2026-08-31T19:45:50+00:00
WP_124947878.1,live,,2026-08-31T19:45:50+00:00
WP_124948137.1,live,,2026-08-31T19:45:50+00:00
WP_128465161.1,live,,2026-08-31T19:45:50+00:00
WP_128465374.1,live,,2026-08-31T19:45:50+00:00
WP_128466011.1,live,,2026-08-31T19:45:50+00:00
WP_128466538.1,live,,2026-08-31T19:45:50+00:00
WP_128466823.1,live,,2026-08-31T19:45:50+00:00
WP_128467344.1,live,,2026-08-31T19:45:50+00:00
WP_128467436.1,live,,2026-08-31T19:45:50+00:00
WP_129641594.1,live,,2026-08-31T19:45:50+00:00
WP_129644813.1,live,,2026-08-31T19:45:50+00:00
WP_129644856.1,live,,2026-08-31T19:45:50+00:00
WP_129644870.1,live,,2026-08-31T19:45:50+00:00
WP_129644871.1,live,,2026-08-31T19:45:50+00:00
WP_129644872.1,live,,2026-08-31T19:45:50+00:00
WP_129645556.1,live,,2026-08-31T19:45:50+00:00
WP_129645879.1,suppressed,This protein record was suppressed because it is no longer annotated on any genome,2026-08-31T19:45:50+00:00
WP_129645880.1,suppressed,This protein record was suppressed because it is no longer annotated on any genome,2026-08-31T19:45:50+00:00
WP_129645881.1,suppressed,This protein record was suppressed because it is no longer annotated on any genome,2026-08-31T19:45:50+00:00
WP_129646172.1,live,,2026-08-31T19:45:50+00:00
WP_129646174.1,live,,2026-08-31T19:45:50+00:00
WP_129646182.1,live,,2026-08-31T19:45:50+00:00
WP_129646184.1,live,,2026-08-31T19:45:50+00:00
WP_129646186.1,live,,2026-08-31T19:45:50+00:00
WP_129646188.1,live,,2026-08-31T19:45:50+00:00
WP_129646190.1,live,,2026-08-31T19:45:50+00:00
WP_129649231.1,live,,2026-08-31T19:45:50+00:00
WP_129649233.1,live,,2026-08-31T19:45:50+00:00
WP_129649241.1,live,,2026-08-31T19:45:50+00:00
WP_129649246.1,live,,2026-08-31T19:45:50+00:00
WP_129649370.1,suppressed,This protein record was suppressed because it is no longer annotated on any genome,2026-08-31T19:45:50+00:00
WP_129649371.1,suppressed,This protein record was suppressed because it is no longer annotated on any genome,2026-08-31T19:45:50+00:00
WP_130648695.1,live,,2026-08-31T19:45:50+00:00
WP_130649030.1,live,,2026-08-31T19:45:50+00:00
WP_130649041.1,live,,2026-08-31T19:45:50+00:00
WP_130649048.1,suppressed,This protein record was suppressed because it is no longer annotated on any genome,2026-08-31T19:45:50+00:00
WP_130649053.1,live,,2026-08-31T19:45:50+00:00
WP_130649499.1,live,,2026-08-31T19:45:50+00:00
WP_130650510.1,live,,2026-08-31T19:45:50+00:00
WP_130651239.1,suppressed,This protein record was suppressed because it is no longer annotated on any genome,2026-08-31T19:45:50+00:00
WP_131153927.1,live,,2026-08-31T19:45:50+00:00
WP_131154962.1,live,,2026-08-31T19:45:50+00:00
WP_131156232.1,live,,2026-08-31T19:45:50+00:00
WP_131156234.1,suppressed,This protein record was suppressed because it is no longer annotated on any genome,2026-08-31T19:45:50+00:00
WP_131156235.1,live,,2026-08-31T19:45:50+00:00
WP_131157091.1,suppressed,This protein record was suppressed because it is no longer annotated on any genome,2026-08-31T19:45:50+00:00
WP_131991265.1,live,,2026-08-31T19:45:50+00:00
WP_131991301.1,live,,2026-08-31T19:45:50+00:00
WP_131992586.1,suppressed,This protein record was suppressed because it is no longer annotated on any genome,2026-08-31T19:45:50+00:00
WP_131992709.1,suppressed,This protein record was suppressed because it is no longer annotated on any genome,2026-08-31T19:45:50+00:00
WP_131992712.1,suppressed,This protein record was suppressed because it is no longer annotated on any genome,2026-08-31T19:45:50+00:00
WP_131993174.1,suppressed,This protein record was suppressed because it is no longer annotated on any genome,2026-08-31T19:45:50+00:00
WP_131997246.1,live,,2026-08-31T19:45:50+00:00
WP_132013943.1,live,,2026-08-31T19:45:50+00:00
WP_132013946.1,live,,2026-08-31T19:45:50+00:00
WP_132013948.1,suppressed,This protein record was suppressed because it is no longer annotated on any genome,2026-08-31T19:45:50+00:00
WP_132014834.1,suppressed,This protein record was suppressed because it is no longer annotated on any genome,2026-08-31T19:45:50+00:00
WP_132017215.1,live,,2026-08-31T19:45:50+00:00
WP_132017217.1,live,,2026-08-31T19:45:50+00:00
WP_132017772.1,live,,2026-08-31T19:45:50+00:00
WP_133245716.1,live,,2026-08-31T19:45:50+00:00
WP_133484604.1,suppressed,This protein record was suppressed because it is no longer annotated on any genome,2026-08-31T19:45:50+00:00
WP_133484605.1,suppressed,This protein record was suppressed because it is no longer annotated on any genome,2026-08-31T19:45:50+00:00
WP_133612377.1,suppressed,This protein record was suppressed because it is no longer annotated on any genome,2026-08-31T19:45:50+00:00
WP_133612387.1,live,,2026-08-31T19:45:50+00:00
WP_133612423.1,live,,2026-08-31T19:45:50+00:00
WP_133612607.1,live,,2026-08-31T19:45:50+00:00
WP_133612698.1,suppressed,This protein record was suppressed because it is no longer annotated on any genome,2026-08-31T19:45:50+00:00
WP_133614248.1,live,,2026-08-31T19:45:50+00:00
WP_133637058.1,live,,2026-08-31T19:45:50+00:00
WP_137097736.1,live,,2026-08-31T19:45:50+00:00
WP_137097741.1,live,,2026-08-31T19:45:50+00:00
WP_137097742.1,live,,2026-08-31T19:45:50+00:00
WP_137098913.1,suppressed,This protein record was suppressed because it is no longer annotated on any genome,2026-08-31T19:45:50+00:00
WP_137100361.1,live,,2026-08-31T19:45:50+00:00
WP_137101266.1,live,,2026-08-31T19:45:50+00:00
WP_137101415.1,live,,2026-08-31T19:45:50+00:00
WP_137102003.1,suppressed,This protein record was suppressed because it is no longer annotated on any genome,2026-08-31T19:45:50+00:00
WP_137102229.1,suppressed,This protein record was suppressed because it is no longer annotated on any genome,2026-08-31T19:45:50+00:00
WP_139800610.1,live,,2026-08-31T19:45:50+00:00
WP_139800611.1,suppressed,This protein record was suppressed because it is no longer annotated on any genome,2026-08-31T19:45:50+00:00
WP_139931264.1,suppressed,This protein record was suppressed because it is no longer annotated on any genome,2026-08-31T19:45:50+00:00
WP_139938084.1,suppressed,This protein record was suppressed because it is no longer annotated on any genome,2026-08-31T19:45:50+00:00
WP_139938087.1,suppressed,This protein record was suppressed because it is no longer annotated on any genome,2026-08-31T19:45:50+00:00
WP_139938101.1,live,,2026-08-31T19:45:50+00:00
WP_139938105.1,live,,2026-08-31T19:45:50+00:00
WP_139938610.1,suppressed,This protein record was suppressed because it is no longer annotated on any genome,2026-08-31T19:45:50+00:00
WP_139938984.1,live,,2026-08-31T19:45:50+00:00
WP_139940077.1,suppressed,This protein record was suppressed because it is no longer annotated on any genome,2026-08-31T19:45:50+00:00
WP_139941859.1,live,,2026-08-31T19:45:50+00:00
WP_140944081.1,live,,2026-08-31T19:45:50+00:00
WP_140944085.1,live,,2026-08-31T19:45:50+00:00
WP_140944126.1,live,,2026-08-31T19:45:50+00:00
WP_140945136.1,live,,2026-08-31T19:45:50+00:00
WP_140945308.1,suppressed,This protein record was suppressed because it is no longer annotated on any genome,2026-08-31T19:45:50+00:00
WP_141111390.1,live,,2026-08-31T19:45:50+00:00
WP_141196280.1,live,,2026-08-31T19:45:50+00:00
WP_141197529.1,live,,2026-08-31T19:45:50+00:00
WP_141197809.1,live,,2026-08-31T19:45:50+00:00
WP_141197831.1,live,,2026-08-31T19:45:50+00:00
WP_141197833.1,suppressed,This protein record was suppressed because it is no longer annotated on any genome,2026-08-31T19:45:50+00:00
WP_141197851.1,live,,2026-08-31T19:45:50+00:00
WP_141197855.1,live,,2026-08-31T19:45:50+00:00
WP_141198000.1,live,,2026-08-31T19:45:50+00:00
WP_141198134.1,live,,2026-08-31T19:45:50+00:00
WP_141198135.1,live,,2026-08-31T19:45:50+00:00
WP_141198136.1,live,,2026-08-31T19:45:50+00:00
WP_141198139.1,live,,2026-08-31T19:45:50+00:00
WP_141198148.1,live,,2026-08-31T19:45:50+00:00
WP_141199805.1,live,,2026-08-31T19:45:50+00:00
WP_141199806.1,live,,2026-08-31T19:45:50+00:00
WP_141199807.1,live,,2026-08-31T19:45:50+00:00
WP_141200798.1,live,,2026-08-31T19:45:50+00:00
WP_141201312.1,suppressed,This protein record was suppressed because it is no longer annotated on any genome,2026-08-31T19:45:50+00:00
WP_141201315.1,suppressed,This protein record was suppressed because it is no longer annotated on any genome,2026-08-31T19:45:50+00:00
WP_141674205.1,live,,2026-08-31T19:45:50+00:00
WP_141730945.1,live,,2026-08-31T19:45:50+00:00
WP_141731067.1,suppressed,This protein record was suppressed because it is no longer annotated on any genome,2026-08-31T19:45:50+00:00
WP_141731147.1,live,,2026-08-31T19:45:50+00:00
WP_141731467.1,live,,2026-08-31T19:45:50+00:00
WP_141731535.1,live,,2026-08-31T19:45:50+00:00
WP_141731903.1,live,,2026-08-31T19:45:50+00:00
WP_141732900.1,live,,2026-08-31T19:45:50+00:00
WP_141733812.1,live,,2026-08-31T19:45:50+00:00
WP_141734675.1,live,,2026-08-31T19:45:50+00:00
WP_141735661.1,suppressed,This protein record was suppressed because it is no longer annotated on any genome,2026-08-31T19:45:50+00:00
WP_141736262.1,live,,2026-08-31T19:45:50+00:00
WP_141736723.1,suppressed,This protein record was suppressed because it is no longer annotated on any genome,2026-08-31T19:45:50+00:00
WP_141736897.1,suppressed,This protein record was suppressed because it is no longer annotated on any genome,2026-08-31T19:45:50+00:00
WP_141861405.1,live,,2026-08-31T19:45:50+00:00
WP_142455102.1,live,,2026-08-31T19:45:50+00:00
WP_142455103.1,live,,2026-08-31T19:45:50+00:00
WP_142456133.1,live,,2026-08-31T19:45:50+00:00
WP_143559029.1,live,,2026-08-31T19:45:50+00:00
WP_143709765.1,live,,2026-08-31T19:45:50+00:00
WP_143753461.1,suppressed,This protein record was suppressed because it is no longer annotated on any genome,2026-08-31T19:45:50+00:00
WP_144011077.1,live,,2026-08-31T19:45:50+00:00
WP_144079172.1,suppressed,This protein record was suppressed because it is no longer annotated on any genome,2026-08-31T19:45:50+00:00
WP_144079227.1,suppressed,This protein record was suppressed because it is no longer annotated on any genome,2026-08-31T19:45:50+00:00
WP_144436915.1,live,,2026-08-31T19:45:50+00:00
WP_144440525.1,live,,2026-08-31T19:45:50+00:00
WP_145973447.1,live,,2026-08-31T19:45:50+00:00
WP_146196586.1,live,,2026-08-31T19:45:50+00:00
WP_146201912.1,live,,2026-08-31T19:45:50+00:00
WP_148206413.1,live,,2026-08-31T19:45:50+00:00
WP_148206625.1,suppressed,This protein record was suppressed because it is no longer annotated on any genome,2026-08-31T19:45:50+00:00
WP_148212353.1,suppressed,This protein record was suppressed because it is no longer annotated on any genome,2026-08-31T19:45:50+00:00
WP_148217975.1,live,,2026-08-31T19:45:50+00:00
WP_148223780.1,live,,2026-08-31T19:45:50+00:00
WP_148227772.1,live,,2026-08-31T19:45:50+00:00
WP_148229523.1,suppressed,This protein record was suppressed because it is no longer annotated on any genome,2026-08-31T19:45:50+00:00
WP_148234155.1,live,,2026-08-31T19:45:50+00:00
WP_148261067.1,live,,2026-08-31T19:45:50+00:00
WP_148267652.1,suppressed,This protein record was suppressed because it is no longer annotated on any genome,2026-08-31T19:45:50+00:00
WP_148300413.1,live,,2026-08-31T19:45:50+00:00
WP_149026945.1,live,,2026-08-31T19:45:50+00:00
WP_150102575.1,live,,2026-08-31T19:45:50+00:00
WP_150102657.1,suppressed,This protein record was suppressed because it is no longer annotated on any genome,2026-08-31T19:45:50+00:00
WP_150109290.1,live,,2026-08-31T19:45:50+00:00
WP_152971953.1,live,,2026-08-31T19:45:50+00:00
WP_153014627.1,live,,2026-08-31T19:45:50+00:00
WP_154662432.1,live,,2026-08-31T19:45:50+00:00
WP_154662433.1,suppressed,This protein record was suppressed because it is no longer annotated on any genome,2026-08-31T19:45:50+00:00
WP_155845455.1,suppressed,This protein record was suppressed because it is no longer annotated on any genome,2026-08-31T19:45:50+00:00
WP_155889307.1,live,,2026-08-31T19:45:50+00:00
WP_155989899.1,live,,2026-08-31T19:45:50+00:00
WP_156787124.1,live,,2026-08-31T19:45:50+00:00
WP_157139817.1,suppressed,This protein record was suppressed because it is no longer annotated on any genome,2026-08-31T19:45:50+00:00
WP_157200596.1,suppressed,This protein record was suppressed because it is no longer annotated on any genome,2026-08-31T19:45:50+00:00
WP_157231027.1,live,,2026-08-31T19:45:50+00:00
WP_157231192.1,live,,2026-08-31T19:45:50+00:00
WP_157265981.1,suppressed,This protein record was suppressed because it is no longer annotated on any genome,2026-08-31T19:45:50+00:00
WP_157487307.1,live,,2026-08-31T19:45:50+00:00
WP_157551798.1,suppressed,This protein record was suppressed because it is no longer annotated on any genome,2026-08-31T19:45:50+00:00
WP_157551799.1,suppressed,This protein record was suppressed because it is no longer annotated on any genome,2026-08-31T19:45:50+00:00
WP_157551858.1,suppressed,This protein record was suppressed because it is no longer annotated on any genome,2026-08-31T19:45:50+00:00
WP_157745492.1,live,,2026-08-31T19:45:50+00:00
WP_157819184.1,live,,2026-08-31T19:45:50+00:00
WP_157895104.1,live,,2026-08-31T19:45:50+00:00
WP_157898657.1,live,,2026-08-31T19:45:50+00:00
WP_157898658.1,live,,2026-08-31T19:45:50+00:00
WP_157899299.1,live,,2026-08-31T19:45:50+00:00
WP_157899359.1,live,,2026-08-31T19:45:50+00:00
WP_157899364.1,live,,2026-08-31T19:45:50+00:00
WP_157899388.1,live,,2026-08-31T19:45:50+00:00
WP_157899410.1,live,,2026-08-31T19:45:50+00:00
WP_157994264.1,live,,2026-08-31T19:45:50+00:00
WP_158023457.1,live,,2026-08-31T19:45:50+00:00
WP_158310272.1,live,,2026-08-31T19:45:50+00:00
WP_158497741.1,live,,2026-08-31T19:45:50+00:00
WP_158649532.1,live,,2026-08-31T19:45:50+00:00
WP_158649538.1,live,,2026-08-31T19:45:50+00:00
WP_160163476.1,suppressed,This protein record was suppressed because it is no longer annotated on any genome,2026-08-31T19:45:50+00:00
WP_160316153.1,suppressed,This protein record was suppressed because it is no longer annotated on any genome,2026-08-31T19:45:50+00:00
WP_161632329.1,suppressed,This protein record was suppressed because it is no longer annotated on any genome,2026-08-31T19:45:50+00:00
WP_161645935.1,suppressed,This protein record was suppressed because it is no longer annotated on any genome,2026-08-31T19:45:50+00:00
WP_162143342.1,live,,2026-08-31T19:45:50+00:00
WP_162143343.1,suppressed,This protein record was suppressed because it is no longer annotated on any genome,2026-08-31T19:45:50+00:00
WP_162532171.1,live,,2026-08-31T19:45:50+00:00
WP_162787719.1,live,,2026-08-31T19:45:50+00:00
WP_164885254.1,live,,2026-08-31T19:45:50+00:00
WP_164885256.1,live,,2026-08-31T19:45:50+00:00
WP_164930594.1,live,,2026-08-31T19:45:50+00:00
WP_164930735.1,live,,2026-08-31T19:45:50+00:00
WP_164930736.1,live,,2026-08-31T19:45:50+00:00
WP_164930788.1,live,,2026-08-31T19:45:50+00:00
WP_165485175.1,live,,2026-08-31T19:45:50+00:00
WP_165491942.1,live,,2026-08-31T19:45:50+00:00
WP_165864093.1,suppressed,This protein record was suppressed because it is no longer annotated on any genome,2026-08-31T19:45:50+00:00
WP_165876598.1,suppressed,This protein record was suppressed because it is no longer annotated on any genome,2026-08-31T19:45:50+00:00
WP_165907899.1,live,,2026-08-31T19:45:50+00:00
WP_165907906.1,suppressed,This protein record was suppressed because it is no longer annotated on any genome,2026-08-31T19:45:50+00:00
WP_165907907.1,suppressed,This protein record was suppressed because it is no longer annotated on any genome,2026-08-31T19:45:50+00:00
WP_166645013.1,live,,2026-08-31T19:45:50+00:00
WP_168201514.1,suppressed,This protein record was suppressed because it is no longer annotated on any genome,2026-08-31T19:45:50+00:00
WP_168210572.1,live,,2026-08-31T19:45:50+00:00
WP_168210856.1,live,,2026-08-31T19:45:50+00:00
WP_169400843.1,live,,2026-08-31T19:45:50+00:00
WP_169735625.1,live,,2026-08-31T19:45:50+00:00
WP_169735640.1,live,,2026-08-31T19:45:50+00:00
WP_169735641.1,live,,2026-08-31T19:45:50+00:00
WP_169793985.1,live,,2026-08-31T19:45:50+00:00
WP_169835617.1,live,,2026-08-31T19:45:50+00:00
WP_170068825.1,live,,2026-08-31T19:45:50+00:00
WP_170068828.1,live,,2026-08-31T19:45:50+00:00
WP_171814210.1,live,,2026-08-31T19:45:50+00:00
WP_172844260.1,live,,2026-08-31T19:45:50+00:00
WP_173355307.1,suppressed,This protein record was suppressed because it is no longer annotated on any genome,2026-08-31T19:45:50+00:00
WP_174520806.1,suppressed,This protein record was suppressed because it is no longer annotated on any genome,2026-08-31T19:45:50+00:00
WP_174800197.1,live,,2026-08-31T19:45:50+00:00
WP_175326171.1,live,,2026-08-31T19:45:50+00:00
WP_175404981.1,suppressed,This protein record was suppressed because it is no longer annotated on any genome,2026-08-31T19:45:50+00:00
WP_176219443.1,live,,2026-08-31T19:45:50+00:00
WP_176720355.1,live,,2026-08-31T19:45:50+00:00
WP_176736530.1,suppressed,This protein record was suppressed because it is no longer annotated on any genome,2026-08-31T19:45:50+00:00
WP_178055167.1,live,,2026-08-31T19:45:50+00:00
WP_179957367.1,suppressed,This protein record was suppressed because it is no longer annotated on any genome,2026-08-31T19:45:50+00:00
WP_181043819.1,live,,2026-08-31T19:45:50+00:00
WP_181163011.1,live,,2026-08-31T19:45:50+00:00
WP_181180200.1,suppressed,This protein record was suppressed because it is no longer annotated on any genome,2026-08-31T19:45:50+00:00
WP_181378151.1,live,,2026-08-31T19:45:50+00:00
WP_181442977.1,suppressed,This protein record was suppressed because it is no longer annotated on any genome,2026-08-31T19:45:50+00:00
WP_181905200.1,live,,2026-08-31T19:45:50+00:00
WP_181905472.1,live,,2026-08-31T19:45:50+00:00
WP_181905473.1,live,,2026-08-31T19:45:50+00:00
WP_181905515.1,live,,2026-08-31T19:45:50+00:00
WP_183061703.1,suppressed,This protein record was suppressed because it is no longer annotated on any genome,2026-08-31T19:45:50+00:00
WP_185957366.1,suppressed,This protein record was suppressed because it is no longer annotated on any genome,2026-08-31T19:45:50+00:00
WP_187291878.1,live,,2026-08-31T19:45:50+00:00
WP_187291920.1,live,,2026-08-31T19:45:50+00:00
WP_187291969.1,live,,2026-08-31T19:45:50+00:00
WP_193354325.1,live,,2026-08-31T19:45:50+00:00
WP_194407158.1,live,,2026-08-31T19:45:50+00:00
WP_196776632.1,live,,2026-08-31T19:45:50+00:00
WP_196802026.1,live,,2026-08-31T19:45:50+00:00
WP_197410256.1,suppressed,This protein record was suppressed because it is no longer annotated on any genome,2026-08-31T19:45:50+00:00
WP_197549038.1,suppressed,This protein record was suppressed because it is no longer annotated on any genome,2026-08-31T19:45:50+00:00
WP_197703836.1,live,,2026-08-31T19:45:50+00:00
WP_198159400.1,live,,2026-08-31T19:45:50+00:00
WP_198507082.1,live,,2026-08-31T19:45:50+00:00
WP_198507083.1,suppressed,This protein record was suppressed because it is no longer annotated on any genome,2026-08-31T19:45:50+00:00
WP_198683385.1,live,,2026-08-31T19:45:50+00:00
WP_198683785.1,live,,2026-08-31T19:45:50+00:00
WP_198683786.1,live,,2026-08-31T19:45:50+00:00
WP_198947910.1,live,,2026-08-31T19:45:50+00:00
WP_198947935.1,live,,2026-08-31T19:45:50+00:00
WP_200156881.1,live,,2026-08-31T19:45:50+00:00
WP_200818703.1,live,,2026-08-31T19:45:50+00:00
WP_200818724.1,live,,2026-08-31T19:45:50+00:00
WP_200882920.1,suppressed,This protein record was suppressed because it is no longer annotated on any genome,2026-08-31T19:45:50+00:00
WP_200907053.1,live,,2026-08-31T19:45:50+00:00
WP_201797984.1,live,,2026-08-31T19:45:50+00:00
WP_202795476.1,live,,2026-08-31T19:45:50+00:00
WP_202943549.1,live,,2026-08-31T19:45:50+00:00
WP_202946520.1,live,,2026-08-31T19:45:50+00:00
WP_205208309.1,live,,2026-08-31T19:45:50+00:00
WP_205745470.1,live,,2026-08-31T19:45:50+00:00
WP_205745707.1,live,,2026-08-31T19:45:50+00:00
WP_205745708.1,live,,2026-08-31T19:45:50+00:00
WP_205745709.1,live,,2026-08-31T19:45:50+00:00
WP_206045386.1,live,,2026-08-31T19:45:50+00:00
WP_208107196.1,suppressed,This protein record was suppressed because it is no longer annotated on any genome,2026-08-31T19:45:50+00:00
WP_208107776.1,live,,2026-08-31T19:45:50+00:00
WP_208111906.1,live,,2026-08-31T19:45:50+00:00
WP_208112273.1,live,,2026-08-31T19:45:50+00:00
WP_211206717.1,suppressed,This protein record was suppressed because it is no longer annotated on any genome,2026-08-31T19:45:50+00:00
WP_211218769.1,suppressed,This protein record was suppressed because it is no longer annotated on any genome,2026-08-31T19:45:50+00:00
WP_211226163.1,suppressed,This protein record was suppressed because it is no longer annotated on any genome,2026-08-31T19:45:50+00:00
WP_211226324.1,live,,2026-08-31T19:45:50+00:00
WP_211237971.1,suppressed,This protein record was suppressed because it is no longer annotated on any genome,2026-08-31T19:45:50+00:00
WP_211247371.1,live,,2026-08-31T19:45:50+00:00
WP_211247373.1,suppressed,This protein record was suppressed because it is no longer annotated on any genome,2026-08-31T19:45:50+00:00
WP_211250068.1,suppressed,This protein record was suppressed because it is no longer annotated on any genome,2026-08-31T19:45:50+00:00
WP_211250149.1,suppressed,This protein record was suppressed because it is no longer annotated on any genome,2026-08-31T19:45:50+00:00
WP_211284378.1,live,,2026-08-31T19:45:50+00:00
WP_216086275.1,suppressed,This protein record was suppressed because it is no longer annotated on any genome,2026-08-31T19:45:50+00:00
WP_216397762.1,live,,2026-08-31T19:45:50+00:00
WP_218025488.1,live,,2026-08-31T19:45:50+00:00
WP_218044612.1,live,,2026-08-31T19:45:50+00:00
WP_218109772.1,live,,2026-08-31T19:45:50+00:00
WP_218109782.1,live,,2026-08-31T19:45:50+00:00
WP_218110268.1,live,,2026-08-31T19:45:50+00:00
WP_218110347.1,live,,2026-08-31T19:45:50+00:00
WP_219845821.1,live,,2026-08-31T19:45:50+00:00
WP_219845822.1,live,,2026-08-31T19:45:50+00:00
WP_219845962.1,live,,2026-08-31T19:45:50+00:00
WP_219845996.1,live,,2026-08-31T19:45:50+00:00
WP_222615437.1,live,,2026-08-31T19:45:50+00:00
WP_223248378.1,live,,2026-08-31T19:45:50+00:00
WP_223272269.1,live,,2026-08-31T19:45:50+00:00
WP_223272272.1,live,,2026-08-31T19:45:50+00:00
WP_226992904.1,suppressed,This protein record was suppressed because it is no longer annotated on any genome,2026-08-31T19:45:50+00:00
WP_227739206.1,live,,2026-08-31T19:45:50+00:00
WP_228368709.1,suppressed,This protein record was suppressed because it is no longer annotated on any genome,2026-08-31T19:45:50+00:00
WP_228368719.1,suppressed,This protein record was suppressed because it is no longer annotated on any genome,2026-08-31T19:45:50+00:00
WP_228441505.1,live,,2026-08-31T19:45:50+00:00
WP_228441576.1,live,,2026-08-31T19:45:50+00:00
WP_228441688.1,suppressed,This protein record was suppressed because it is no longer annotated on any genome,2026-08-31T19:45:50+00:00
WP_228441698.1,suppressed,This protein record was suppressed because it is no longer annotated on any genome,2026-08-31T19:45:50+00:00
WP_228644872.1,suppressed,This protein record was suppressed because it is no longer annotated on any genome,2026-08-31T19:45:50+00:00
WP_229597939.1,suppressed,This protein record was suppressed because it is no longer annotated on any genome,2026-08-31T19:45:50+00:00
WP_229744713.1,suppressed,This protein record was suppressed because it is no longer annotated on any genome,2026-08-31T19:45:50+00:00
WP_230978431.1,live,,2026-08-31T19:45:50+00:00
WP_230978432.1,live,,2026-08-31T19:45:50+00:00
WP_230978433.1,live,,2026-08-31T19:45:50+00:00
WP_231121397.1,live,,2026-08-31T19:45:50+00:00
WP_231121401.1,live,,2026-08-31T19:45:50+00:00
WP_231121403.1,live,,2026-08-31T19:45:50+00:00
WP_231121446.1,live,,2026-08-31T19:45:50+00:00
WP_231121497.1,live,,2026-08-31T19:45:50+00:00
WP_231121512.1,live,,2026-08-31T19:45:50+00:00
WP_231699354.1,suppressed,This protein record was suppressed because it is no longer annotated on any genome,2026-08-31T19:45:50+00:00
WP_231699356.1,suppressed,This protein record was suppressed because it is no longer annotated on any genome,2026-08-31T19:45:50+00:00
WP_231730021.1,suppressed,This protein record was suppressed because it is no longer annotated on any genome,2026-08-31T19:45:50+00:00
WP_231847191.1,live,,2026-08-31T19:45:50+00:00
WP_231963427.1,live,,2026-08-31T19:45:50+00:00
WP_231971594.1,suppressed,This protein record was suppressed because it is no longer annotated on any genome,2026-08-31T19:45:50+00:00
WP_232209280.1,suppressed,This protein record was suppressed because it is no longer annotated on any genome,2026-08-31T19:45:50+00:00
WP_232209304.1,suppressed,This protein record was suppressed because it is no longer annotated on any genome,2026-08-31T19:45:50+00:00
WP_232322166.1,live,,2026-08-31T19:45:50+00:00
WP_232386667.1,live,,2026-08-31T19:45:50+00:00
WP_232388553.1,suppressed,This protein record was suppressed because it is no longer annotated on any genome,2026-08-31T19:45:50+00:00
WP_232388589.1,suppressed,This protein record was suppressed because it is no longer annotated on any genome,2026-08-31T19:45:50+00:00
WP_232388676.1,suppressed,This protein record was suppressed because it is no longer annotated on any genome,2026-08-31T19:45:50+00:00
WP_232389023.1,live,,2026-08-31T19:45:50+00:00
WP_232502544.1,live,,2026-08-31T19:45:50+00:00
WP_232710263.1,suppressed,This protein record was suppressed because it is no longer annotated on any genome,2026-08-31T19:45:50+00:00
WP_232710265.1,suppressed,This protein record was suppressed because it is no longer annotated on any genome,2026-08-31T19:45:50+00:00
WP_232831222.1,live,,2026-08-31T19:45:50+00:00
WP_233254279.1,suppressed,This protein record was suppressed because it is no longer annotated on any genome,2026-08-31T19:45:50+00:00
WP_234800439.1,live,,2026-08-31T19:45:50+00:00
WP_234800454.1,live,,2026-08-31T19:45:50+00:00
WP_234800455.1,live,,2026-08-31T19:45:50+00:00
WP_234800635.1,live,,2026-08-31T19:45:50+00:00
WP_235044976.1,live,,2026-08-31T19:45:50+00:00
WP_235067593.1,suppressed,This protein record was suppressed because it is no longer annotated on any genome,2026-08-31T19:45:50+00:00
WP_235068316.1,suppressed,This protein record was suppressed because it is no longer annotated on any genome,2026-08-31T19:45:50+00:00
WP_235425678.1,suppressed,This protein record was suppressed because it is no longer annotated on any genome,2026-08-31T19:45:50+00:00
WP_235425725.1,suppressed,This protein record was suppressed because it is no longer annotated on any genome,2026-08-31T19:45:50+00:00
WP_235425798.1,live,,2026-08-31T19:45:50+00:00
WP_235502144.1,suppressed,This protein record was suppressed because it is no longer annotated on any genome,2026-08-31T19:45:50+00:00
WP_235502145.1,live,,2026-08-31T19:45:50+00:00
WP_235502191.1,suppressed,This protein record was suppressed because it is no longer annotated on any genome,2026-08-31T19:45:50+00:00
WP_235502219.1,suppressed,This protein record was suppressed because it is no longer annotated on any genome,2026-08-31T19:45:50+00:00
WP_235502339.1,live,,2026-08-31T19:45:50+00:00
WP_235506166.1,live,,2026-08-31T19:45:50+00:00
WP_235506303.1,live,,2026-08-31T19:45:50+00:00
WP_235789156.1,live,,2026-08-31T19:45:50+00:00
WP_235807225.1,suppressed,This protein record was suppressed because it is no longer annotated on any genome,2026-08-31T19:45:50+00:00
WP_235807264.1,live,,2026-08-31T19:45:50+00:00
WP_235811115.1,suppressed,This protein record was suppressed because it is no longer annotated on any genome,2026-08-31T19:45:50+00:00
WP_235811117.1,live,,2026-08-31T19:45:50+00:00
WP_235894720.1,live,,2026-08-31T19:45:50+00:00
WP_236262725.1,suppressed,This protein record was suppressed because it is no longer annotated on any genome,2026-08-31T19:45:50+00:00
WP_236262730.1,suppressed,This protein record was suppressed because it is no longer annotated on any genome,2026-08-31T19:45:50+00:00
WP_236685374.1,suppressed,This protein record was suppressed because it is no longer annotated on any genome,2026-08-31T19:45:50+00:00
WP_236698882.1,suppressed,This protein record was suppressed because it is no longer annotated on any genome,2026-08-31T19:45:50+00:00
WP_236757250.1,suppressed,This protein record was suppressed because it is no longer annotated on any genome,2026-08-31T19:45:50+00:00
WP_237068724.1,suppressed,This protein record was suppressed because it is no longer annotated on any genome,2026-08-31T19:45:50+00:00
WP_237100788.1,live,,2026-08-31T19:45:50+00:00
WP_237697331.1,live,,2026-08-31T19:45:50+00:00
WP_238325838.1,live,,2026-08-31T19:45:50+00:00
WP_238374831.1,suppressed,This protein record was suppressed because it is no longer annotated on any genome,2026-08-31T19:45:50+00:00
WP_238374836.1,suppressed,This protein record was suppressed because it is no longer annotated on any genome,2026-08-31T19:45:50+00:00
WP_238531190.1,live,,2026-08-31T19:45:50+00:00
WP_238531191.1,live,,2026-08-31T19:45:50+00:00
WP_238978711.1,suppressed,This protein record was suppressed because it is no longer annotated on any genome,2026-08-31T19:45:50+00:00
WP_238985695.1,suppressed,This protein record was suppressed because it is no longer annotated on any genome,2026-08-31T19:45:50+00:00
WP_240554817.1,suppressed,This protein record was suppressed because it is no longer annotated on any genome,2026-08-31T19:45:50+00:00
WP_240554949.1,suppressed,This protein record was suppressed because it is no longer annotated on any genome,2026-08-31T19:45:50+00:00
WP_240554960.1,suppressed,This protein record was suppressed because it is no longer annotated on any genome,2026-08-31T19:45:50+00:00
WP_240615196.1,live,,2026-08-31T19:45:50+00:00
WP_240937380.1,suppressed,This protein record was suppressed because it is no longer annotated on any genome,2026-08-31T19:45:50+00:00
WP_241147917.1,suppressed,This protein record was suppressed because it is no longer annotated on any genome,2026-08-31T19:45:50+00:00
WP_241763996.1,live,,2026-08-31T19:45:50+00:00
WP_242603549.1,live,,2026-08-31T19:45:50+00:00
WP_242647922.1,live,,2026-08-31T19:45:50+00:00
WP_242654631.1,suppressed,This protein record was suppressed because it is no longer annotated on any genome,2026-08-31T19:45:50+00:00
WP_242654632.1,suppressed,This protein record was suppressed because it is no longer annotated on any genome,2026-08-31T19:45:50+00:00
WP_242839799.1,suppressed,This protein record was suppressed because it is no longer annotated on any genome,2026-08-31T19:45:50+00:00
WP_242840209.1,suppressed,This protein record was suppressed because it is no longer annotated on any genome,2026-08-31T19:45:50+00:00
WP_242960823.1,live,,2026-08-31T19:45:50+00:00
WP_242960977.1,suppressed,This protein record was suppressed because it is no longer annotated on any genome,2026-08-31T19:45:50+00:00
WP_242965066.1,suppressed,This protein record was suppressed because it is no longer annotated on any genome,2026-08-31T19:45:50+00:00
WP_242965142.1,suppressed,This protein record was suppressed because it is no longer annotated on any genome,2026-08-31T19:45:50+00:00
WP_242965930.1,live,,2026-08-31T19:45:50+00:00
WP_243648004.1,live,,2026-08-31T19:45:50+00:00
WP_243662867.1,live,,2026-08-31T19:45:50+00:00
WP_243694480.1,live,,2026-08-31T19:45:50+00:00
WP_243735525.1,live,,2026-08-31T19:45:50+00:00
WP_243735526.1,live,,2026-08-31T19:45:50+00:00
WP_243746421.1,suppressed,This protein record was suppressed because it is no longer annotated on any genome,2026-08-31T19:45:50+00:00
WP_244155304.1,live,,2026-08-31T19:45:50+00:00
WP_244164404.1,suppressed,This protein record was suppressed because it is no longer annotated on any genome,2026-08-31T19:45:50+00:00
WP_244442983.1,suppressed,This protein record was suppressed because it is no longer annotated on any genome,2026-08-31T19:45:50+00:00
WP_244514458.1,suppressed,This protein record was suppressed because it is no longer annotated on any genome,2026-08-31T19:45:50+00:00
WP_244514497.1,suppressed,This protein record was suppressed because it is no longer annotated on any genome,2026-08-31T19:45:50+00:00
WP_244514498.1,suppressed,This protein record was suppressed because it is no longer annotated on any genome,2026-08-31T19:45:50+00:00
WP_244875035.1,live,,2026-08-31T19:45:50+00:00
WP_244936337.1,suppressed,This protein record was suppressed because it is no longer annotated on any genome,2026-08-31T19:45:50+00:00
WP_244936339.1,live,,2026-08-31T19:45:50+00:00
WP_244936589.1,suppressed,This protein record was suppressed because it is no longer annotated on any genome,2026-08-31T19:45:50+00:00
WP_244936627.1,suppressed,This protein record was suppressed because it is no longer annotated on any genome,2026-08-31T19:45:50+00:00
WP_244936713.1,live,,2026-08-31T19:45:50+00:00
WP_245522714.1,suppressed,This protein record was suppressed because it is no longer annotated on any genome,2026-08-31T19:45:50+00:00
WP_245522719.1,live,,2026-08-31T19:45:50+00:00
WP_245522748.1,suppressed,This protein record was suppressed because it is no longer annotated on any genome,2026-08-31T19:45:50+00:00
WP_245526333.1,suppressed,This protein record was suppressed because it is no longer annotated on any genome,2026-08-31T19:45:50+00:00
WP_245528278.1,suppressed,This protein record was suppressed because it is no longer annotated on any genome,2026-08-31T19:45:50+00:00
WP_245528288.1,suppressed,This protein record was suppressed because it is no longer annotated on any genome,2026-08-31T19:45:50+00:00
WP_245529726.1,suppressed,This protein record was suppressed because it is no longer annotated on any genome,2026-08-31T19:45:50+00:00
WP_245534680.1,live,,2026-08-31T19:45:50+00:00
WP_245538037.1,suppressed,This protein record was suppressed because it is no longer annotated on any genome,2026-08-31T19:45:50+00:00
WP_245545142.1,suppressed,This protein record was suppressed because it is no longer annotated on any genome,2026-08-31T19:45:50+00:00
WP_245549962.1,suppressed,This protein record was suppressed because it is no longer annotated on any genome,2026-08-31T19:45:50+00:00
WP_245570865.1,suppressed,This protein record was suppressed because it is no longer annotated on any genome,2026-08-31T19:45:50+00:00
WP_245570874.1,suppressed,This protein record was suppressed because it is no longer annotated on any genome,2026-08-31T19:45:50+00:00
WP_245579326.1,suppressed,This protein record was suppressed because it is no longer annotated on any genome,2026-08-31T19:45:50+00:00
WP_245579381.1,suppressed,This protein record was suppressed because it is no longer annotated on any genome,2026-08-31T19:45:50+00:00
WP_245582667.1,suppressed,This protein record was suppressed because it is no longer annotated on any genome,2026-08-31T19:45:50+00:00
WP_245582696.1,suppressed,This protein record was suppressed because it is no longer annotated on any genome,2026-08-31T19:45:50+00:00
WP_245585115.1,suppressed,This protein record was suppressed because it is no longer annotated on any genome,2026-08-31T19:45:50+00:00
WP_245585125.1,suppressed,This protein record was suppressed because it is no longer annotated on any genome,2026-08-31T19:45:50+00:00
WP_245601367.1,suppressed,This protein record was suppressed because it is no longer annotated on any genome,2026-08-31T19:45:50+00:00
WP_245604272.1,suppressed,This protein record was suppressed because it is no longer annotated on any genome,2026-08-31T19:45:50+00:00
WP_245604274.1,suppressed,This protein record was suppressed because it is no longer annotated on any genome,2026-08-31T19:45:50+00:00
WP_245629988.1,suppressed,This protein record was suppressed because it is no longer annotated on any genome,2026-08-31T19:45:50+00:00
WP_245629990.1,suppressed,This protein record was suppressed because it is no longer annotated on any genome,2026-08-31T19:45:50+00:00
WP_245671828.1,suppressed,This protein record was suppressed because it is no longer annotated on any genome,2026-08-31T19:45:50+00:00
WP_245671874.1,suppressed,This protein record was suppressed because it is no longer annotated on any genome,2026-08-31T19:45:50+00:00
WP_245726001.1,live,,2026-08-31T19:45:50+00:00
WP_245730813.1,suppressed,This protein record was suppressed because it is no longer annotated on any genome,2026-08-31T19:45:50+00:00
WP_245835196.1,suppressed,This protein record was suppressed because it is no longer annotated on any genome,2026-08-31T19:45:50+00:00
WP_245906393.1,suppressed,This protein record was suppressed because it is no longer annotated on any genome,2026-08-31T19:45:50+00:00
WP_245906415.1,suppressed,This protein record was suppressed because it is no longer annotated on any genome,2026-08-31T19:45:50+00:00
WP_245927039.1,live,,2026-08-31T19:45:50+00:00
WP_245927043.1,suppressed,This protein record was suppressed because it is no longer annotated on any genome,2026-08-31T19:45:50+00:00
WP_245931405.1,suppressed,This protein record was suppressed because it is no longer annotated on any genome,2026-08-31T19:45:50+00:00
WP_245931416.1,suppressed,This protein record was suppressed because it is no longer annotated on any genome,2026-08-31T19:45:50+00:00
WP_245957000.1,suppressed,This protein record was suppressed because it is no longer annotated on any genome,2026-08-31T19:45:50+00:00
WP_245957009.1,suppressed,This protein record was suppressed because it is no longer annotated on any genome,2026-08-31T19:45:50+00:00
WP_245991735.1,live,,2026-08-31T19:45:50+00:00
WP_245992498.1,suppressed,This protein record was suppressed because it is no longer annotated on any genome,2026-08-31T19:45:50+00:00
WP_246056839.1,live,,2026-08-31T19:45:50+00:00
WP_246099089.1,live,,2026-08-31T19:45:50+00:00
WP_249023392.1,suppressed,This protein record was suppressed because it is no longer annotated on any genome,2026-08-31T19:45:50+00:00
WP_250160291.1,live,,2026-08-31T19:45:50+00:00
WP_250621914.1,live,,2026-08-31T19:45:50+00:00
WP_252511288.1,live,,2026-08-31T19:45:50+00:00
WP_253734931.1,live,,2026-08-31T19:45:50+00:00
WP_254894528.1,suppressed,This protein record was suppressed because it is no longer annotated on any genome,2026-08-31T19:45:50+00:00
WP_255247684.1,live,,2026-08-31T19:45:50+00:00
WP_257222115.1,live,,2026-08-31T19:45:50+00:00
WP_267195238.1,live,,2026-08-31T19:45:50+00:00
WP_268745685.1,suppressed,This protein record was suppressed because it is no longer annotated on any genome,2026-08-31T19:45:50+00:00
WP_268745688.1,suppressed,This protein record was suppressed because it is no longer annotated on any genome,2026-08-31T19:45:50+00:00
WP_268750687.1,suppressed,This protein record was suppressed because it is no longer annotated on any genome,2026-08-31T19:45:50+00:00
WP_269431616.1,live,,2026-08-31T19:45:50+00:00
WP_269447241.1,live,,2026-08-31T19:45:50+00:00
WP_269490055.1,suppressed,This protein record was suppressed because it is no longer annotated on any genome,2026-08-31T19:45:50+00:00
WP_269813688.1,live,,2026-08-31T19:45:50+00:00
WP_269813689.1,live,,2026-08-31T19:45:50+00:00
WP_269845709.1,live,,2026-08-31T19:45:50+00:00
WP_272940979.1,live,,2026-08-31T19:45:50+00:00
WP_274605716.1,live,,2026-08-31T19:45:50+00:00
WP_275039097.1,suppressed,This protein record was suppressed because it is no longer annotated on any genome,2026-08-31T19:45:50+00:00
WP_275450576.1,live,,2026-08-31T19:45:50+00:00
WP_275450577.1,live,,2026-08-31T19:45:50+00:00
WP_276206934.1,live,,2026-08-31T19:45:50+00:00
WP_277619823.1,live,,2026-08-31T19:45:50+00:00
WP_277619824.1,live,,2026-08-31T19:45:50+00:00
WP_277921589.1,live,,2026-08-31T19:45:50+00:00
WP_278199577.1,live,,2026-08-31T19:45:50+00:00
WP_278287147.1,live,,2026-08-31T19:45:50+00:00
WP_278287148.1,live,,2026-08-31T19:45:50+00:00
WP_278287149.1,live,,2026-08-31T19:45:50+00:00
WP_278335833.1,live,,2026-08-31T19:45:50+00:00
WP_278335837.1,live,,2026-08-31T19:45:50+00:00
WP_281004395.1,suppressed,This protein record was suppressed because it is no longer annotated on any genome,2026-08-31T19:45:50+00:00
WP_281171383.1,live,,2026-08-31T19:45:50+00:00
WP_281178093.1,live,,2026-08-31T19:45:50+00:00
WP_281178094.1,live,,2026-08-31T19:45:50+00:00
WP_281260066.1,live,,2026-08-31T19:45:50+00:00
WP_281261671.1,live,,2026-08-31T19:45:50+00:00
WP_281262102.1,suppressed,This protein record was suppressed because it is no longer annotated on any genome,2026-08-31T19:45:50+00:00
WP_281273078.1,live,,2026-08-31T19:45:50+00:00
WP_282432072.1,live,,2026-08-31T19:45:50+00:00
WP_284690390.1,suppressed,This protein record was suppressed because it is no longer annotated on any genome,2026-08-31T19:45:50+00:00
WP_305790450.1,live,,2026-08-31T19:45:50+00:00
WP_306307268.1,live,,2026-08-31T19:45:50+00:00
WP_306307269.1,live,,2026-08-31T19:45:50+00:00
WP_315849941.1,suppressed,This protein record was suppressed because it is no longer annotated on any genome,2026-08-31T19:45:50+00:00
WP_323740363.1,live,,2026-08-31T19:45:50+00:00
WP_323740364.1,live,,2026-08-31T19:45:50+00:00
WP_324609845.1,live,,2026-08-31T19:45:50+00:00
WP_330364994.1,live,,2026-08-31T19:45:50+00:00
WP_330364996.1,live,,2026-08-31T19:45:50+00:00
WP_330377680.1,live,,2026-08-31T19:45:50+00:00
WP_334293616.1,live,,2026-08-31T19:45:50+00:00
WP_335645314.1,live,,2026-08-31T19:45:50+00:00
WP_338058667.1,live,,2026-08-31T19:45:50+00:00
WP_341444373.1,live,,2026-08-31T19:45:50+00:00
WP_341444376.1,live,,2026-08-31T19:45:50+00:00
WP_341539110.1,live,,2026-08-31T19:45:50+00:00
WP_341853130.1,suppressed,This protein record was suppressed because it is no longer annotated on any genome,2026-08-31T19:45:50+00:00
WP_342664234.1,live,,2026-08-31T19:45:50+00:00
WP_342667636.1,live,,2026-08-31T19:45:50+00:00
WP_342748505.1,live,,2026-08-31T19:45:50+00:00
WP_349678496.1,live,,2026-08-31T19:45:50+00:00
WP_370670837.1,live,,2026-08-31T19:45:50+00:00
WP_371440813.1,live,,2026-08-31T19:45:50+00:00
WP_371870485.1,live,,2026-08-31T19:45:50+00:00
WP_371870486.1,live,,2026-08-31T19:45:50+00:00
WP_373277364.1,live,,2026-08-31T19:45:50+00:00
WP_388043261.1,live,,2026-08-31T19:45:50+00:00
WP_391527457.1,live,,2026-08-31T19:45:50+00:00
WP_391527487.1,suppressed,This protein record was suppressed because it is no longer annotated on any genome,2026-08-31T19:45:50+00:00
WP_397389511.1,live,,2026-08-31T19:45:50+00:00
WP_407635804.1,live,,2026-08-31T19:45:50+00:00
WP_407636301.1,live,,2026-08-31T19:45:50+00:00
WP_407639300.1,live,,2026-08-31T19:45:50+00:00
WP_407919606.1,live,,2026-08-31T19:45:50+00:00
WP_408033225.1,live,,2026-08-31T19:45:50+00:00
WP_408033226.1,live,,2026-08-31T19:45:50+00:00
WP_408033227.1,suppressed,This protein record was suppressed because it is no longer annotated on any genome,2026-08-31T19:45:50+00:00
WP_408606561.1,live,,2026-08-31T19:45:50+00:00
WP_412130341.1,live,,2026-08-31T19:45:50+00:00
WP_413788504.1,live,,2026-08-31T19:45:50+00:00
WP_418304107.1,live,,2026-08-31T19:45:50+00:00
WP_420794785.1,live,,2026-08-31T19:45:50+00:00
WP_420806119.1,live,,2026-08-31T19:45:50+00:00
WP_420808243.1,live,,2026-08-31T19:45:50+00:00
WP_420826203.1,live,,2026-08-31T19:45:50+00:00
WP_420835239.1,live,,2026-08-31T19:45:50+00:00
WP_420887447.1,live,,2026-08-31T19:45:50+00:00
WP_420911700.1,suppressed,This protein record was suppressed because it is no longer annotated on any genome,2026-08-31T19:45:50+00:00
WP_420911707.1,live,,2026-08-31T19:45:50+00:00
WP_423748625.1,live,,2026-08-31T19:45:50+00:00
WP_424337412.1,live,,2026-08-31T19:45:50+00:00
WP_425274061.1,live,,2026-08-31T19:45:50+00:00
WP_425337335.1,live,,2026-08-31T19:45:50+00:00
WP_425358272.1,live,,2026-08-31T19:45:50+00:00
WP_425427789.1,live,,2026-08-31T19:45:50+00:00
WP_425444044.1,live,,2026-08-31T19:45:50+00:00
WP_425452150.1,live,,2026-08-31T19:45:50+00:00
WP_425476997.1,live,,2026-08-31T19:45:50+00:00
WP_439823240.1,live,,2026-08-31T19:45:50+00:00
MBB28043.1,live,,2026-08-31T19:45:50+00:00
MBB28045.1,live,,2026-08-31T19:45:50+00:00
MBB28125.1,live,,2026-08-31T19:45:50+00:00
MBB28388.1,live,,2026-08-31T19:45:50+00:00
MBB28511.1,live,,2026-08-31T19:45:50+00:00
MBB28854.1,live,,2026-08-31T19:45:50+00:00
MBB29088.1,live,,2026-08-31T19:45:50+00:00
MBB29929.1,live,,2026-08-31T19:45:50+00:00
MBB30068.1,live,,2026-08-31T19:45:50+00:00
MBB30236.1,live,,2026-08-31T19:45:50+00:00
MBB30389.1,live,,2026-08-31T19:45:50+00:00
MBB30975.1,live,,2026-08-31T19:45:50+00:00
MBB31445.1,live,,2026-08-31T19:45:50+00:00
MBB31868.1,live,,2026-08-31T19:45:50+00:00
MBB31971.1,live,,2026-08-31T19:45:50+00:00
MBN93519.1,live,,2026-08-31T19:45:50+00:00
MBN93557.1,live,,2026-08-31T19:45:50+00:00
MBN93672.1,live,,2026-08-31T19:45:50+00:00
MBN93686.1,live,,2026-08-31T19:45:50+00:00
MBN93977.1,live,,2026-08-31T19:45:50+00:00
MBN94854.1,live,,2026-08-31T19:45:50+00:00
MBN95571.1,live,,2026-08-31T19:45:50+00:00
MBN96269.1,live,,2026-08-31T19:45:50+00:00
contig,not_found,,2026-08-31T19:45:50+00:00
no_hits,not_found,,2026-08-31T19:45:50+00:00
null,not_found,,2026-08-31T19:45:50+00:00
