source	clade_size	clade_members
gtdb_only	2	JAADHS01,Tenderiaceae
gtdb_only	2	Sulfuriferulaceae,Thiobacillaceae
gtdb_only	2	UBA1096,UBA1100
gtdb_only	2	GCA-2687025,UBA9662
gtdb_only	2	NICIL-2,UBA961
gtdb_only	2	JADMJV01,RGZZ01
gtdb_only	2	Sporanaerobacteraceae,Tepidimicrobiaceae
gtdb_only	2	Acetivibrionaceae,DSM-2933
gtdb_only	2	Cycloclasticaceae,UBA2780
gtdb_only	2	J058,UBA2392
gtdb_only	2	Enterococcaceae,Vagococcaceae
gtdb_only	2	UBA6663,VGOW01
gtdb_only	2	Desulfobacteraceae,Desulforegulaceae
gtdb_only	2	CAG-74,UMGS416
gtdb_only	2	UBA2964,UBA6615
gtdb_only	2	CTSoil-080,UBA7701
gtdb_only	2	Desulfonatronaceae,Desulfovibrionaceae
gtdb_only	2	CADAEX01,CALXOJ01
gtdb_only	2	Alteromonadaceae,Neiellaceae
gtdb_only	2	DUPL01,UBA5734
gtdb_only	2	Haliangiaceae,Palsa-1104
gtdb_only	2	Beijerinckiaceae,Phreatobacteraceae
gtdb_only	2	Anoxybacillaceae,Bacillaceae_L
gtdb_only	2	Azospirillaceae,Inquilinaceae
gtdb_only	2	DRMK01,UBA6429
gtdb_only	2	CAIYYI01,J093
gtdb_only	2	Aestuariirhabdaceae,Zooshikellaceae
gtdb_only	2	PR03,UBA4427
gtdb_only	2	Aminiphilaceae,Synergistaceae
gtdb_only	2	GCA-002770795,GCA-2746155
gtdb_only	2	GWC2-71-9,Gemmatimonadaceae
gtdb_only	2	SG8-41,WYBJ01
gtdb_only	2	JACIZP01,Zgenome-0027
gtdb_only	2	CAIMTB01,UBA9464
gtdb_only	2	Bacillaceae_G,SA4
gtdb_only	2	JdFR-85,Magnetobacteriaceae
gtdb_only	2	Alcanivoracaceae,Moraxellaceae
gtdb_only	2	Breznakiellaceae,Treponemataceae
gtdb_only	2	RAAP-2,UBA8190
gtdb_only	2	K13,SCSIO-06110
gtdb_only	2	SZUA-540,Trichloromonadaceae
gtdb_only	2	Aminobacteriaceae,Dethiosulfovibrionaceae
gtdb_only	2	DSM-15969,Thermosinaceae
gtdb_only	2	4484-171,S143-82
gtdb_only	2	Aquaspirillaceae,Chromobacteriaceae
gtdb_only	2	Ancalomicrobiaceae,Pleomorphomonadaceae
gtdb_only	2	Anaerohalosphaeraceae,SG8-4
gtdb_only	2	JAFGCY01,UBA6099
gtdb_only	2	JAAYKM01,Syntrophaceae
gtdb_only	2	Methylococcaceae,Methylothermaceae
gtdb_only	2	Fen-1364,SZUA-6
gtdb_only	2	Lacipirellulaceae,Pirellulaceae
gtdb_only	2	CAIWAD01,UBA4055
gtdb_only	2	Desulfatiglandaceae,HGW-15
gtdb_only	2	RI-55,UBA11320
gtdb_only	2	Dermatophilaceae,Quadrisphaeraceae
gtdb_only	2	Burkholderiaceae_C,Burkholderiaceae_D
gtdb_only	2	Chitinibacteraceae,Chitinimonadaceae
gtdb_only	2	QYQD01,RBG-13-43-22
gtdb_only	2	B62-G9,JAAYUW01
gtdb_only	2	S145-22,Tharpellaceae
gtdb_only	2	HGW-17,Nannocystaceae
gtdb_only	2	Arcobacteraceae,BB28
gtdb_only	2	Muirbacteriaceae,UBA9980
gtdb_only	2	Kordiimonadaceae,Rhodothalassiaceae
gtdb_only	2	DTU014,DTU025
gtdb_only	2	SZUA-567,UBA11346
gtdb_only	2	JADJMO01,Polyangiaceae
gtdb_only	2	Cellvibrionaceae,Porticoccaceae
gtdb_only	2	Algiphilaceae,Nevskiaceae
gtdb_only	2	DC-out160,Ketobacteraceae
gtdb_only	2	NGM72-4,UBA8199
gtdb_only	2	CAG-272,CAG-382
gtdb_only	2	UBA5500,UBA994
gtdb_only	2	Micromonosporaceae,Pseudonocardiaceae
gtdb_only	2	UBA4151,VGSZ01
gtdb_only	2	DUMW01,JAAZLZ01
gtdb_only	2	UBA2136,UBA6156
gtdb_only	2	CR04bin15,DRLW01
gtdb_only	2	Cohaesibacteraceae,GCA-2746425
gtdb_only	2	Terasakiellaceae,Thalassospiraceae
gtdb_only	2	DSM-1321,DSM-18226
gtdb_only	2	Marinococcaceae,Salisediminibacteriaceae
gtdb_only	2	Bacillaceae_D,Bacillaceae_F
gtdb_only	2	Filifactoraceae,Peptostreptococcaceae
gtdb_only	2	DUMJ01,Thermodesulfobiaceae
gtdb_only	2	JAFLJP01,SZUA-152
gtdb_only	2	GCA-2400775,VBWC01
gtdb_only	2	Bacillaceae_N,Bacillaceae_O
gtdb_only	2	Cyclonatronaceae,HLUCCA01
gtdb_only	2	F1-140-MAGs086,UBA6906
gtdb_only	2	AABM5-125-24,B3-LCP
gtdb_only	2	FEN-1343,SM23-33
gtdb_only	2	Methylopilaceae,Xanthobacteraceae
gtdb_only	2	B1SED10-159,DTU010
gtdb_only	2	Chromatiaceae,Sedimenticolaceae
gtdb_only	2	JAJYTV01,Sulfobacillaceae
gtdb_only	2	NBRC-103111,UBA4045
gtdb_only	2	Psychrobiaceae,Shewanellaceae
gtdb_only	2	MES13,SIT17
gtdb_only	2	DTU080,RSA5
gtdb_only	2	Gaiellaceae,Miltoncostaeaceae
gtdb_only	2	Halieaceae,UBA7434
gtdb_only	2	PWMO01,PXBQ01
gtdb_only	2	AKS1,S012-40
gtdb_only	2	Anammoxibacteraceae,Scalinduaceae
gtdb_only	2	WYAZ01,XYA12-FULL-58-9
gtdb_only	2	Moritellaceae,Psychromonadaceae
gtdb_only	2	QOAL01,UBA3076
gtdb_only	2	Caldilineaceae,DUEN01
gtdb_only	2	Rhodocyclaceae,UBA3065
gtdb_only	2	Alkalibacteraceae,Eubacteriaceae
gtdb_only	2	Christensenellaceae,SZUA-584
gtdb_only	2	Marispirochaetaceae,UBA9216
gtdb_only	2	DTU083,UBA3941
gtdb_only	2	GCA-2746185,SLHB01
gtdb_only	2	Ch109,Thermacetogeniaceae
gtdb_only	2	Denitrovibrionaceae,Mucispirillaceae
gtdb_only	2	DTU086,Desulfitibacteraceae
gtdb_only	2	Devosiaceae,OSC116
gtdb_only	2	JAAXVQ01,Palsa-1178
gtdb_only	2	UBA2174_A,UBA5852
gtdb_only	2	DUMU01,Limnochordaceae
gtdb_only	2	JAFGTP01,UBA2242
gtdb_only	2	Bacillaceae_C,DSM-25281
gtdb_only	2	Geoalkalibacteraceae,Geothermobacteraceae
gtdb_only	2	Calditerrivibrionaceae,Deferrivibrionaceae
gtdb_only	2	Bog-1112,RGVZ01
gtdb_only	2	Marinomonadaceae,Nitrincolaceae
gtdb_only	2	Bradymonadaceae,UBA1532
gtdb_only	2	GCA-002686595,JACQFD01
gtdb_only	2	Geminicoccaceae,Tistrellaceae
gtdb_only	2	Hyphomonadaceae,TH1-2
gtdb_only	2	HyVt-429,UBA6901
gtdb_only	2	Campylobacteraceae,UBA1877
gtdb_only	2	Fibrobacteraceae,UBA11236
gtdb_only	2	DSM-13327,Propionisporaceae
gtdb_only	2	Casimicrobiaceae,Usitatibacteraceae
gtdb_only	2	Euzebyaceae,Nitriliruptoraceae
gtdb_only	2	Ahniellaceae,Rhodanobacteraceae
gtdb_only	2	SM1A02,UBA5793
gtdb_only	2	CAIOGM01,Geobacteraceae
gtdb_only	2	DSM-21159,Rhodovibrionaceae
gtdb_only	2	Caldibacillaceae,Planococcaceae
gtdb_only	2	Granulosicoccaceae,UBA5861
gtdb_only	2	PWYM01,UBA6522
gtdb_only	2	Bacillaceae_H,Bacillaceae_I
gtdb_only	2	Oceanibaculaceae,SHVZ01
gtdb_only	2	Desulfofarciminaceae,Pelotomaculaceae
gtdb_only	2	Opitutaceae,Verruco-01
gtdb_only	2	Oscillospiraceae,UBA929
gtdb_only	2	Anaerovoracaceae,JAAYPU01
gtdb_only	2	Bacillaceae_B,Jeotgalibacillaceae
gtdb_only	2	T1SED10-28,Tindalliaceae
gtdb_only	2	HB172195,UBA6769
gtdb_only	2	Desulfovirgulaceae,Nap2-2B
gtdb_only	2	Acutalibacteraceae,Ruminococcaceae
gtdb_only	2	B68-G9,Latescibacteraceae
gtdb_only	2	Desulfuromonadaceae,Geopsychrobacteraceae
gtdb_only	2	CF-72,JACCZL01
gtdb_only	2	Amphibacillaceae,Halobacillaceae
gtdb_only	2	B30-G6,Desulfosarcinaceae
gtdb_only	2	Hydrogenimonadaceae,Nitratiruptoraceae
gtdb_only	2	Caloramatoraceae,Clostridiaceae
gtdb_only	2	JAGOGO01,UBA8473
gtdb_only	2	CACIAM-22H2,JAEULC01
gtdb_only	2	GCA-2746255,SMXQ01
gtdb_only	2	GCA-2729495,Woeseiaceae
gtdb_only	2	DSM-27016,DTU013
gtdb_only	2	Aneurinibacillaceae,RAOX-1
gtdb_only	2	Bu92,JAJYVN01
gtdb_only	2	Caldicoprobacteraceae,Xylanivirgaceae
gtdb_only	2	Gallionellaceae,JABEVD01
gtdb_only	2	GCA-2689995,JACNLC01
gtdb_only	2	Rhodobiaceae,Stappiaceae
gtdb_only	2	RSA9,UBA6960
gtdb_only	2	Aquicultoraceae,Humimicrobiaceae
gtdb_only	2	Ectothiorhodospiraceae,Thioalkalivibrionaceae
gtdb_only	2	Actinomycetaceae,Cellulomonadaceae
gtdb_only	2	B1SED10-174,DY22613
gtdb_only	2	Bdellovibrionaceae,JAMPXM01
gtdb_only	2	DSM-21967,Spongiibacteraceae
gtdb_only	2	Halorhodospiraceae,Nitrococcaceae
gtdb_only	2	ETH-SRB1,RPRI01
gtdb_only	2	UBA10030,UBA8401
gtdb_only	2	GCA-001735895,SZUA-229
gtdb_only	2	CTSoil-072,UMGS1260
gtdb_only	2	BMS3BBIN04,RPQS01
gtdb_only	2	HTCC2089,Pseudohongiellaceae
gtdb_only	2	BuS5,UBA11574
gtdb_only	2	BM714,Caminicellaceae
gtdb_only	2	FEN-1346,JAACEH01
gtdb_only	2	SM23-35,UBA6898
gtdb_only	2	CADDYW01,FW602-bin22
gtdb_only	2	Halanaerobiaceae,Halarsenatibacteraceae
gtdb_only	2	Parvibaculaceae,RS24
gtdb_only	2	JAADHI01,Manganitrophaceae
flagella_only	2	Cellulomonadaceae,Micrococcaceae
flagella_only	2	GCA-002684695,TMED127
flagella_only	2	Chitinibacteraceae,Leeiaceae
flagella_only	2	UBA4045,YIM-B00363
flagella_only	2	GCF-002020875,Thiomicrospiraceae
flagella_only	2	UBA4427,UBA6930
flagella_only	2	GCA-001735895,UBA5861
flagella_only	2	Ferrovaceae,Gallionellaceae
flagella_only	2	Celerinatantimonadaceae,Psychromonadaceae
flagella_only	2	JAAYKM01,Smithellaceae
flagella_only	2	Palsa-1178,UBA6099
flagella_only	2	DTU087,JAAZLZ01
flagella_only	2	Neiellaceae,Psychrobiaceae
flagella_only	2	Balneolaceae,Cyclonatronaceae
flagella_only	2	Anaerovoracaceae,Eubacteriaceae
flagella_only	2	AABM5-125-24,BMS3BBIN04
flagella_only	2	Nitrosomonadaceae,WYBJ01
flagella_only	2	BM004,Trichloromonadaceae
flagella_only	2	B25-G16,RPRI01
flagella_only	2	SM23-61,UBA1163
flagella_only	2	Caminicellaceae,Thermotaleaceae
flagella_only	2	Dissulfuribacteraceae,QOAL01
flagella_only	2	B28-G17,UBA9662
flagella_only	2	UBA2268,UBA961
flagella_only	2	Caulobacteraceae,TH1-2
flagella_only	2	JACQBW01,Manganitrophaceae
flagella_only	2	DTU080,DUMU01
flagella_only	2	JAFLJP01,S012-40
flagella_only	2	Sulfurospirillaceae,UBA1877
flagella_only	2	Dendrosporobacteraceae,Propionisporaceae
flagella_only	2	Ruminococcaceae,UBA5745
flagella_only	2	GCA-2400775,Tenderiaceae
flagella_only	2	B62-G9,Brachyspiraceae
flagella_only	2	Aquisalimonadaceae,Halorhodospiraceae
flagella_only	2	Humimicrobiaceae,JAFGCY01
flagella_only	2	JANLFN01,QPJT01
flagella_only	2	GWC2-71-9,RBG-16-71-46
flagella_only	2	PWYM01,XN24
flagella_only	2	UBA4055,WRIO01
flagella_only	2	BuS5,UBA5852
flagella_only	2	Anaerobacillaceae,Bacillaceae_F
flagella_only	2	21-64-14,UBA6901
flagella_only	2	Tepidimicrobiaceae,Tissierellaceae
flagella_only	2	Aneurinibacillaceae,Brevibacillaceae
flagella_only	2	Hyphomonadaceae,Parvularculaceae
flagella_only	2	UBA1924,UBA5793
flagella_only	2	Aminiphilaceae,SV1-B22
flagella_only	2	Methylophilaceae,Sulfuriferulaceae
flagella_only	2	JAAYCJ01,SM23-30
flagella_only	2	CAIYQO01,UBA5829
flagella_only	2	UBA3941,Xylanivirgaceae
flagella_only	2	Burkholderiaceae_D,Litoricolaceae
flagella_only	2	Cohaesibacteraceae,Stappiaceae
flagella_only	2	GCA-2729495,UBA6522
flagella_only	2	CTSoil-080,Thermosinaceae
flagella_only	2	DTU029,Halarsenatibacteraceae
flagella_only	2	JAEUWI01,SLHB01
flagella_only	2	Butyricicoccaceae,Oscillospiraceae
flagella_only	2	Alcanivoracaceae,Halomonadaceae
flagella_only	2	Aestuariirhabdaceae,DSM-21967
flagella_only	2	Enterococcaceae,Lactobacillaceae
flagella_only	2	Clostridiaceae,Peptostreptococcaceae
flagella_only	2	UBA10030,UBA6906
flagella_only	2	Gemmatimonadaceae,RSA9
flagella_only	2	CAG-382,CAG-74
flagella_only	2	Fibrobacteraceae,UBA5070
flagella_only	2	JAJFHC01,Tepidamorphaceae
flagella_only	2	Natronincolaceae,Tindalliaceae
flagella_only	2	JAEULC01,SMXQ01
flagella_only	2	Brocadiaceae,Scalinduaceae
flagella_only	2	Aeromonadaceae,Succinivibrionaceae
flagella_only	2	Tissierellaceae_A,Tissierellaceae_B
flagella_only	2	Burkholderiaceae_A,Burkholderiaceae_B
flagella_only	2	JAHIVH01,SURF-7
flagella_only	2	Geopsychrobacteraceae,Geothermobacteraceae
flagella_only	2	SLND01,Wenzhouxiangellaceae
flagella_only	2	JADFXK01,S145-22
flagella_only	2	Bu92,Thermaerobacteraceae
flagella_only	2	Bacillaceae_B,DSM-25281
flagella_only	2	Halieaceae,Pseudohongiellaceae
flagella_only	2	RSA5,ZCTH02-B6
flagella_only	2	SIT17,Thermohalobacteraceae
flagella_only	2	HB172195,JCM-10596
flagella_only	2	Haliangiaceae,Nannocystaceae
flagella_only	2	JAJYTV01,JAJYVN01
flagella_only	2	JAKLHH01,XYA12-FULL-58-9
flagella_only	2	DRMK01,Thiohalomonadaceae
flagella_only	2	DSM-15969,Sporomusaceae
flagella_only	2	BH030062,Halobacillaceae
flagella_only	2	CAIYYI01,SXTU01
flagella_only	2	UBA1532,UBA4151
flagella_only	2	Methylopilaceae,Phreatobacteraceae
flagella_only	2	UBA11657,VGOW01
flagella_only	2	UBA2392,WSZJ01
flagella_only	2	Natranaerobiaceae,Proteinivoraceae
flagella_only	2	SG8-11,SZUA-152
flagella_only	2	JACCZL01,JAJPHF01
flagella_only	2	Rhodanobacteraceae,Steroidobacteraceae
flagella_only	2	CAG-138,SZUA-584
flagella_only	2	Caloramatoraceae,Oxobacteraceae
flagella_only	2	Nitriliruptoraceae,TK06
flagella_only	2	Acidihalobacteraceae,J044
flagella_only	2	NGM72-4,UBA11358
flagella_only	2	HLUCCA01,Natronogracilivirgulaceae
flagella_only	2	JACIZP01,QNDG01
flagella_only	2	JACNLC01,UBA2242
flagella_only	2	Fictibacillaceae,UBA6769
flagella_only	2	UBA4575,UWMA-0217
flagella_only	2	SCN-69-37,UBA2999
flagella_only	2	Dethiobacteraceae,SKNC01
flagella_only	2	B1SED10-159,DTU012
flagella_only	2	Hydrogenothermaceae,Nitratiruptoraceae
flagella_only	2	RI-55,UBA1319
flagella_only	2	DUPL01,UBA1381
flagella_only	2	Caldatribacteriaceae,DUMJ01
flagella_only	2	JABDKV01,Woeseiaceae
flagella_only	2	Deferribacteraceae,Deferrivibrionaceae
flagella_only	2	DRHE01,SZUA-6
flagella_only	2	CAIMTB01,JADJPG01
flagella_only	2	Oligoflexaceae,RGVZ01
flagella_only	2	Geobacteraceae_A,Pseudopelobacteraceae
flagella_only	2	GCA-2689995,TS1B11
flagella_only	2	CAIRSR01,SZUA-21
flagella_only	2	JADMJV01,JAJTBE01
flagella_only	2	DSM-103792,GCA-2746155
flagella_only	2	Micromonosporaceae,Streptosporangiaceae
flagella_only	2	JACQFD01,JADJEK01
flagella_only	2	Geoalkalibacteraceae,SZUA-540
flagella_only	2	PWMO01,SLAA01
flagella_only	2	SM23-35,UBA8473
flagella_only	2	SIBE01,UBA1100
flagella_only	2	DTU083,Garciellaceae
flagella_only	2	HDB-SIOI813,RBG-16-64-22
flagella_only	2	JAJZQI01,JAKAFK01
flagella_only	2	UBA2136,UBA6503
flagella_only	2	Casimicrobiaceae,JAEUOS01
flagella_only	2	Desulfocucumaceae,Desulfovirgulaceae
flagella_only	2	Oceanibaculaceae,Thalassobaculaceae
flagella_only	2	Bacillaceae_J,Bacillaceae_N
flagella_only	2	Hydrogenimonadaceae,Nautiliaceae
flagella_only	2	CG2-30-53-67,Desulfofervidaceae
flagella_only	2	GCA-2746425,Rhodobiaceae
flagella_only	2	Fusobacteriaceae,Muirbacteriaceae
flagella_only	2	Palsa-688,UBA8190
flagella_only	2	Domibacillaceae,JACDOC01
flagella_only	2	CGMCC-115125,Parvibaculaceae
flagella_only	2	SG8-4,UBA12454
flagella_only	2	Ferrovibrionaceae,Zavarziniaceae
flagella_only	2	Methylothermaceae,UBA2780
flagella_only	2	Ga0077539,JADJMO01
flagella_only	2	Ahniellaceae,Algiphilaceae
flagella_only	2	Acidulodesulfobacteraceae,Leptospirillaceae
flagella_only	2	20CM-2-55-15,UBA6911
flagella_only	2	Berkiellaceae,UBA1113
flagella_only	2	Bacillaceae_L,SA4
flagella_only	2	Tepidisphaeraceae,WQYP01
gtdb_only	3	AK92,Halorhodospiraceae,Nitrococcaceae
gtdb_only	3	DSM-24629,Lachnospiraceae,Vallitaleaceae
gtdb_only	3	Dendrosporobacteraceae,Massilibacillaceae,Selenomonadaceae
gtdb_only	3	CAIXPF01,Microtrichaceae,SZUA-35
gtdb_only	3	Anaerovoracaceae,JAAYPU01,Thermotaleaceae
gtdb_only	3	Acidulodesulfobacteraceae,Syntrophorhabdaceae,WCHB1-27
gtdb_only	3	RBG-16-58-11,Sulfuricellaceae,UBA9220
gtdb_only	3	JABCZZ01,SXRF01,VGDC01
gtdb_only	3	WQUN01,WRAA01,WRAX01
gtdb_only	3	Calditrichaceae,J004,J042
gtdb_only	3	Anaerobacillaceae,Bacillaceae_D,Bacillaceae_F
gtdb_only	3	Cyclonatronaceae,HLUCCA01,Natronogracilivirgulaceae
gtdb_only	3	JAFLJP01,SG8-11,SZUA-152
gtdb_only	3	Desulfobacteraceae,Desulfolunaceae,Desulforegulaceae
gtdb_only	3	GCA-002684695,Puniceispirillaceae,UBA1172
gtdb_only	3	Caloramatoraceae,Clostridiaceae,Oxobacteraceae
gtdb_only	3	Aestuariirhabdaceae,Endozoicomonadaceae,Zooshikellaceae
gtdb_only	3	Desulfomicrobiaceae,Desulfonatronovibrionaceae,Desulfonauticaceae
gtdb_only	3	GCA-002770795,GCA-2746155,Kangiellaceae
gtdb_only	3	Celerinatantimonadaceae,Moritellaceae,Psychromonadaceae
gtdb_only	3	Dermatophilaceae,Kineococcaceae,Quadrisphaeraceae
gtdb_only	3	Ga0077536,JAJPIJ01,UBA4486
gtdb_only	3	JAEUIK01,PNKZ01,Thermoguttaceae
gtdb_only	3	Desulfitobacteriaceae,Heliobacteriaceae,Syntrophobotulaceae
gtdb_only	3	Kordiimonadaceae,Rhodothalassiaceae,Sphingomonadaceae
gtdb_only	3	Halomonadaceae,Marinomonadaceae,Nitrincolaceae
gtdb_only	3	Methylococcaceae,Methylomonadaceae,Methylothermaceae
gtdb_only	3	JdFR-88,SM23-35,UBA6898
gtdb_only	3	SZUA-540,Syntrophotaleaceae,Trichloromonadaceae
gtdb_only	3	Deferrimicrobiaceae,S145-22,Tharpellaceae
gtdb_only	3	4484-171,Auribacteraceae,S143-82
gtdb_only	3	HTCC2089,JAHRWD01,Pseudohongiellaceae
gtdb_only	3	DUMU01,Limnochordaceae,ZCTH02-B6
gtdb_only	3	DRMK01,Thiohalomonadaceae,UBA6429
gtdb_only	3	Acutalibacteraceae,Ethanoligenenaceae,Ruminococcaceae
gtdb_only	3	DSM-27016,DTU013,JANLFN01
gtdb_only	3	Acidihalobacteraceae,Ectothiorhodospiraceae,Thioalkalivibrionaceae
gtdb_only	3	Ahniellaceae,Rhodanobacteraceae,Xanthomonadaceae
gtdb_only	3	UBA2210,UBA4778,UBA6807
gtdb_only	3	JAJZPE01,Symbiobacteriaceae,ZC4RG38
gtdb_only	3	BMS3Abin05,DREG01,QNDG01
gtdb_only	3	Desulfocucumaceae,Desulfovirgulaceae,Nap2-2B
gtdb_only	3	2-02-FULL-58-16,2-02-FULL-58-16_A,UXAT02
gtdb_only	3	CAIMUX01,RBG-16-71-46,WJJG01
gtdb_only	3	Acidaminobacteraceae,BM714,Caminicellaceae
gtdb_only	3	CAJBBX01,Capsulimonadaceae,Chthonomonadaceae
gtdb_only	3	Fen-1088,Haliangiaceae,Palsa-1104
gtdb_only	3	Bacillaceae_B,Domibacillaceae,Jeotgalibacillaceae
gtdb_only	3	JAGQZY01,UBA1609,UBA6776
gtdb_only	3	JAGOGO01,SM23-61,UBA8473
gtdb_only	3	Caulobacteraceae,Hyphomonadaceae,TH1-2
gtdb_only	3	40CM-4-68-19,Anaeromyxobacteraceae,Myxococcaceae
gtdb_only	3	Alkalibacteraceae,Eubacteriaceae,Garciellaceae
gtdb_only	3	PHBD01,UBA5619,UBA8958
gtdb_only	3	Anaeromusaceae,CTSoil-072,UMGS1260
gtdb_only	3	JAADHI01,Manganitrophaceae,SBBA01
gtdb_only	3	Caldibacillaceae,JC228,Planococcaceae
gtdb_only	3	Chthoniobacteraceae,Terrimicrobiaceae,UBA1321
gtdb_only	3	CAIMTB01,SXTU01,UBA9464
gtdb_only	3	GCA-2689995,JACNLC01,TS1B11
gtdb_only	3	DC-out160,Ketobacteraceae,UBA3067
gtdb_only	3	DRI-13,DTU073,UBA5745
gtdb_only	3	Fictibacillaceae,HB172195,UBA6769
gtdb_only	3	CAJFVJ01,Gastranaerophilaceae,RUG14156
gtdb_only	3	DRHE01,Fen-1364,SZUA-6
gtdb_only	3	CGMCC-115125,Parvibaculaceae,RS24
gtdb_only	3	Gottschalkiaceae,Proteiniboraceae,Thermohalobacteraceae
gtdb_only	3	Butyricicoccaceae,Oscillospiraceae,UBA929
gtdb_only	3	CALZJG01,Ga007554,JAADGQ01
gtdb_only	3	NBRC-103111,Paenibacillaceae,UBA4045
gtdb_only	3	BM004,Desulfobulbaceae,Desulfocapsaceae
gtdb_only	3	Burkholderiaceae_B,Burkholderiaceae_C,Burkholderiaceae_D
gtdb_only	3	DSM-19205,JABEVK01,Spirochaetaceae_B
gtdb_only	3	B5-G15,JAFGTP01,UBA2242
gtdb_only	3	DYLC01,QOAL01,UBA3076
gtdb_only	3	Bu92,JAJYVN01,Thermaerobacteraceae
gtdb_only	3	Geodermatophilaceae,Micromonosporaceae,Pseudonocardiaceae
gtdb_only	3	JAFNAJ01,UBA2999,Vicinamibacteraceae
gtdb_only	3	Algiphilaceae,Nevskiaceae,Oceanococcaceae
gtdb_only	3	B25-G16,Desulfatiglandaceae,HGW-15
gtdb_only	3	CAIOGM01,Geobacteraceae,Geobacteraceae_A
gtdb_only	3	JAJZQI01,Sulfuriferulaceae,Thiobacillaceae
gtdb_only	3	JAAYKM01,Smithellaceae,Syntrophaceae
gtdb_only	3	Acidobacteriaceae,Koribacteraceae,SbA1
gtdb_only	3	DSM-16500,Legionellaceae,UBA1113
gtdb_only	3	21-64-14,JAABTG01,JABDQX01
gtdb_only	3	BW-2,GCF-002020875,GRL18
gtdb_only	3	PWPR01,UBA5500,UBA994
gtdb_only	3	DTU086,Desulfitibacteraceae,JADQBR01
gtdb_only	3	Granulosicoccaceae,Halothiobacillaceae,UBA5861
gtdb_only	3	Elsteraceae,Oceanibaculaceae,SHVZ01
gtdb_only	3	FEN-1173,JAAXVQ01,Palsa-1178
gtdb_only	3	Alteromonadaceae,Gallaecimonadaceae,Neiellaceae
gtdb_only	3	DTU022,SKNC01,UBA8154
flagella_only	3	QYQD01,SM23-61,UBA1163
flagella_only	3	Desulfobulbaceae,Desulfocapsaceae,Desulfosalsimonadaceae
flagella_only	3	Aquaspirillaceae,Chitinibacteraceae,Leeiaceae
flagella_only	3	Berkiellaceae,Piscirickettsiaceae,UBA1113
flagella_only	3	Caldicoprobacteraceae,UBA3941,Xylanivirgaceae
flagella_only	3	Anaerobacillaceae,Bacillaceae_F,Salisediminibacteriaceae
flagella_only	3	JdFR-88,SM23-35,UBA8473
flagella_only	3	Devosiaceae,GCA-2746425,Rhodobiaceae
flagella_only	3	DSM-103792,GCA-2746155,Kangiellaceae
flagella_only	3	Geobacteraceae,Geobacteraceae_A,Pseudopelobacteraceae
flagella_only	3	Acidibacillaceae,Alicyclobacillaceae,Kyrpidiaceae
flagella_only	3	JAEULC01,SMXQ01,UBA6615
flagella_only	3	JACNLC01,JAFGTP01,UBA2242
flagella_only	3	2-02-FULL-58-16,2-02-FULL-58-16_A,Casp-alpha2
flagella_only	3	CAJBBX01,Chthonomonadaceae,HRBIN16
flagella_only	3	SZUA-567,UBA2392,WSZJ01
flagella_only	3	DRQF01,GCA-002686595,GCA-002687715
flagella_only	3	HB172195,JCM-10596,Tepidibacillaceae
flagella_only	3	Latescibacteraceae,UBA2968,UBA8231
flagella_only	3	FEN-1173,JABUFB01,UBA5352
flagella_only	3	JAADHI01,JACQBW01,Manganitrophaceae
flagella_only	3	4572-78,DUEN01,J111
flagella_only	3	CAIYQO01,JAAZEB01,UBA5829
flagella_only	3	Helicobacteraceae,SZUA-545,UBA6016
flagella_only	3	Bacillaceae_J,Bacillaceae_N,Bacillaceae_O
flagella_only	3	Desulfonatronaceae,Desulfonatronovibrionaceae,Desulfonauticaceae
flagella_only	3	CALZJG01,Ga007554,VBWC01
flagella_only	3	Desulfurobacteriaceae,Hydrogenothermaceae,Nitratiruptoraceae
flagella_only	3	Casimicrobiaceae,JAEUOS01,Usitatibacteraceae
flagella_only	3	GCA-001735895,SZUA-229,UBA5861
flagella_only	3	Geoalkalibacteraceae,SZUA-540,Syntrophotaleaceae
flagella_only	3	DTU030,DUMP01,UBA5500
flagella_only	3	Anaeromyxobacteraceae,Fen-1088,Myxococcaceae
flagella_only	3	JAEUIK01,Lacipirellulaceae,PNKZ01
flagella_only	3	Tissierellaceae_A,Tissierellaceae_B,Tissierellaceae_C
flagella_only	3	Cycloclasticaceae,Methylothermaceae,UBA2780
flagella_only	3	JAABTG01,JABDQX01,UBA4486
flagella_only	3	JAJYTV01,JAJYVN01,Sulfobacillaceae
flagella_only	3	Erysipelotrichaceae,Ruminococcaceae,UBA5745
flagella_only	3	Desulfobacteraceae,JAHIVH01,SURF-7
flagella_only	3	Caulobacteraceae,Maricaulaceae,TH1-2
flagella_only	3	NBRC-103111,UBA4045,YIM-B00363
flagella_only	3	UBA5962,WQUN01,WRAA01
flagella_only	3	Deferrisomataceae,JACRMM01,JAJRXV01
flagella_only	3	UBA3002,UBA998,VGDC01
flagella_only	3	JADFXK01,S145-22,Tharpellaceae
flagella_only	3	FEN-1343,JAAYCJ01,SM23-30
flagella_only	3	JAJZQI01,JAKAFK01,RBG-16-58-11
flagella_only	3	DC0425bin3,JADGCH01,Magnetococcaceae
flagella_only	3	AE-B3A,B3-G15,S143-82
flagella_only	3	Anoxybacillaceae,Bacillaceae_L,SA4
flagella_only	3	Aquisalimonadaceae,Halorhodospiraceae,Nitrococcaceae
flagella_only	3	Burkholderiaceae_D,Litoricolaceae,Porticoccaceae
flagella_only	3	DSM-6294,Natronospirillaceae,Oleiphilaceae
flagella_only	3	CAG-382,CAG-74,UBA4068
flagella_only	3	B11-G9,Sediminispirochaetaceae,UBA9216
flagella_only	3	DSM-2933,JANLFN01,QPJT01
flagella_only	3	DSM-21159,J153,Kiloniellaceae
flagella_only	3	Cohaesibacteraceae,Pleomorphomonadaceae,Stappiaceae
flagella_only	3	4484-171,Palsa-1178,UBA6099
flagella_only	3	Puniceispirillaceae,RS24,UBA1172
flagella_only	3	AABM5-125-24,B3-LCP,BMS3BBIN04
flagella_only	3	DTU083,Garciellaceae,MES13
flagella_only	3	DRHE01,JAFGRV01,SZUA-6
flagella_only	3	Breznakiellaceae,Rectinemataceae,UBA12059
flagella_only	3	21-64-14,HyVt-429,UBA6901
flagella_only	3	Anaerotignaceae,Butyricicoccaceae,Oscillospiraceae
flagella_only	3	SCQP01,UBA7540,UBA7541
flagella_only	3	JAMPXM01,UBA1609,UBA6776
flagella_only	3	Hyphomonadaceae,Parvularculaceae,Rhodobacteraceae
flagella_only	3	T3Sed10-11,UBA10030,UBA6906
flagella_only	3	Ozemobacteraceae,UBA6191,UBA9980
flagella_only	3	BMS3Abin05,DREG01,DRLW01
flagella_only	3	CAIKXV01,Ga0077523,SHXO01
flagella_only	3	JABEVD01,Nitrosomonadaceae,WYBJ01
flagella_only	3	BB28,Hydrogenimonadaceae,Nautiliaceae
flagella_only	3	Emcibacteraceae,J090,Kordiimonadaceae
flagella_only	3	Ahniellaceae,Algiphilaceae,Nevskiaceae
flagella_only	3	B25-G16,RPRI01,UBA11574
flagella_only	3	Oceanibaculaceae,SHVZ01,Thalassobaculaceae
flagella_only	3	Alcanivoracaceae,Halomonadaceae,Salinisphaeraceae
flagella_only	3	Ectothiorhodospiraceae,PWYM01,XN24
flagella_only	3	Gemmatimonadaceae,RSA9,UBA6960
flagella_only	3	GCA-2731375,Minwuiaceae,Sneathiellaceae
flagella_only	3	Chthoniobacteraceae,Opitutaceae,Terrimicrobiaceae
flagella_only	3	CAJQPC01,GCA-2862545,SXON01
flagella_only	3	Granulosicoccaceae,UBA4575,UWMA-0217
flagella_only	3	Bacillaceae_B,Bacillaceae_C,DSM-25281
flagella_only	3	Acetohalobiaceae,DY22613,Halobacteroidaceae
flagella_only	3	Aestuariirhabdaceae,DSM-21967,IMCC2047
flagella_only	3	Gastranaerophilaceae,RUG14156,UBA9971
flagella_only	3	BJHT01,CAIMTB01,JADJPG01
flagella_only	3	CTSoil-080,Thermosinaceae,UBA7701
flagella_only	3	JACIZP01,QNDG01,Zgenome-0027
flagella_only	3	JAFDCJ01,JAHEIW01,UBA2174_A
flagella_only	3	DYLC01,Dissulfuribacteraceae,QOAL01
flagella_only	3	Micromonosporaceae,Motilibacteraceae,Streptosporangiaceae
flagella_only	3	BICA1-8,DRI-13,DTU073
gtdb_only	4	CF-72,JACCZL01,JAJPHF01,UBA6077
gtdb_only	4	Beijerinckiaceae,Methylopilaceae,Phreatobacteraceae,Xanthobacteraceae
gtdb_only	4	NGM72-4,Palsa-1400,UBA11358,UBA8199
gtdb_only	4	CAIXPF01,Microtrichaceae,SZUA-35,TK06
gtdb_only	4	Cellulosilyticaceae,DSM-24629,Lachnospiraceae,Vallitaleaceae
gtdb_only	4	Aquaspirillaceae,Chitinibacteraceae,Chitinimonadaceae,Chromobacteriaceae
gtdb_only	4	GWC2-71-9,Gemmatimonadaceae,RSA9,UBA6960
gtdb_only	4	BuS5,ETH-SRB1,RPRI01,UBA11574
gtdb_only	4	2-02-FULL-58-16,2-02-FULL-58-16_A,Casp-alpha2,UXAT02
gtdb_only	4	JAFDCJ01,JAHEIW01,UBA2174_A,UBA5852
gtdb_only	4	CR04bin15,DRLW01,JACIZP01,Zgenome-0027
gtdb_only	4	DRHE01,Fen-1364,JAFGRV01,SZUA-6
gtdb_only	4	21-64-14,CAIRSR01,JAABTG01,JABDQX01
gtdb_only	4	Aquificaceae,Hydrogenobaculaceae,Hydrogenothermaceae,QOAS01
gtdb_only	4	Geodermatophilaceae,Micromonosporaceae,Pseudonocardiaceae,Streptosporangiaceae
gtdb_only	4	Sporanaerobacteraceae,Tepidimicrobiaceae,Tissierellaceae,Tissierellaceae_A
gtdb_only	4	Anaerohalosphaeraceae,SG8-4,SM23-30,UBA12454
gtdb_only	4	DSM-27016,DTU013,JANLFN01,QPJT01
gtdb_only	4	CADDYW01,FW602-bin22,Tepidiformaceae,UBA2979
gtdb_only	4	Acidihalobacteraceae,Ectothiorhodospiraceae,J044,Thioalkalivibrionaceae
gtdb_only	4	Anammoxibacteraceae,Brocadiaceae,SM23-32,Scalinduaceae
gtdb_only	4	Bradymonadaceae,GCA-2863065,PHBI01,UBA1532
gtdb_only	4	Algiphilaceae,Nevskiaceae,Oceanococcaceae,Salinisphaeraceae
gtdb_only	4	Burkholderiaceae,Burkholderiaceae_B,Burkholderiaceae_C,Burkholderiaceae_D
gtdb_only	4	Acetobacteraceae,Magnetospirillaceae,Rhodospirillaceae,WMHbin7
gtdb_only	4	Muirbacteriaceae,Ozemobacteraceae,UBA6191,UBA9980
gtdb_only	4	Acidulodesulfobacteraceae,Calescibacteriaceae,Syntrophorhabdaceae,WCHB1-27
gtdb_only	4	GCA-2689995,JACNLC01,TS1B11,UBA8477
gtdb_only	4	Fen-1088,Haliangiaceae,JAKLHH01,Palsa-1104
gtdb_only	4	JACRGQ01,JACRLM01,Nitrospinaceae,UBA7883
gtdb_only	4	CAJQPC01,GCA-2862545,UBA2385,UBA796
gtdb_only	4	JABWBI01,OLB16,SURF-12,UBA8349
gtdb_only	4	Ga0077523,SG8-41,SHXO01,WYBJ01
gtdb_only	4	Elsteraceae,Oceanibaculaceae,SHVZ01,Stellaceae
gtdb_only	4	B68-G9,Latescibacteraceae,UBA2968,UBA8231
gtdb_only	4	HRBIN17,JABUFB01,UBA10988,UBA5352
gtdb_only	4	Ahniellaceae,Rhodanobacteraceae,Wenzhouxiangellaceae,Xanthomonadaceae
gtdb_only	4	Aestuariirhabdaceae,Endozoicomonadaceae,Pseudomonadaceae,Zooshikellaceae
gtdb_only	4	BICA1-8,DRI-13,DTU073,UBA5745
gtdb_only	4	GCA-002684695,Puniceispirillaceae,Thalassobaculaceae,UBA1172
gtdb_only	4	Ancalomicrobiaceae,Pleomorphomonadaceae,Rhodobiaceae,Stappiaceae
gtdb_only	4	Berkiellaceae,DSM-16500,Legionellaceae,UBA1113
gtdb_only	4	JAGOGO01,SM23-61,UBA1163,UBA8473
gtdb_only	4	DSM-19610,JAHJQQ01,SZUA-21,Thiohalobacteraceae
gtdb_only	4	Caulobacteraceae,Hyphomonadaceae,Maricaulaceae,TH1-2
gtdb_only	4	AABM5-125-24,B3-LCP,BMS3BBIN04,RPQS01
gtdb_only	4	Caldicoprobacteraceae,DTU083,UBA3941,Xylanivirgaceae
gtdb_only	4	Desulfobacteraceae,Desulfolunaceae,Desulforegulaceae,JAHIVH01
gtdb_only	4	Desulfitobacteriaceae,Heliobacteriaceae,Syntrophobotulaceae,UBA4068
gtdb_only	4	B25-G16,Desulfatiglandaceae,HGW-15,JADFXK01
gtdb_only	4	ATM1,Fimbriimonadaceae,GBS-DC,HRBIN16
gtdb_only	4	Acidobacteriaceae,Koribacteraceae,SCQP01,SbA1
gtdb_only	4	DYLC01,Dissulfuribacteraceae,QOAL01,UBA3076
gtdb_only	4	GCA-2729495,PWYM01,UBA6522,Woeseiaceae
gtdb_only	4	B11-G9,Marispirochaetaceae,Sediminispirochaetaceae,UBA9216
gtdb_only	4	B1SED10-159,DTU010,DTU012,DTU087
gtdb_only	4	UBA4151,VGSZ01,WYAZ01,XYA12-FULL-58-9
gtdb_only	4	JAKAFK01,RBG-16-58-11,Sulfuricellaceae,UBA9220
gtdb_only	4	BJHT01,CAIMTB01,SXTU01,UBA9464
gtdb_only	4	BW-2,GCF-002020875,GRL18,JABHGC01
gtdb_only	4	Aeribacillaceae,Bacillaceae,Bacillaceae_H,Bacillaceae_I
gtdb_only	4	DC0425bin3,JADGCH01,Magnetaquicoccaceae,UBA8363
gtdb_only	4	PWMO01,PXBQ01,SLAA01,SLST01
gtdb_only	4	Acidibacillaceae,Alicyclobacillaceae,Effusibacillaceae,Tumebacillaceae
gtdb_only	4	Hydrogenimonadaceae,Nitratiruptoraceae,Sulfurimonadaceae,Thiovulaceae
gtdb_only	4	GCA-002686595,GCA-002748355,JACQFD01,UBA2386
gtdb_only	4	BM004,Desulfobulbaceae,Desulfocapsaceae,Desulfurivibrionaceae
gtdb_only	4	DSM-21967,Halieaceae,Spongiibacteraceae,UBA7434
gtdb_only	4	NBRC-103111,Paenibacillaceae,UBA4045,YIM-B00363
gtdb_only	4	F1-140-MAGs086,UBA10030,UBA6906,UBA8401
flagella_only	4	NBRC-103111,SCSIO-06110,UBA4045,YIM-B00363
flagella_only	4	Calditerrivibrionaceae,Deferribacteraceae,Deferrivibrionaceae,Denitrovibrionaceae
flagella_only	4	Ch115,DTU025,JABLXJ01,UBA4971
flagella_only	4	Anaerobacillaceae,Bacillaceae_D,Bacillaceae_F,Salisediminibacteriaceae
flagella_only	4	Emcibacteraceae,J090,Kordiimonadaceae,Rhodothalassiaceae
flagella_only	4	Celerinatantimonadaceae,Neiellaceae,Psychrobiaceae,Psychromonadaceae
flagella_only	4	Alkalibacteraceae,Tissierellaceae_A,Tissierellaceae_B,Tissierellaceae_C
flagella_only	4	JACRGQ01,JACRLM01,UBA7883,UBA9942
flagella_only	4	GCA-002748355,JACQFD01,JADJEK01,UBA2386
flagella_only	4	Aquaspirillaceae,Chitinibacteraceae,Chitinimonadaceae,Leeiaceae
flagella_only	4	DTU083,Garciellaceae,JAAYPU01,MES13
flagella_only	4	B5-G15,JACNLC01,JAFGTP01,UBA2242
flagella_only	4	CTSoil-072,CTSoil-080,Thermosinaceae,UBA7701
flagella_only	4	Bdellovibrionaceae,JAMPXM01,UBA1609,UBA6776
flagella_only	4	Acutalibacteraceae,Anaerotignaceae,Butyricicoccaceae,Oscillospiraceae
flagella_only	4	Aestuariirhabdaceae,DSM-21967,IMCC2047,JAHRWD01
flagella_only	4	Ectothiorhodospiraceae,PWYM01,Thioalkalivibrionaceae,XN24
flagella_only	4	Caloramatoraceae,Clostridiaceae,Oxobacteraceae,Peptostreptococcaceae
flagella_only	4	BJHT01,CAIMTB01,JADJPG01,Palsa-1400
flagella_only	4	Desulfurivibrionaceae,QYQD01,SM23-61,UBA1163
flagella_only	4	40CM-4-68-19,Anaeromyxobacteraceae,Fen-1088,Myxococcaceae
flagella_only	4	GCA-2729495,JABDKV01,UBA6522,Woeseiaceae
flagella_only	4	DRMK01,JAFLJP01,S012-40,Thiohalomonadaceae
flagella_only	4	Alkalispirochaetaceae,PWMO01,PXBQ01,SLAA01
flagella_only	4	Desulfomicrobiaceae,Desulfonatronaceae,Desulfonatronovibrionaceae,Desulfonauticaceae
flagella_only	4	B25-G16,C00003060,RPRI01,UBA11574
flagella_only	4	Micromonosporaceae,Motilibacteraceae,Pseudonocardiaceae,Streptosporangiaceae
flagella_only	4	Acetivibrionaceae,DSM-2933,JANLFN01,QPJT01
flagella_only	4	JdFR-88,SM23-35,UBA6898,UBA8473
flagella_only	4	B130-G9,Deferrisomataceae,JACRMM01,JAJRXV01
flagella_only	4	JAAYKM01,PHBD01,Smithellaceae,UBA8958
flagella_only	4	ARS1246,B11-G9,Sediminispirochaetaceae,UBA9216
flagella_only	4	Cohaesibacteraceae,Pleomorphomonadaceae,Stappiaceae,Xanthobacteraceae
flagella_only	4	Ahniellaceae,Algiphilaceae,Nevskiaceae,Xanthomonadaceae
flagella_only	4	Burkholderiaceae_D,HTCC2089,Litoricolaceae,Porticoccaceae
flagella_only	4	70-9,Gaiellaceae,Solirubrobacteraceae,Thermoleophilaceae
flagella_only	4	FEN-1343,JAACEH01,JAAYCJ01,SM23-30
flagella_only	4	AABM5-125-24,B3-LCP,BMS3BBIN04,CAIWAD01
flagella_only	4	DULZ01,JADQBR01,PH28-bin88,Zhaonellaceae
flagella_only	4	Caulobacteraceae,Maricaulaceae,Micropepsaceae,TH1-2
flagella_only	4	DTU015,DUSS01,JABLXB01,JAJZPE01
flagella_only	4	Desulfallaceae,Desulfocucumaceae,Desulfovirgulaceae,VENG01
flagella_only	4	CF-72,FW602-bin22,JACCZL01,JAJPHF01
flagella_only	4	DSM-15969,Dendrosporobacteraceae,Propionisporaceae,Sporomusaceae
flagella_only	4	DSM-24629,Defluviitaleaceae,JAAYNZ01,Vallitaleaceae
flagella_only	4	T3Sed10-11,UBA10030,UBA6906,UBA8401
flagella_only	4	2-02-FULL-58-16,2-02-FULL-58-16_A,Casp-alpha2,Magnetovibrionaceae
flagella_only	4	Desulfobacteraceae,Desulforegulaceae,JAHIVH01,SURF-7
flagella_only	4	Aminiphilaceae,Dethiosulfovibrionaceae,SV1-B22,Synergistaceae
flagella_only	4	GCA-2731375,Minwuiaceae,Sneathiellaceae,UBA2966
flagella_only	4	B68-G9,JACIZP01,QNDG01,Zgenome-0027
flagella_only	4	Actinomycetaceae,Cellulomonadaceae,Micrococcaceae,Quadrisphaeraceae
flagella_only	4	Alcanivoracaceae,Burkholderiaceae_C,Halomonadaceae,Salinisphaeraceae
flagella_only	4	JAEUIK01,Lacipirellulaceae,PNKZ01,Thermoguttaceae
flagella_only	4	Elsteraceae,RFNS01,RGZA01,UBA9219
flagella_only	4	Chthoniobacteraceae,Opitutaceae,Terrimicrobiaceae,Verruco-01
flagella_only	4	DRHE01,JAFGRV01,RPPD01,SZUA-6
flagella_only	4	Caldicoprobacteraceae,Mahellaceae,UBA3941,Xylanivirgaceae
flagella_only	4	FEN-1099,JABWBI01,JACKCT01,UBA8349
flagella_only	4	Ch109,DTU052,Syntrophomonadaceae,Syntrophothermaceae
flagella_only	4	Casimicrobiaceae,JAEUOS01,SG8-39,Usitatibacteraceae
flagella_only	4	Cycloclasticaceae,Methylomonadaceae,Methylothermaceae,UBA2780
flagella_only	4	Anammoxibacteraceae,Auribacteraceae,Brocadiaceae,Scalinduaceae
flagella_only	4	CAG-138,Christensenellaceae,SZUA-584,UMGS416
flagella_only	4	Anaerohalosphaeraceae,FEN-1346,SG8-4,UBA12454
gtdb_only	5	Fusobacteriaceae,Muirbacteriaceae,Ozemobacteraceae,UBA6191,UBA9980
gtdb_only	5	DTU080,DUMU01,Limnochordaceae,RSA5,ZCTH02-B6
gtdb_only	5	Filifactoraceae,Natronincolaceae,Peptostreptococcaceae,T1SED10-28,Tindalliaceae
gtdb_only	5	CAG-138,CAG-74,Christensenellaceae,SZUA-584,UMGS416
gtdb_only	5	DRHE01,Fen-1364,JAFGRV01,RPPD01,SZUA-6
gtdb_only	5	Alkalibacillaceae,Amphibacillaceae,BH030062,DSM-28697,Halobacillaceae
gtdb_only	5	Ga0077523,Nitrosomonadaceae,SG8-41,SHXO01,WYBJ01
gtdb_only	5	Emcibacteraceae,J090,Kordiimonadaceae,Rhodothalassiaceae,Sphingomonadaceae
gtdb_only	5	DSM-6294,Halomonadaceae,Marinomonadaceae,Natronospirillaceae,Nitrincolaceae
gtdb_only	5	GWA2-58-10,GWC2-71-9,Gemmatimonadaceae,RSA9,UBA6960
gtdb_only	5	Sporanaerobacteraceae,Tepidimicrobiaceae,Tissierellaceae,Tissierellaceae_A,Tissierellaceae_B
gtdb_only	5	DTU022,Dethiobacteraceae,Natranaerobiaceae,SKNC01,UBA8154
gtdb_only	5	Acidobacteriaceae,Bryobacteraceae,Koribacteraceae,SCQP01,SbA1
gtdb_only	5	GCA-2400775,JADJWH01,SZUA-140,SZUA-76,VBWC01
gtdb_only	5	Aminiphilaceae,Aminobacteriaceae,Dethiosulfovibrionaceae,SV1-B22,Synergistaceae
gtdb_only	5	Alcanivoracaceae,DC-out160,Ketobacteraceae,Moraxellaceae,UBA3067
gtdb_only	5	Caldicoprobacteraceae,DTU083,Mahellaceae,UBA3941,Xylanivirgaceae
gtdb_only	5	Aestuariirhabdaceae,Endozoicomonadaceae,IMCC2047,Pseudomonadaceae,Zooshikellaceae
gtdb_only	5	Algiphilaceae,Nevskiaceae,Oceanococcaceae,Salinisphaeraceae,UBA5335
gtdb_only	5	Caulobacteraceae,Hyphomonadaceae,Maricaulaceae,Parvularculaceae,TH1-2
gtdb_only	5	Berkiellaceae,DSM-16500,Legionellaceae,Piscirickettsiaceae,UBA1113
gtdb_only	5	Baltobacteraceae,JADMJV01,JAJTBE01,RGZZ01,SCRA01
gtdb_only	5	Acetohalobiaceae,DTU029,Halanaerobiaceae,Halarsenatibacteraceae,Halobacteroidaceae
gtdb_only	5	DTU015,DUSS01,JABLXB01,JAJYTV01,Sulfobacillaceae
gtdb_only	5	GCA-002686595,GCA-002748355,JACQFD01,JADJEK01,UBA2386
gtdb_only	5	PWMO01,PXBQ01,SKKC01,SLAA01,SLST01
gtdb_only	5	Acidibacillaceae,Alicyclobacillaceae,Effusibacillaceae,Kyrpidiaceae,Tumebacillaceae
gtdb_only	5	CAIXPF01,Ilumatobacteraceae,Microtrichaceae,SZUA-35,TK06
gtdb_only	5	2-02-FULL-58-16,2-02-FULL-58-16_A,Casp-alpha2,Magnetovibrionaceae,UXAT02
gtdb_only	5	Aquificaceae,Desulfurobacteriaceae,Hydrogenobaculaceae,Hydrogenothermaceae,QOAS01
gtdb_only	5	Burkholderiaceae,Burkholderiaceae_A,Burkholderiaceae_B,Burkholderiaceae_C,Burkholderiaceae_D
gtdb_only	5	Bacteriovoracaceae,CAIMNF01,CAIPTA01,UBA1018,UBA923
gtdb_only	5	Bacillaceae_B,Bacillaceae_C,DSM-25281,Domibacillaceae,Jeotgalibacillaceae
gtdb_only	5	Anaeromusaceae,CTSoil-072,DSM-13327,Propionisporaceae,UMGS1260
gtdb_only	5	Deferrimicrobiaceae,Deferrisomataceae,JACRMM01,S145-22,Tharpellaceae
gtdb_only	5	Alteromonadaceae,Gallaecimonadaceae,Neiellaceae,Psychrobiaceae,Shewanellaceae
gtdb_only	5	AK92,Aquisalimonadaceae,Competibacteraceae,Halorhodospiraceae,Nitrococcaceae
gtdb_only	5	GCA-001735895,Granulosicoccaceae,Halothiobacillaceae,SZUA-229,UBA5861
gtdb_only	5	Ga0077539,JAAYKL01,JADJMO01,Polyangiaceae,Sandaracinaceae
gtdb_only	5	DTU030,DUMP01,PWPR01,UBA5500,UBA994
gtdb_only	5	Aquaspirillaceae,Chitinibacteraceae,Chitinimonadaceae,Chromobacteriaceae,SCOH01
gtdb_only	5	JADJPG01,NGM72-4,Palsa-1400,UBA11358,UBA8199
gtdb_only	5	Desulfallaceae,Desulfocucumaceae,Desulfovirgulaceae,Nap2-2B,VENG01
gtdb_only	5	Acidihalobacteraceae,Ectothiorhodospiraceae,J044,Thioalkalivibrionaceae,UBA4575
gtdb_only	5	GCA-2729495,PWYM01,UBA6522,Woeseiaceae,XN24
gtdb_only	5	4484-171,AE-B3A,Auribacteraceae,B3-G15,S143-82
gtdb_only	5	Acutalibacteraceae,CAG-272,CAG-382,Ethanoligenenaceae,Ruminococcaceae
gtdb_only	5	Gottschalkiaceae,MES13,Proteiniboraceae,SIT17,Thermohalobacteraceae
gtdb_only	5	Desulfuromonadaceae,Geopsychrobacteraceae,SZUA-540,Syntrophotaleaceae,Trichloromonadaceae
gtdb_only	5	Dissulfurispiraceae,JdFR-88,SM23-35,Thermodesulfovibrionaceae,UBA6898
gtdb_only	5	Anammoxibacteraceae,Brocadiaceae,SM23-32,Scalinduaceae,WSZJ01
gtdb_only	5	DSM-21967,Halieaceae,Spongiibacteraceae,UBA5518,UBA7434
gtdb_only	5	Bu92,JAJYVN01,PUMD01,SLMV01,Thermaerobacteraceae
gtdb_only	5	Ga0077536,JAJPIJ01,Methylophagaceae,Nitrosococcaceae,UBA4486
flagella_only	5	DRMK01,JAFLJP01,S012-40,Thiohalomonadaceae,UBA6429
flagella_only	5	Devosiaceae,GCA-2746425,JAJFHC01,Rhodobiaceae,Tepidamorphaceae
flagella_only	5	Alkalispirochaetaceae,PWMO01,PXBQ01,SKKC01,SLAA01
flagella_only	5	2-02-FULL-58-16,2-02-FULL-58-16_A,Casp-alpha2,Magnetovibrionaceae,UBA2165
flagella_only	5	GCA-002684695,Puniceispirillaceae,RS24,TMED127,UBA1172
flagella_only	5	GWC2-71-9,Gemmatimonadaceae,RBG-16-71-46,RSA9,UBA6960
flagella_only	5	CAG-138,Christensenellaceae,SZUA-584,UBA5734,UMGS416
flagella_only	5	BM714,DTU083,Garciellaceae,JAAYPU01,MES13
flagella_only	5	AK92,Aquisalimonadaceae,Halorhodospiraceae,Halothiobacillaceae,Nitrococcaceae
flagella_only	5	JdFR-88,SM23-35,UBA6898,UBA6902,UBA8473
flagella_only	5	JAJZQI01,JAKAFK01,RBG-16-58-11,Sulfuricellaceae,UBA9220
flagella_only	5	BuS5,JAFDCJ01,JAHEIW01,UBA2174_A,UBA5852
flagella_only	5	SIT17,Sporanaerobacteraceae,Tepidimicrobiaceae,Thermohalobacteraceae,Tissierellaceae
flagella_only	5	DSM-21159,Dongiaceae,J153,Kiloniellaceae,Rhodovibrionaceae
flagella_only	5	Alcanivoracaceae,Burkholderiaceae_C,Enterobacteriaceae,Halomonadaceae,Salinisphaeraceae
flagella_only	5	BM004,Geoalkalibacteraceae,SZUA-540,Syntrophotaleaceae,Trichloromonadaceae
flagella_only	5	Cellulosilyticaceae,DSM-24629,Defluviitaleaceae,JAAYNZ01,Vallitaleaceae
flagella_only	5	40CM-4-68-19,Anaeromyxobacteraceae,Fen-1088,Myxococcaceae,Palsa-1104
flagella_only	5	DTU086,DULZ01,JADQBR01,PH28-bin88,Zhaonellaceae
flagella_only	5	FEN-1173,HRBIN17,JABUFB01,UBA10988,UBA5352
flagella_only	5	DYLC01,Dissulfuribacteraceae,QOAL01,Thermodesulfatatoraceae,Thermodesulfobacteriaceae
flagella_only	5	B25-G16,C00003060,Desulfatibacillaceae,RPRI01,UBA11574
flagella_only	5	NBRC-103111,Paenibacillaceae,SCSIO-06110,UBA4045,YIM-B00363
flagella_only	5	Baltobacteraceae,JAJYTV01,JAJYVN01,SCRA01,Sulfobacillaceae
flagella_only	5	Acetivibrionaceae,DSM-2933,DTU013,JANLFN01,QPJT01
flagella_only	5	Koribacteraceae,SCQP01,SbA1,UBA7540,UBA7541
flagella_only	5	Anaerohalosphaeraceae,FEN-1346,SG8-4,SM23-33,UBA12454
flagella_only	5	Bacillaceae_B,Bacillaceae_C,DSM-25281,Domibacillaceae,JACDOC01
flagella_only	5	GWF2-45-14,JAJFLO01,Lentisphaeraceae,Pontiellaceae,SZUA-371
flagella_only	5	CTSoil-072,CTSoil-080,Thermosinaceae,UBA1444,UBA7701
flagella_only	5	Ga0077536,JAABTG01,JABDQX01,JAJPIJ01,UBA4486
flagella_only	5	Anaerolineaceae,E44-bin32,EnvOPS12,UBA4823,UBA6663
flagella_only	5	BB28,Hydrogenimonadaceae,Nautiliaceae,Sulfurimonadaceae,Thiovulaceae
flagella_only	5	Actinomycetaceae,Cellulomonadaceae,Kineococcaceae,Micrococcaceae,Quadrisphaeraceae
flagella_only	5	Breznakiellaceae,CADAEX01,Rectinemataceae,Treponemataceae,UBA12059
flagella_only	5	JAAYKM01,PHBD01,Smithellaceae,UBA5619,UBA8958
flagella_only	5	Ahniellaceae,Algiphilaceae,Nevskiaceae,Oceanococcaceae,Xanthomonadaceae
flagella_only	5	Acutalibacteraceae,Anaerotignaceae,Butyricicoccaceae,Oscillospiraceae,Sedimentibacteraceae
flagella_only	5	AABM5-125-24,B3-LCP,BMS3BBIN04,CAIWAD01,RPQS01
flagella_only	5	CADDYW01,CF-72,FW602-bin22,JACCZL01,JAJPHF01
flagella_only	5	Alteromonadaceae,Celerinatantimonadaceae,Neiellaceae,Psychrobiaceae,Psychromonadaceae
flagella_only	5	B1SED10-159,DTU010,DTU012,DTU087,JAAZLZ01
flagella_only	5	Aquaspirillaceae,Chitinibacteraceae,Chitinimonadaceae,Leeiaceae,SCOH01
flagella_only	5	Ch109,DTU052,Syntrophomonadaceae,Syntrophothermaceae,UBA2595
flagella_only	5	Ferrovaceae,Gallionellaceae,JABEVD01,Nitrosomonadaceae,WYBJ01
flagella_only	5	Acetonemaceae,DSM-15969,Dendrosporobacteraceae,Propionisporaceae,Sporomusaceae
gtdb_only	6	Burkholderiaceae,Burkholderiaceae_A,Burkholderiaceae_B,Burkholderiaceae_C,Burkholderiaceae_D,JAEUOS01
gtdb_only	6	Sporanaerobacteraceae,Tepidimicrobiaceae,Tissierellaceae,Tissierellaceae_A,Tissierellaceae_B,Tissierellaceae_C
gtdb_only	6	Phycisphaeraceae,SM1A02,Tepidisphaeraceae,UBA1924,UBA5793,Zrk34
gtdb_only	6	Caulobacteraceae,Hyphomonadaceae,Maricaulaceae,Micropepsaceae,Parvularculaceae,TH1-2
gtdb_only	6	Acidaminobacteraceae,Anaerovoracaceae,BM714,Caminicellaceae,JAAYPU01,Thermotaleaceae
gtdb_only	6	CACIAM-22H2,Elsteraceae,JAEULC01,Oceanibaculaceae,SHVZ01,Stellaceae
gtdb_only	6	Acidihalobacteraceae,Ectothiorhodospiraceae,J044,Thioalkalivibrionaceae,UBA4575,UWMA-0217
gtdb_only	6	CAIVHJ01,Fen-1342,JAAYCJ01,PWPN01,UBA1845,UTPLA1
gtdb_only	6	JACRGQ01,JACRLM01,Nitrospinaceae,UBA7883,UBA8248,UBA9942
gtdb_only	6	Acetivibrionaceae,DSM-27016,DSM-2933,DTU013,JANLFN01,QPJT01
gtdb_only	6	Desulfohalobiaceae,Desulfomicrobiaceae,Desulfonatronaceae,Desulfonatronovibrionaceae,Desulfonauticaceae,Desulfovibrionaceae
gtdb_only	6	DRMK01,JAFLJP01,SG8-11,SZUA-152,Thiohalomonadaceae,UBA6429
gtdb_only	6	DTU022,Dethiobacteraceae,Natranaerobiaceae,Proteinivoraceae,SKNC01,UBA8154
gtdb_only	6	Aminiphilaceae,Aminobacteriaceae,Dethiosulfovibrionaceae,SV1-B22,Synergistaceae,Thermovirgaceae
gtdb_only	6	GCA-2729495,JABDKV01,PWYM01,UBA6522,Woeseiaceae,XN24
gtdb_only	6	JAEUIK01,Lacipirellulaceae,PNKZ01,Pirellulaceae,Planctomycetaceae,Thermoguttaceae
gtdb_only	6	DYLC01,Dissulfuribacteraceae,QOAL01,Thermodesulfatatoraceae,Thermodesulfobacteriaceae,UBA3076
gtdb_only	6	CAIMUX01,JACNKJ01,Krumholzibacteriaceae,LZORAL124-64-63,RBG-16-71-46,WJJG01
gtdb_only	6	BJHT01,CAIMTB01,RI-55,SXTU01,UBA11320,UBA9464
gtdb_only	6	Aeribacillaceae,Anoxybacillaceae,Bacillaceae,Bacillaceae_H,Bacillaceae_I,Bacillaceae_L
gtdb_only	6	Anaerotignaceae,CAG-274,UBA5962,WQUN01,WRAA01,WRAX01
gtdb_only	6	Aerococcaceae,Carnobacteriaceae,Enterococcaceae,Erysipelotrichaceae,Lactobacillaceae,Vagococcaceae
gtdb_only	6	AABM5-125-24,B3-LCP,BMS3BBIN04,CAIWAD01,RPQS01,UBA4055
gtdb_only	6	DSM-5069,Fervidobacteriaceae,MWEM01,Petrotogaceae,Thermotogaceae,UBA12178
gtdb_only	6	Geodermatophilaceae,Micromonosporaceae,Motilibacteraceae,Nocardioidaceae,Pseudonocardiaceae,Streptosporangiaceae
gtdb_only	6	B30-G6,Desulfosarcinaceae,JAFDCJ01,JAHEIW01,UBA2174_A,UBA5852
gtdb_only	6	Cellulosilyticaceae,DSM-24629,Defluviitaleaceae,JAAYNZ01,Lachnospiraceae,Vallitaleaceae
gtdb_only	6	Azospirillaceae,DSM-21159,Inquilinaceae,J153,Kiloniellaceae,Rhodovibrionaceae
gtdb_only	6	Anaerolineaceae,E44-bin32,EnvOPS12,UBA4823,UBA6663,VGOW01
gtdb_only	6	JADJPG01,NGM72-4,Palsa-1400,SIBE01,UBA11358,UBA8199
gtdb_only	6	Desulfobacteraceae,Desulfolunaceae,Desulforegulaceae,Desulfosalsimonadaceae,JAHIVH01,SURF-7
gtdb_only	6	Micavibrionaceae,RFNS01,RGZA01,TMED2,UBA2020,UBA9219
gtdb_only	6	Fen-1088,HGW-17,Haliangiaceae,JAKLHH01,Nannocystaceae,Palsa-1104
gtdb_only	6	DSM-6294,Halomonadaceae,Marinomonadaceae,Natronospirillaceae,Nitrincolaceae,Oleiphilaceae
gtdb_only	6	Bacteriovoracaceae,CAIMNF01,CAIPTA01,UBA1018,UBA2428,UBA923
gtdb_only	6	Actinomycetaceae,Cellulomonadaceae,Dermatophilaceae,Kineococcaceae,Micrococcaceae,Quadrisphaeraceae
flagella_only	6	FEN-1173,HRBIN17,JAAXVQ01,JABUFB01,UBA10988,UBA5352
flagella_only	6	Acidihalobacteraceae,Ectothiorhodospiraceae,J044,PWYM01,Thioalkalivibrionaceae,XN24
flagella_only	6	Cycloclasticaceae,Methylococcaceae,Methylomonadaceae,Methylothermaceae,Sedimenticolaceae,UBA2780
flagella_only	6	Acetohalobiaceae,DTU029,DY22613,Halanaerobiaceae,Halarsenatibacteraceae,Halobacteroidaceae
flagella_only	6	Aquicultoraceae,Ch115,DTU014,DTU025,JABLXJ01,UBA4971
flagella_only	6	BJHT01,CAIMTB01,CAIYYI01,JADJPG01,Palsa-1400,SXTU01
flagella_only	6	DRQE01,GWC2-42-11,GWC2-55-46,HDB-SIOI813,JADFVP01,RBG-16-64-22
flagella_only	6	Ch109,DTU052,Heliobacteriaceae,Syntrophomonadaceae,Syntrophothermaceae,UBA2595
flagella_only	6	CADDYW01,CF-72,FW602-bin22,JACCZL01,JAJPHF01,Thermomicrobiaceae
flagella_only	6	B5-G15,Calditrichaceae,J004,JACNLC01,JAFGTP01,UBA2242
flagella_only	6	JdFR-88,Magnetobacteriaceae,SM23-35,UBA6898,UBA6902,UBA8473
flagella_only	6	DSM-5069,Fervidobacteriaceae,Mesoaciditogaceae,Petrotogaceae,Thermotogaceae,UBA12178
flagella_only	6	ATM1,CAJBBX01,Chthonomonadaceae,Fimbriimonadaceae,GBS-DC,HRBIN16
flagella_only	6	Cellulosilyticaceae,DSM-24629,Defluviitaleaceae,JAAYNZ01,UBA12420,Vallitaleaceae
flagella_only	6	CACZRW01,CAG-239,CAG-977,Magnetospirillaceae,Rhodospirillaceae,WMHbin7
flagella_only	6	21-64-14,DSM-19610,HyVt-429,JAHJQQ01,Thiohalobacteraceae,UBA6901
flagella_only	6	Acetonemaceae,DSM-15969,Dendrosporobacteraceae,Propionisporaceae,Sporomusaceae,UMGS1260
flagella_only	6	Aneurinibacillaceae,Brevibacillaceae,HB172195,JCM-10596,RAOX-1,Tepidibacillaceae
flagella_only	6	20CM-2-55-15,JAFNAJ01,SCN-69-37,UBA2999,UBA6911,Vicinamibacteraceae
flagella_only	6	Aquificaceae,Desulfurobacteriaceae,Hydrogenobaculaceae,Hydrogenothermaceae,Nitratiruptoraceae,QOAS01
flagella_only	6	Anaerohalosphaeraceae,FEN-1346,SG8-4,SM23-32,SM23-33,UBA12454
flagella_only	6	Flavobacteriaceae,GCA-002684695,Puniceispirillaceae,RS24,TMED127,UBA1172
flagella_only	6	Acetomicrobiaceae,Aminiphilaceae,Dethiosulfovibrionaceae,SV1-B22,Synergistaceae,Thermosynergistaceae
flagella_only	6	DTU015,DUSS01,JABLXB01,JAJZPE01,Symbiobacteriaceae,ZC4RG38
flagella_only	6	CALZJG01,Ga007554,JADJWH01,SZUA-140,SZUA-76,VBWC01
flagella_only	6	B30-G6,BuS5,JAFDCJ01,JAHEIW01,UBA2174_A,UBA5852
flagella_only	6	Desulfobacteraceae,Desulfolunaceae,Desulforegulaceae,JAHIVH01,SURF-15,SURF-7
flagella_only	6	Ga0077539,Haliangiaceae,JADJMO01,Nannocystaceae,Polyangiaceae,Sandaracinaceae
flagella_only	6	GCA-2729495,JABDKV01,SLND01,UBA6522,Wenzhouxiangellaceae,Woeseiaceae
flagella_only	6	Burkholderiaceae_D,HTCC2089,Halieaceae,Litoricolaceae,Porticoccaceae,Pseudohongiellaceae
flagella_only	6	Alteromonadaceae,Celerinatantimonadaceae,Moritellaceae,Neiellaceae,Psychrobiaceae,Psychromonadaceae
flagella_only	6	Acetivibrionaceae,DSM-2933,DTU013,DUMB01,JANLFN01,QPJT01
flagella_only	6	Acidobacteriaceae,Koribacteraceae,SCQP01,SbA1,UBA7540,UBA7541
flagella_only	6	Desulfallaceae,Desulfocucumaceae,Desulfohalotomaculaceae,Desulfotomaculaceae,Desulfovirgulaceae,VENG01
flagella_only	6	40CM-4-68-19,Anaeromyxobacteraceae,Fen-1088,Myxococcaceae,Palsa-1104,VGSZ01
flagella_only	6	CAG-138,Christensenellaceae,SZUA-584,UBA5734,UBA929,UMGS416
flagella_only	6	70-9,Gaiellaceae,HRBIN32,Miltoncostaeaceae,Solirubrobacteraceae,Thermoleophilaceae
flagella_only	6	Ferrovibrionaceae,GCA-2731375,Minwuiaceae,Sneathiellaceae,UBA2966,Zavarziniaceae
gtdb_only	7	B5-G15,GCA-2689995,JACNLC01,JAFGTP01,TS1B11,UBA2242,UBA8477
gtdb_only	7	Burkholderiaceae,Burkholderiaceae_A,Burkholderiaceae_B,Burkholderiaceae_C,Burkholderiaceae_D,JAEUOS01,SG8-39
gtdb_only	7	Alkalibacillaceae,Amphibacillaceae,BH030062,Bacillaceae_N,Bacillaceae_O,DSM-28697,Halobacillaceae
gtdb_only	7	Sedimentibacteraceae,Sporanaerobacteraceae,Tepidimicrobiaceae,Tissierellaceae,Tissierellaceae_A,Tissierellaceae_B,Tissierellaceae_C
gtdb_only	7	Ga0077523,Gallionellaceae,JABEVD01,Nitrosomonadaceae,SG8-41,SHXO01,WYBJ01
gtdb_only	7	BMS3Abin05,CR04bin15,DREG01,DRLW01,JACIZP01,QNDG01,Zgenome-0027
gtdb_only	7	Chromatiaceae,Cycloclasticaceae,Methylococcaceae,Methylomonadaceae,Methylothermaceae,Sedimenticolaceae,UBA2780
gtdb_only	7	DTU080,DUMU01,DUMW01,JAAZLZ01,Limnochordaceae,RSA5,ZCTH02-B6
gtdb_only	7	Caulobacteraceae,Hyphomonadaceae,Maricaulaceae,Micropepsaceae,Parvularculaceae,Rhodobacteraceae,TH1-2
gtdb_only	7	Cellvibrionaceae,DSM-21967,Halieaceae,Porticoccaceae,Spongiibacteraceae,UBA5518,UBA7434
gtdb_only	7	Balneolaceae,Cyclonatronaceae,Flavobacteriaceae,HLUCCA01,Natronogracilivirgulaceae,Rhodothermaceae,Salinibacteraceae
gtdb_only	7	Ch115,DTU014,DTU025,JABLXJ01,UBA10575,UBA4971,UBA8346
gtdb_only	7	Aerococcaceae,Carnobacteriaceae,Enterococcaceae,Erysipelotrichaceae,Exiguobacteraceae,Lactobacillaceae,Vagococcaceae
gtdb_only	7	CACIAM-22H2,Dongiaceae,Elsteraceae,JAEULC01,Oceanibaculaceae,SHVZ01,Stellaceae
gtdb_only	7	GCA-2729495,JABDKV01,PWYM01,Steroidobacteraceae,UBA6522,Woeseiaceae,XN24
gtdb_only	7	Dissulfurispiraceae,JdFR-85,JdFR-88,Magnetobacteriaceae,SM23-35,Thermodesulfovibrionaceae,UBA6898
gtdb_only	7	Fusobacteriaceae,JAFGCY01,Muirbacteriaceae,Ozemobacteraceae,UBA6099,UBA6191,UBA9980
gtdb_only	7	B28-G17,GCA-2687025,GCA-2746185,JAEUWI01,SLHB01,SURF-5,UBA9662
gtdb_only	7	JAEUIK01,Lacipirellulaceae,PNKZ01,Pan216,Pirellulaceae,Planctomycetaceae,Thermoguttaceae
gtdb_only	7	Phycisphaeraceae,SM1A02,Tepidisphaeraceae,UBA1924,UBA5793,WQYP01,Zrk34
gtdb_only	7	HDB-SIOI813,JAADHI01,JACQBW01,Manganitrophaceae,Nitrospiraceae,SBBA01,UBA8639
gtdb_only	7	40CM-4-68-19,Anaeromyxobacteraceae,Myxococcaceae,UBA4151,VGSZ01,WYAZ01,XYA12-FULL-58-9
gtdb_only	7	Desulfallaceae,Desulfocucumaceae,Desulfofarciminaceae,Desulfovirgulaceae,Nap2-2B,Pelotomaculaceae,VENG01
gtdb_only	7	J061,JACRGQ01,JACRLM01,Nitrospinaceae,UBA7883,UBA8248,UBA9942
gtdb_only	7	B30-G6,Desulfosarcinaceae,JAFDCJ01,JAHEIW01,SURF-15,UBA2174_A,UBA5852
gtdb_only	7	Desulfofervidaceae,Desulfohalobiaceae,Desulfomicrobiaceae,Desulfonatronaceae,Desulfonatronovibrionaceae,Desulfonauticaceae,Desulfovibrionaceae
gtdb_only	7	CAIMUX01,JABDJQ01,JACNKJ01,Krumholzibacteriaceae,LZORAL124-64-63,RBG-16-71-46,WJJG01
gtdb_only	7	Acetivibrionaceae,DSM-27016,DSM-2933,DTU013,DUMB01,JANLFN01,QPJT01
gtdb_only	7	Desulfuromonadaceae,Geoalkalibacteraceae,Geopsychrobacteraceae,Geothermobacteraceae,SZUA-540,Syntrophotaleaceae,Trichloromonadaceae
flagella_only	7	Acetomicrobiaceae,Aminiphilaceae,Aminobacteriaceae,Dethiosulfovibrionaceae,SV1-B22,Synergistaceae,Thermosynergistaceae
flagella_only	7	AE-B3A,Anammoxibacteraceae,Auribacteraceae,B3-G15,Brocadiaceae,S143-82,Scalinduaceae
flagella_only	7	Bacillaceae_G,CAJFVJ01,Gastranaerophilaceae,LMEP-6097,RUG14156,UBA9971,Vampirovibrionaceae
flagella_only	7	Aquificaceae,Calescibacteriaceae,Desulfurobacteriaceae,Hydrogenobaculaceae,Hydrogenothermaceae,Nitratiruptoraceae,QOAS01
flagella_only	7	Acetivibrionaceae,DSM-2933,DTU013,DUMB01,DUMC01,JANLFN01,QPJT01
flagella_only	7	B5-G15,Calditrichaceae,J004,JACNLC01,JAFGTP01,UBA2242,UBA8477
flagella_only	7	Aestuariirhabdaceae,DSM-21967,DSM-6294,IMCC2047,JAHRWD01,Natronospirillaceae,Oleiphilaceae
flagella_only	7	Acutalibacteraceae,Anaerotignaceae,Anaerovoracaceae,Butyricicoccaceae,Eubacteriaceae,Oscillospiraceae,Sedimentibacteraceae
flagella_only	7	2-02-FULL-58-16,2-02-FULL-58-16_A,Casp-alpha2,Magnetovibrionaceae,Terasakiellaceae,UBA2165,UXAT02
flagella_only	7	AKS1,CALZJG01,Ga007554,JADJWH01,SZUA-140,SZUA-76,VBWC01
flagella_only	7	Ahniellaceae,Algiphilaceae,Nevskiaceae,Oceanococcaceae,Rhodanobacteraceae,Steroidobacteraceae,Xanthomonadaceae
flagella_only	7	B68-G9,BMS3Abin05,DREG01,DRLW01,JACIZP01,QNDG01,Zgenome-0027
flagella_only	7	70-9,Gaiellaceae,HRBIN32,Miltoncostaeaceae,RBG-13-55-18,Solirubrobacteraceae,Thermoleophilaceae
flagella_only	7	JAAYKM01,PHBD01,Smithellaceae,Syntrophaceae,UBA4778,UBA5619,UBA8958
flagella_only	7	Devosiaceae,GCA-2746425,JAJFHC01,Methylopilaceae,Phreatobacteraceae,Rhodobiaceae,Tepidamorphaceae
flagella_only	7	Bacillaceae_B,Bacillaceae_C,DSM-1321,DSM-25281,Domibacillaceae,JACDOC01,Jeotgalibacillaceae
flagella_only	7	B30-G6,BuS5,Desulfosarcinaceae,JAFDCJ01,JAHEIW01,UBA2174_A,UBA5852
flagella_only	7	Desulfallaceae,Desulfocucumaceae,Desulfohalotomaculaceae,Desulfotomaculaceae,Desulfovirgulaceae,Pelotomaculaceae,VENG01
flagella_only	7	20CM-2-55-15,CAIWXX01,JAFNAJ01,SCN-69-37,UBA2999,UBA6911,Vicinamibacteraceae
flagella_only	7	CADDYW01,CF-72,CSP1-4,FW602-bin22,JACCZL01,JAJPHF01,Thermomicrobiaceae
flagella_only	7	Elsteraceae,Micavibrionaceae,RFNS01,RGZA01,TMED2,UBA2020,UBA9219
flagella_only	7	AABM5-125-24,B3-LCP,BMS3BBIN04,CAIWAD01,RPQS01,UBA4055,WRIO01
flagella_only	7	DRMK01,JAFLJP01,Methylophagaceae,Nitrosococcaceae,S012-40,Thiohalomonadaceae,UBA6429
flagella_only	7	B1SED10-159,DTU010,DTU012,DTU087,JAAZLZ01,RSA5,ZCTH02-B6
flagella_only	7	Alteromonadaceae,Celerinatantimonadaceae,Moritellaceae,Neiellaceae,Psychrobiaceae,Psychromonadaceae,Shewanellaceae
flagella_only	7	Gottschalkiaceae,Proteiniboraceae,SIT17,Sporanaerobacteraceae,Tepidimicrobiaceae,Thermohalobacteraceae,Tissierellaceae
flagella_only	7	Flavobacteriaceae,GCA-002684695,Puniceispirillaceae,RS24,TMED127,UBA1172,UBA2964
flagella_only	7	40CM-4-68-19,Anaeromyxobacteraceae,Bradymonadaceae,Fen-1088,Myxococcaceae,Palsa-1104,VGSZ01
flagella_only	7	GCA-2729495,JABDKV01,SLND01,Spongiibacteraceae,UBA6522,Wenzhouxiangellaceae,Woeseiaceae
flagella_only	7	JdFR-88,Magnetobacteriaceae,RBG-13-43-22,SM23-35,UBA6898,UBA6902,UBA8473
flagella_only	7	Acetonemaceae,DSM-13327,DSM-15969,Dendrosporobacteraceae,Propionisporaceae,Sporomusaceae,UMGS1260
flagella_only	7	BM004,Geoalkalibacteraceae,Geopsychrobacteraceae,Geothermobacteraceae,SZUA-540,Syntrophotaleaceae,Trichloromonadaceae
gtdb_only	8	CAIXPF01,Ilumatobacteraceae,Microtrichaceae,Palsa-688,RAAP-2,SZUA-35,TK06,UBA8190
gtdb_only	8	Alteromonadaceae,Celerinatantimonadaceae,Gallaecimonadaceae,Moritellaceae,Neiellaceae,Psychrobiaceae,Psychromonadaceae,Shewanellaceae
gtdb_only	8	CADDYW01,CF-72,FW602-bin22,JACCZL01,JAJPHF01,Tepidiformaceae,UBA2979,UBA6077
gtdb_only	8	4484-171,AE-B3A,Auribacteraceae,B3-G15,FEN-1173,JAAXVQ01,Palsa-1178,S143-82
gtdb_only	8	40CM-4-68-19,Anaeromyxobacteraceae,B64-G9,Myxococcaceae,UBA4151,VGSZ01,WYAZ01,XYA12-FULL-58-9
gtdb_only	8	GCA-2729495,JABDKV01,PWYM01,SLND01,Steroidobacteraceae,UBA6522,Woeseiaceae,XN24
gtdb_only	8	Bog-1112,JAFLCA01,OMII01,Oligoflexaceae,RFPC01,RGVZ01,SZUA-149,Silvanigrellaceae
gtdb_only	8	Acutalibacteraceae,Butyricicoccaceae,CAG-272,CAG-382,Ethanoligenenaceae,Oscillospiraceae,Ruminococcaceae,UBA929
gtdb_only	8	Desulfuromonadaceae,Geoalkalibacteraceae,Geopsychrobacteraceae,Geothermobacteraceae,JAAYDE01,SZUA-540,Syntrophotaleaceae,Trichloromonadaceae
gtdb_only	8	Dissulfurispiraceae,JdFR-85,JdFR-88,Magnetobacteriaceae,SM23-35,Thermodesulfovibrionaceae,UBA6898,UBA6902
gtdb_only	8	2-02-FULL-58-16,2-02-FULL-58-16_A,Casp-alpha2,Magnetovibrionaceae,Terasakiellaceae,Thalassospiraceae,UBA2165,UXAT02
gtdb_only	8	ATM1,CAJBBX01,Capsulimonadaceae,Chthonomonadaceae,Fimbriimonadaceae,GBS-DC,HRBIN16,UBA5829
gtdb_only	8	AKS1,DRMK01,JAFLJP01,S012-40,SG8-11,SZUA-152,Thiohalomonadaceae,UBA6429
gtdb_only	8	DTU015,DUSS01,JABLXB01,JAJYTV01,JAJZPE01,Sulfobacillaceae,Symbiobacteriaceae,ZC4RG38
gtdb_only	8	Ancalomicrobiaceae,Beijerinckiaceae,Methylopilaceae,Phreatobacteraceae,Pleomorphomonadaceae,Rhodobiaceae,Stappiaceae,Xanthobacteraceae
gtdb_only	8	Gemmataceae,JAEUIK01,Lacipirellulaceae,PNKZ01,Pan216,Pirellulaceae,Planctomycetaceae,Thermoguttaceae
gtdb_only	8	33-17,JABCZZ01,Midichloriaceae,SXRF01,TMED127,UBA3002,UBA998,VGDC01
gtdb_only	8	Campylobacteraceae,Hydrogenimonadaceae,Nitratiruptoraceae,QNZT01,Sulfurimonadaceae,Sulfurospirillaceae,Thiovulaceae,UBA1877
gtdb_only	8	DP-6,PR03,SZUA-336,UBA12015,UBA4427,UBA6930,UBA9968,UTPRO1
gtdb_only	8	B5-G15,GCA-2689995,JACNLC01,JAFGTP01,SORT01,TS1B11,UBA2242,UBA8477
gtdb_only	8	Anaeromusaceae,CTSoil-072,DSM-13327,Dendrosporobacteraceae,Massilibacillaceae,Propionisporaceae,Selenomonadaceae,UMGS1260
gtdb_only	8	20CM-2-55-15,Acidobacteriaceae,Bryobacteraceae,Koribacteraceae,SCQP01,SbA1,UBA7540,UBA7541
gtdb_only	8	DRQE01,GWC2-42-11,GWC2-55-46,JADFVP01,JAGOGO01,SM23-61,UBA1163,UBA8473
gtdb_only	8	CALZJG01,GCA-2400775,Ga007554,JAADGQ01,JADJWH01,SZUA-140,SZUA-76,VBWC01
gtdb_only	8	Anaerobacillaceae,Bacillaceae_D,Bacillaceae_F,Fictibacillaceae,HB172195,Marinococcaceae,Salisediminibacteriaceae,UBA6769
gtdb_only	8	BICA1-8,DRI-13,DTU073,Desulfitobacteriaceae,Heliobacteriaceae,Syntrophobotulaceae,UBA4068,UBA5745
flagella_only	8	B30-G6,BuS5,Desulfosarcinaceae,JAFDCJ01,JAGOGO01,JAHEIW01,UBA2174_A,UBA5852
flagella_only	8	BM004,Desulfuromonadaceae,Geoalkalibacteraceae,Geopsychrobacteraceae,Geothermobacteraceae,SZUA-540,Syntrophotaleaceae,Trichloromonadaceae
flagella_only	8	DRQF01,GCA-002686595,GCA-002687715,GCA-002748355,J058,JACQFD01,JADJEK01,UBA2386
flagella_only	8	GCA-2729495,Immundisolibacteraceae,JABDKV01,SLND01,Spongiibacteraceae,UBA6522,Wenzhouxiangellaceae,Woeseiaceae
flagella_only	8	40CM-4-68-19,Anaeromyxobacteraceae,B64-G9,Bradymonadaceae,Fen-1088,Myxococcaceae,Palsa-1104,VGSZ01
flagella_only	8	AKS1,CALZJG01,Ga007554,JAADGQ01,JADJWH01,SZUA-140,SZUA-76,VBWC01
flagella_only	8	Balneolaceae,CAIMUX01,Cyclonatronaceae,HLUCCA01,Natronogracilivirgulaceae,Rhodothermaceae,Salinibacteraceae,WJJG01
flagella_only	8	B1SED10-159,DTU010,DTU012,DTU087,JAAZLZ01,Limnochordaceae,RSA5,ZCTH02-B6
flagella_only	8	Flavobacteriaceae,GCA-002684695,Puniceispirillaceae,RS24,Sphingomonadaceae,TMED127,UBA1172,UBA2964
flagella_only	8	B68-G9,BMS3Abin05,DREG01,DRLW01,JACIZP01,QNDG01,SORT01,Zgenome-0027
flagella_only	8	CAG-138,Christensenellaceae,DUPL01,SZUA-584,UBA1381,UBA5734,UBA929,UMGS416
flagella_only	8	Bacillaceae_B,Bacillaceae_C,DSM-1321,DSM-25281,Domibacillaceae,JACDOC01,JC228,Jeotgalibacillaceae
flagella_only	8	DP-6,JAFLCA01,OMII01,RFPC01,SZUA-149,UBA12015,UBA9968,UTPRO1
flagella_only	8	Ga0077539,Haliangiaceae,JADJMO01,JAKLHH01,Nannocystaceae,Polyangiaceae,Sandaracinaceae,XYA12-FULL-58-9
flagella_only	8	CAIKXV01,Ga0077523,JAJZQI01,JAKAFK01,RBG-16-58-11,SHXO01,Sulfuricellaceae,UBA9220
flagella_only	8	Desulfallaceae,Desulfocucumaceae,Desulfofarciminaceae,Desulfohalotomaculaceae,Desulfotomaculaceae,Desulfovirgulaceae,Pelotomaculaceae,VENG01
flagella_only	8	JACRGQ01,JACRLM01,JADFXK01,Nitrospinaceae,S145-22,Tharpellaceae,UBA7883,UBA9942
flagella_only	8	Ancalomicrobiaceae,Devosiaceae,GCA-2746425,JAJFHC01,Methylopilaceae,Phreatobacteraceae,Rhodobiaceae,Tepidamorphaceae
flagella_only	8	Aestuariirhabdaceae,DSM-21967,DSM-6294,IMCC2047,JAHRWD01,Natronospirillaceae,Nitrincolaceae,Oleiphilaceae
flagella_only	8	Acetonemaceae,Anaeromusaceae,DSM-13327,DSM-15969,Dendrosporobacteraceae,Propionisporaceae,Sporomusaceae,UMGS1260
flagella_only	8	Deferrimicrobiaceae,JdFR-88,Magnetobacteriaceae,RBG-13-43-22,SM23-35,UBA6898,UBA6902,UBA8473
flagella_only	8	Alteromonadaceae,Celerinatantimonadaceae,Moritellaceae,Neiellaceae,Psychrobiaceae,Psychromonadaceae,Shewanellaceae,Vibrionaceae
flagella_only	8	Bu92,DTU015,DUSS01,JABLXB01,JAJZPE01,Symbiobacteriaceae,Thermaerobacteraceae,ZC4RG38
flagella_only	8	DSM-21159,Dongiaceae,J153,JAEULC01,Kiloniellaceae,Rhodovibrionaceae,SMXQ01,UBA6615
gtdb_only	9	Aeromonadaceae,Alteromonadaceae,Celerinatantimonadaceae,Gallaecimonadaceae,Moritellaceae,Neiellaceae,Psychrobiaceae,Psychromonadaceae,Shewanellaceae
gtdb_only	9	4572-78,Anaerolineaceae,E44-bin32,EnvOPS12,J111,UBA11657,UBA4823,UBA6663,VGOW01
gtdb_only	9	DRQF01,GCA-002686595,GCA-002687715,GCA-002748355,J058,JACQFD01,JADJEK01,UBA2386,UBA2392
gtdb_only	9	Desulfallaceae,Desulfocucumaceae,Desulfofarciminaceae,Desulfohalotomaculaceae,Desulfotomaculaceae,Desulfovirgulaceae,Nap2-2B,Pelotomaculaceae,VENG01
gtdb_only	9	CSP1-6,J061,JACRGQ01,JACRLM01,Methylomirabilaceae,Nitrospinaceae,UBA7883,UBA8248,UBA9942
gtdb_only	9	Anaeromusaceae,CTSoil-072,DSM-13327,Dendrosporobacteraceae,Massilibacillaceae,Propionisporaceae,Selenomonadaceae,Sporomusaceae,UMGS1260
gtdb_only	9	Burkholderiaceae,Burkholderiaceae_A,Burkholderiaceae_B,Burkholderiaceae_C,Burkholderiaceae_D,Casimicrobiaceae,JAEUOS01,SG8-39,Usitatibacteraceae
gtdb_only	9	ATM1,CAJBBX01,Capsulimonadaceae,Chthonomonadaceae,Fimbriimonadaceae,GBS-DC,HRBIN16,JAAZEB01,UBA5829
gtdb_only	9	Dissulfurispiraceae,JdFR-85,JdFR-88,Magnetobacteriaceae,RBG-16-64-22,SM23-35,Thermodesulfovibrionaceae,UBA6898,UBA6902
gtdb_only	9	Bacillaceae_B,Bacillaceae_C,Caldibacillaceae,DSM-25281,Domibacillaceae,JACDOC01,JC228,Jeotgalibacillaceae,Planococcaceae
gtdb_only	9	Ancalomicrobiaceae,Beijerinckiaceae,Methylopilaceae,Phreatobacteraceae,Pleomorphomonadaceae,Rhizobiaceae,Rhodobiaceae,Stappiaceae,Xanthobacteraceae
gtdb_only	9	Acutalibacteraceae,Butyricicoccaceae,CAG-272,CAG-382,Ethanoligenenaceae,Oscillospiraceae,Ruminococcaceae,UBA1381,UBA929
gtdb_only	9	CAJFVJ01,Gastranaerophilaceae,LMEP-6097,RUG14156,UBA4093,UBA7694,UBA9971,VGJW01,Vampirovibrionaceae
flagella_only	9	FEN-1173,HRBIN17,JAAXVQ01,JABUFB01,JADMJV01,JAJTBE01,RGZZ01,UBA10988,UBA5352
flagella_only	9	33-17,JABCZZ01,Midichloriaceae,SXRF01,UBA1908,UBA3002,UBA9215,UBA998,VGDC01
flagella_only	9	20CM-2-55-15,CAIWXX01,JAFNAJ01,Pyrinomonadaceae,RBC074,SCN-69-37,UBA2999,UBA6911,Vicinamibacteraceae
flagella_only	9	DSM-21159,Dongiaceae,GCA-2746255,J153,JAEULC01,Kiloniellaceae,Rhodovibrionaceae,SMXQ01,UBA6615
flagella_only	9	GCA-2729495,Immundisolibacteraceae,JABDKV01,SLND01,Spongiibacteraceae,UBA5335,UBA6522,Wenzhouxiangellaceae,Woeseiaceae
flagella_only	9	Aerococcaceae,Alkalibacteraceae,Carnobacteriaceae,Enterococcaceae,Lactobacillaceae,Tissierellaceae_A,Tissierellaceae_B,Tissierellaceae_C,Vagococcaceae
flagella_only	9	Ga0077539,Haliangiaceae,JAAYKL01,JADJMO01,JAKLHH01,Nannocystaceae,Polyangiaceae,Sandaracinaceae,XYA12-FULL-58-9
flagella_only	9	Aestuariirhabdaceae,DSM-21967,DSM-6294,IMCC2047,JAHRWD01,Natronospirillaceae,Nitrincolaceae,Oleiphilaceae,UBA7434
flagella_only	9	B30-G6,BuS5,Desulfatirhabdiaceae,Desulfosarcinaceae,JAFDCJ01,JAGOGO01,JAHEIW01,UBA2174_A,UBA5852
flagella_only	9	DYLC01,Desulfurivibrionaceae,Dissulfuribacteraceae,QOAL01,QYQD01,SM23-61,Thermodesulfatatoraceae,Thermodesulfobacteriaceae,UBA1163
flagella_only	9	DRQF01,GCA-002686595,GCA-002687715,GCA-002748355,Gemmataceae,J058,JACQFD01,JADJEK01,UBA2386
flagella_only	9	Bacillaceae_B,Bacillaceae_C,Caldibacillaceae,DSM-1321,DSM-25281,Domibacillaceae,JACDOC01,JC228,Jeotgalibacillaceae
flagella_only	9	B5-G15,Calditrichaceae,GCA-2689995,J004,JACNLC01,JAFGTP01,TS1B11,UBA2242,UBA8477
flagella_only	9	Deferrimicrobiaceae,JdFR-85,JdFR-88,Magnetobacteriaceae,RBG-13-43-22,SM23-35,UBA6898,UBA6902,UBA8473
flagella_only	9	Ancalomicrobiaceae,Devosiaceae,GCA-2746425,JAJFHC01,Methylopilaceae,OSC116,Phreatobacteraceae,Rhodobiaceae,Tepidamorphaceae
flagella_only	9	CAIVHJ01,FEN-1343,Fen-1342,JAACEH01,JAAYCJ01,PWPN01,SM23-30,UBA1845,UTPLA1
flagella_only	9	Caminicellaceae,Gottschalkiaceae,Proteiniboraceae,SIT17,Sporanaerobacteraceae,Tepidimicrobiaceae,Thermohalobacteraceae,Thermotaleaceae,Tissierellaceae
flagella_only	9	Acetohalobiaceae,B1SED10-174,DTU029,DY22613,Halanaerobiaceae,Halarsenatibacteraceae,Halobacteroidaceae,Natranaerobiaceae,Proteinivoraceae
flagella_only	9	Balneolaceae,CAIMUX01,Cyclonatronaceae,HLUCCA01,JABDJQ01,Natronogracilivirgulaceae,Rhodothermaceae,Salinibacteraceae,WJJG01
flagella_only	9	BICA1-8,Ch109,DRI-13,DTU052,DTU073,Heliobacteriaceae,Syntrophomonadaceae,Syntrophothermaceae,UBA2595
flagella_only	9	AKS1,CALZJG01,Ga007554,JAADGQ01,JAADHS01,JADJWH01,SZUA-140,SZUA-76,VBWC01
flagella_only	9	Acidihalobacteraceae,Ectothiorhodospiraceae,GCA-001735895,J044,PWYM01,SZUA-229,Thioalkalivibrionaceae,UBA5861,XN24
flagella_only	9	BM004,Desulfuromonadaceae,Geoalkalibacteraceae,Geopsychrobacteraceae,Geothermobacteraceae,JAAYDE01,SZUA-540,Syntrophotaleaceae,Trichloromonadaceae
flagella_only	9	BB28,Campylobacteraceae,Hydrogenimonadaceae,Nautiliaceae,QNZT01,Sulfurimonadaceae,Sulfurospirillaceae,Thiovulaceae,UBA1877
flagella_only	9	BJHT01,CAIMTB01,CAIYYI01,JADJPG01,NGM72-4,Palsa-1400,SXTU01,UBA11358,UBA8199
flagella_only	9	CADDYW01,CF-72,CSP1-4,FW602-bin22,JACCZL01,JAJPHF01,Tepidiformaceae,Thermomicrobiaceae,UBA2979
flagella_only	9	ARS1246,B11-G9,DRHE01,JAFGRV01,Marispirochaetaceae,RPPD01,SZUA-6,Sediminispirochaetaceae,UBA9216
gtdb_only	10	Anaerohalosphaeraceae,CAIVHJ01,Fen-1342,JAAYCJ01,PWPN01,SG8-4,SM23-30,UBA12454,UBA1845,UTPLA1
gtdb_only	10	B3-G13,DSM-5069,DUMJ01,Fervidobacteriaceae,MWEM01,Mesoaciditogaceae,Petrotogaceae,Thermodesulfobiaceae,Thermotogaceae,UBA12178
gtdb_only	10	Acetomicrobiaceae,Aminiphilaceae,Aminobacteriaceae,Caldatribacteriaceae,Dethiosulfovibrionaceae,GBS-1,SV1-B22,Synergistaceae,Thermosynergistaceae,Thermovirgaceae
gtdb_only	10	CALZJG01,GCA-2400775,Ga007554,JAADGQ01,JAADHS01,JADJWH01,SZUA-140,SZUA-76,Tenderiaceae,VBWC01
gtdb_only	10	Arcobacteraceae,BB28,Campylobacteraceae,Hydrogenimonadaceae,Nitratiruptoraceae,QNZT01,Sulfurimonadaceae,Sulfurospirillaceae,Thiovulaceae,UBA1877
gtdb_only	10	CAG-138,CAG-74,Caldicoprobacteraceae,Christensenellaceae,DTU083,Mahellaceae,SZUA-584,UBA3941,UMGS416,Xylanivirgaceae
gtdb_only	10	20CM-2-55-15,Acidobacteriaceae,Bryobacteraceae,Koribacteraceae,Pyrinomonadaceae,RBC074,SCQP01,SbA1,UBA7540,UBA7541
gtdb_only	10	BMS3Abin05,CR04bin15,Calditrichaceae,DREG01,DRLW01,J004,J042,JACIZP01,QNDG01,Zgenome-0027
gtdb_only	10	ARS1246,B11-G9,DRHE01,Fen-1364,JAFGRV01,Marispirochaetaceae,RPPD01,SZUA-6,Sediminispirochaetaceae,UBA9216
gtdb_only	10	Aeromonadaceae,Alteromonadaceae,Celerinatantimonadaceae,Gallaecimonadaceae,Moritellaceae,Neiellaceae,Psychrobiaceae,Psychromonadaceae,Shewanellaceae,Vibrionaceae
gtdb_only	10	Ch109,DTU086,DULZ01,Desulfitibacteraceae,JADQBR01,Moorellaceae,PH28-bin88,SLTJ01,Thermacetogeniaceae,Zhaonellaceae
gtdb_only	10	Acutalibacteraceae,Butyricicoccaceae,CAG-272,CAG-382,Ethanoligenenaceae,Oscillospiraceae,Ruminococcaceae,SK-Y3,UBA1381,UBA929
gtdb_only	10	CAJFVJ01,GWF2-35-9,Gastranaerophilaceae,LMEP-6097,RUG14156,UBA4093,UBA7694,UBA9971,VGJW01,Vampirovibrionaceae
gtdb_only	10	Bradymonadaceae,CAJQPC01,GCA-2862545,GCA-2863065,PHBI01,SXON01,UBA1532,UBA2385,UBA796,UBA9615
gtdb_only	10	JAAYKM01,PHBD01,Smithellaceae,Syntrophaceae,UBA1062,UBA2210,UBA4778,UBA5619,UBA6807,UBA8958
gtdb_only	10	Cellvibrionaceae,DSM-21967,HTCC2089,Halieaceae,JAHRWD01,Porticoccaceae,Pseudohongiellaceae,Spongiibacteraceae,UBA5518,UBA7434
gtdb_only	10	BM004,DYLC01,Desulfobulbaceae,Desulfocapsaceae,Desulfurivibrionaceae,Dissulfuribacteraceae,QOAL01,Thermodesulfatatoraceae,Thermodesulfobacteriaceae,UBA3076
flagella_only	10	B30-G6,BuS5,Desulfatiglandaceae,Desulfatirhabdiaceae,Desulfosarcinaceae,JAFDCJ01,JAGOGO01,JAHEIW01,UBA2174_A,UBA5852
flagella_only	10	Bu92,DTU015,DUSS01,JABLXB01,JAJZPE01,PUMD01,SLMV01,Symbiobacteriaceae,Thermaerobacteraceae,ZC4RG38
flagella_only	10	4572-78,Anaerolineaceae,DUEN01,E44-bin32,EnvOPS12,J111,UBA11657,UBA4823,UBA6663,VGOW01
flagella_only	10	B5-G15,CR04bin15,Calditrichaceae,GCA-2689995,J004,JACNLC01,JAFGTP01,TS1B11,UBA2242,UBA8477
flagella_only	10	Aestuariirhabdaceae,DSM-21967,DSM-6294,IMCC2047,JAHRWD01,Natronospirillaceae,Nitrincolaceae,Oleiphilaceae,UBA3067,UBA7434
flagella_only	10	Aeromonadaceae,Alteromonadaceae,Celerinatantimonadaceae,Moritellaceae,Neiellaceae,Psychrobiaceae,Psychromonadaceae,Shewanellaceae,Succinivibrionaceae,Vibrionaceae
flagella_only	10	Acutalibacteraceae,Anaerotignaceae,Anaerovoracaceae,Butyricicoccaceae,Erysipelotrichaceae,Eubacteriaceae,Oscillospiraceae,Ruminococcaceae,Sedimentibacteraceae,UBA5745
flagella_only	10	Actinomycetaceae,Cellulomonadaceae,Geodermatophilaceae,Kineococcaceae,Micrococcaceae,Micromonosporaceae,Motilibacteraceae,Pseudonocardiaceae,Quadrisphaeraceae,Streptosporangiaceae
flagella_only	10	Emcibacteraceae,Ferrovibrionaceae,GCA-2731375,J090,Kordiimonadaceae,Minwuiaceae,Rhodothalassiaceae,Sneathiellaceae,UBA2966,Zavarziniaceae
flagella_only	10	BICA1-8,Ch109,DRI-13,DTU052,DTU073,Heliobacteriaceae,Syntrophomonadaceae,Syntrophothermaceae,Thermacetogeniaceae,UBA2595
flagella_only	10	DSM-21159,Dongiaceae,GCA-2746255,J153,JAEULC01,Kiloniellaceae,Rhodovibrionaceae,SMXQ01,Tistrellaceae,UBA6615
flagella_only	10	Ga0077539,HGW-17,Haliangiaceae,JAAYKL01,JADJMO01,JAKLHH01,Nannocystaceae,Polyangiaceae,Sandaracinaceae,XYA12-FULL-58-9
flagella_only	10	Ammonificaceae,Desulfallaceae,Desulfocucumaceae,Desulfofarciminaceae,Desulfohalotomaculaceae,Desulforudaceae,Desulfotomaculaceae,Desulfovirgulaceae,Pelotomaculaceae,VENG01
flagella_only	10	Acetivibrionaceae,DSM-27016,DSM-2933,DSM-8532,DTU013,DUMB01,DUMC01,JANLFN01,QPJT01,SK-Y3
flagella_only	10	B1SED10-159,DTU010,DTU012,DTU084,DTU087,JAAZLZ01,Limnochordaceae,RSA5,UBA5301,ZCTH02-B6
flagella_only	10	Elsteraceae,Micavibrionaceae,Oceanibaculaceae,RFNS01,RGZA01,SHVZ01,TMED2,Thalassobaculaceae,UBA2020,UBA9219
flagella_only	10	ETH-SRB1,JAAYKM01,PHBD01,Smithellaceae,Syntrophaceae,UBA2210,UBA4778,UBA5619,UBA6807,UBA8958
gtdb_only	11	Anaeromusaceae,CTSoil-072,DSM-13327,DSM-15969,Dendrosporobacteraceae,Massilibacillaceae,Propionisporaceae,Selenomonadaceae,Sporomusaceae,Thermosinaceae,UMGS1260
gtdb_only	11	Aestuariirhabdaceae,DSM-6294,Endozoicomonadaceae,Halomonadaceae,IMCC2047,Marinomonadaceae,Natronospirillaceae,Nitrincolaceae,Oleiphilaceae,Pseudomonadaceae,Zooshikellaceae
gtdb_only	11	B30-G6,BuS5,Desulfosarcinaceae,ETH-SRB1,JAFDCJ01,JAHEIW01,RPRI01,SURF-15,UBA11574,UBA2174_A,UBA5852
gtdb_only	11	Ga0077523,Gallionellaceae,JABEVD01,JAKAFK01,Nitrosomonadaceae,RBG-16-58-11,SG8-41,SHXO01,Sulfuricellaceae,UBA9220,WYBJ01
gtdb_only	11	Acetivibrionaceae,DSM-27016,DSM-2933,DSM-8532,DTU013,DUMB01,DUMC01,DUPL01,JANLFN01,QPJT01,UBA5734
gtdb_only	11	Acidihalobacteraceae,Ectothiorhodospiraceae,GCA-001735895,Granulosicoccaceae,Halothiobacillaceae,J044,SZUA-229,Thioalkalivibrionaceae,UBA4575,UBA5861,UWMA-0217
gtdb_only	11	B28-G17,GCA-2687025,GCA-2746185,JABWBI01,JAEUWI01,OLB16,SLHB01,SURF-12,SURF-5,UBA8349,UBA9662
gtdb_only	11	Burkholderiaceae,Burkholderiaceae_A,Burkholderiaceae_B,Burkholderiaceae_C,Burkholderiaceae_D,Casimicrobiaceae,JAEUOS01,Rhodocyclaceae,SG8-39,UBA3065,Usitatibacteraceae
gtdb_only	11	BW-2,Chromatiaceae,Cycloclasticaceae,GCF-002020875,GRL18,JABHGC01,Methylococcaceae,Methylomonadaceae,Methylothermaceae,Sedimenticolaceae,UBA2780
gtdb_only	11	Ancalomicrobiaceae,Beijerinckiaceae,Cohaesibacteraceae,GCA-2746425,Methylopilaceae,Phreatobacteraceae,Pleomorphomonadaceae,Rhizobiaceae,Rhodobiaceae,Stappiaceae,Xanthobacteraceae
gtdb_only	11	Bacillaceae_B,Bacillaceae_C,Caldibacillaceae,DSM-1321,DSM-18226,DSM-25281,Domibacillaceae,JACDOC01,JC228,Jeotgalibacillaceae,Planococcaceae
gtdb_only	11	Fen-1088,Ga0077539,HGW-17,Haliangiaceae,JAAYKL01,JADJMO01,JAKLHH01,Nannocystaceae,Palsa-1104,Polyangiaceae,Sandaracinaceae
gtdb_only	11	Arcobacteraceae,BB28,Campylobacteraceae,Helicobacteraceae,Hydrogenimonadaceae,Nitratiruptoraceae,QNZT01,Sulfurimonadaceae,Sulfurospirillaceae,Thiovulaceae,UBA1877
gtdb_only	11	Acidaminobacteraceae,Anaerovoracaceae,BM714,Caminicellaceae,Filifactoraceae,JAAYPU01,Natronincolaceae,Peptostreptococcaceae,T1SED10-28,Thermotaleaceae,Tindalliaceae
gtdb_only	11	B1SED10-159,DTU010,DTU012,DTU080,DTU087,DUMU01,DUMW01,JAAZLZ01,Limnochordaceae,RSA5,ZCTH02-B6
gtdb_only	11	20CM-2-55-15,Acidobacteriaceae,Bryobacteraceae,Koribacteraceae,Pyrinomonadaceae,RBC074,SCQP01,SbA1,UBA6911,UBA7540,UBA7541
flagella_only	11	Aestuariirhabdaceae,DC-out160,DSM-21967,DSM-6294,IMCC2047,JAHRWD01,Natronospirillaceae,Nitrincolaceae,Oleiphilaceae,UBA3067,UBA7434
flagella_only	11	AE-B3A,Anammoxibacteraceae,Auribacteraceae,B3-G15,Brocadiaceae,GCA-2746185,JAEUWI01,S143-82,SLHB01,SURF-5,Scalinduaceae
flagella_only	11	Ancalomicrobiaceae,CGMCC-115125,Devosiaceae,GCA-2746425,JAJFHC01,Methylopilaceae,OSC116,Parvibaculaceae,Phreatobacteraceae,Rhodobiaceae,Tepidamorphaceae
flagella_only	11	B25-G16,C00003060,Desulfatibacillaceae,Desulfobacteraceae,Desulfolunaceae,Desulforegulaceae,JAHIVH01,RPRI01,SURF-15,SURF-7,UBA11574
flagella_only	11	Bdellovibrionaceae,CAIMNF01,CAIPTA01,JABDDW01,JAGQZY01,JAMPXM01,UBA1018,UBA1609,UBA6776,UBA840,UBA923
flagella_only	11	B1SED10-159,DTU010,DTU012,DTU065,DTU084,DTU087,JAAZLZ01,Limnochordaceae,RSA5,UBA5301,ZCTH02-B6
flagella_only	11	Acidihalobacteraceae,CAIRSR01,Ectothiorhodospiraceae,GCA-001735895,J044,PWYM01,SZUA-21,SZUA-229,Thioalkalivibrionaceae,UBA5861,XN24
flagella_only	11	BJHT01,CAIMTB01,CAIYYI01,JADJPG01,NGM72-4,Palsa-1400,RI-55,SXTU01,UBA11358,UBA1319,UBA8199
flagella_only	11	Acetomicrobiaceae,Aminiphilaceae,Aminobacteriaceae,Caldatribacteriaceae,DUMJ01,Dethiosulfovibrionaceae,GBS-1,SV1-B22,Synergistaceae,Thermosynergistaceae,Thermovirgaceae
flagella_only	11	ETH-SRB1,JAAYKM01,PHBD01,Smithellaceae,Syntrophaceae,UBA2210,UBA3076,UBA4778,UBA5619,UBA6807,UBA8958
flagella_only	11	Acetivibrionaceae,DSM-27016,DSM-2933,DSM-8532,DTU013,DUMB01,DUMC01,JANLFN01,QPJT01,RGIG9151,SK-Y3
flagella_only	11	Deferrimicrobiaceae,Dissulfurispiraceae,JdFR-85,JdFR-88,Magnetobacteriaceae,RBG-13-43-22,SM23-35,Thermodesulfovibrionaceae,UBA6898,UBA6902,UBA8473
flagella_only	11	Actinomycetaceae,Cellulomonadaceae,Geodermatophilaceae,Kineococcaceae,Micrococcaceae,Micromonosporaceae,Motilibacteraceae,Nocardioidaceae,Pseudonocardiaceae,Quadrisphaeraceae,Streptosporangiaceae
flagella_only	11	CAIVHJ01,FEN-1343,Fen-1342,JAACEH01,JAAYCJ01,PWPN01,SM23-30,Tepidisphaeraceae,UBA1845,UTPLA1,WQYP01
flagella_only	11	CACIAM-22H2,Elsteraceae,Micavibrionaceae,Oceanibaculaceae,RFNS01,RGZA01,SHVZ01,TMED2,Thalassobaculaceae,UBA2020,UBA9219
flagella_only	11	AKS1,CALZJG01,GCA-2400775,Ga007554,JAADGQ01,JAADHS01,JADJWH01,SZUA-140,SZUA-76,Tenderiaceae,VBWC01
flagella_only	11	CAG-274,Cellulosilyticaceae,DSM-24629,Defluviitaleaceae,JAAYNZ01,UBA12420,UBA5962,Vallitaleaceae,WQUN01,WRAA01,WRAX01
flagella_only	11	B62-G9,Brachyspiraceae,DYLW01,JAFGDQ01,JAFGJZ01,Leptonemataceae,Leptospiraceae,Turneriellaceae,UB4802,UBA5368,UBA5550
gtdb_only	12	Acetivibrionaceae,DSM-27016,DSM-2933,DSM-8532,DTU013,DUMB01,DUMC01,DUPL01,JANLFN01,QPJT01,RGIG9151,UBA5734
gtdb_only	12	Anaerohalosphaeraceae,CAIVHJ01,FEN-1343,Fen-1342,JAAYCJ01,PWPN01,SG8-4,SM23-30,SM23-33,UBA12454,UBA1845,UTPLA1
gtdb_only	12	Anaerotignaceae,CAG-274,Cellulosilyticaceae,DSM-24629,Defluviitaleaceae,JAAYNZ01,Lachnospiraceae,UBA5962,Vallitaleaceae,WQUN01,WRAA01,WRAX01
gtdb_only	12	B30-G6,BuS5,Desulfatirhabdiaceae,Desulfosarcinaceae,ETH-SRB1,JAFDCJ01,JAHEIW01,RPRI01,SURF-15,UBA11574,UBA2174_A,UBA5852
gtdb_only	12	B1SED10-159,DTU010,DTU012,DTU065,DTU080,DTU087,DUMU01,DUMW01,JAAZLZ01,Limnochordaceae,RSA5,ZCTH02-B6
gtdb_only	12	CAIOGM01,Desulfuromonadaceae,Geoalkalibacteraceae,Geobacteraceae,Geobacteraceae_A,Geopsychrobacteraceae,Geothermobacteraceae,JAAYDE01,Pseudopelobacteraceae,SZUA-540,Syntrophotaleaceae,Trichloromonadaceae
gtdb_only	12	Ga0077523,Gallionellaceae,JABEVD01,JAKAFK01,Methylophilaceae,Nitrosomonadaceae,RBG-16-58-11,SG8-41,SHXO01,Sulfuricellaceae,UBA9220,WYBJ01
gtdb_only	12	Burkholderiaceae,Burkholderiaceae_A,Burkholderiaceae_B,Burkholderiaceae_C,Burkholderiaceae_D,Casimicrobiaceae,Ferrovaceae,JAEUOS01,Rhodocyclaceae,SG8-39,UBA3065,Usitatibacteraceae
gtdb_only	12	Gottschalkiaceae,MES13,Proteiniboraceae,SIT17,Sedimentibacteraceae,Sporanaerobacteraceae,Tepidimicrobiaceae,Thermohalobacteraceae,Tissierellaceae,Tissierellaceae_A,Tissierellaceae_B,Tissierellaceae_C
gtdb_only	12	4572-78,Anaerolineaceae,Caldilineaceae,DUEN01,E44-bin32,EnvOPS12,J111,Thermomicrobiaceae,UBA11657,UBA4823,UBA6663,VGOW01
gtdb_only	12	CAIMUX01,GWA2-58-10,GWC2-71-9,Gemmatimonadaceae,JABDJQ01,JACNKJ01,Krumholzibacteriaceae,LZORAL124-64-63,RBG-16-71-46,RSA9,UBA6960,WJJG01
gtdb_only	12	BJHT01,CAIMTB01,JADJPG01,NGM72-4,Palsa-1400,RI-55,SIBE01,SXTU01,UBA11320,UBA11358,UBA8199,UBA9464
flagella_only	12	DRQE01,GWC2-42-11,GWC2-55-46,HDB-SIOI813,JAADHI01,JACQBW01,JADFVP01,Manganitrophaceae,Nitrospiraceae,RBG-16-64-22,SBBA01,UBA8639
flagella_only	12	DTU022,DTU086,DULZ01,Desulfitibacteraceae,Dethiobacteraceae,JADQBR01,Moorellaceae,PH28-bin88,SKNC01,SLTJ01,UBA8154,Zhaonellaceae
flagella_only	12	Caminicellaceae,Gottschalkiaceae,Natronincolaceae,Proteiniboraceae,SIT17,Sporanaerobacteraceae,T1SED10-28,Tepidimicrobiaceae,Thermohalobacteraceae,Thermotaleaceae,Tindalliaceae,Tissierellaceae
flagella_only	12	B25-G16,C00003060,Desulfatibacillaceae,Desulfobacteraceae,Desulfolunaceae,Desulforegulaceae,HGW-15,JAHIVH01,RPRI01,SURF-15,SURF-7,UBA11574
flagella_only	12	4572-78,Anaerolineaceae,Caldilineaceae,DUEN01,E44-bin32,EnvOPS12,J111,UBA11657,UBA4823,UBA6077,UBA6663,VGOW01
flagella_only	12	Bacteriovoracaceae,Bdellovibrionaceae,CAIMNF01,CAIPTA01,JABDDW01,JAGQZY01,JAMPXM01,UBA1018,UBA1609,UBA6776,UBA840,UBA923
flagella_only	12	Aestuariirhabdaceae,DC-out160,DSM-21967,DSM-6294,IMCC2047,JAHRWD01,Natronospirillaceae,Nitrincolaceae,Oleiphilaceae,Pseudomonadaceae,UBA3067,UBA7434
flagella_only	12	Anoxybacillaceae,Bacillaceae_B,Bacillaceae_C,Bacillaceae_L,Caldibacillaceae,DSM-1321,DSM-25281,Domibacillaceae,JACDOC01,JC228,Jeotgalibacillaceae,SA4
flagella_only	12	CAG-274,Cellulosilyticaceae,DSM-24629,Defluviitaleaceae,JAAYNZ01,Lachnospiraceae,UBA12420,UBA5962,Vallitaleaceae,WQUN01,WRAA01,WRAX01
flagella_only	12	BJHT01,CAIMTB01,CAIYYI01,JADJPG01,NGM72-4,Palsa-1400,RI-55,SXTU01,UBA11320,UBA11358,UBA1319,UBA8199
flagella_only	12	BM004,Desulfobulbaceae,Desulfocapsaceae,Desulfosalsimonadaceae,Desulfuromonadaceae,Geoalkalibacteraceae,Geopsychrobacteraceae,Geothermobacteraceae,JAAYDE01,SZUA-540,Syntrophotaleaceae,Trichloromonadaceae
flagella_only	12	BB28,Campylobacteraceae,Helicobacteraceae,Hydrogenimonadaceae,Nautiliaceae,QNZT01,SZUA-545,Sulfurimonadaceae,Sulfurospirillaceae,Thiovulaceae,UBA1877,UBA6016
flagella_only	12	33-17,JABCZZ01,Midichloriaceae,SXRF01,UBA1908,UBA2136,UBA3002,UBA6156,UBA6503,UBA9215,UBA998,VGDC01
flagella_only	12	B62-G9,Brachyspiraceae,DYLW01,JAAYUW01,JAFGDQ01,JAFGJZ01,Leptonemataceae,Leptospiraceae,Turneriellaceae,UB4802,UBA5368,UBA5550
flagella_only	12	Balneolaceae,CAIMUX01,Cyclonatronaceae,HLUCCA01,JABDJQ01,JACNKJ01,Krumholzibacteriaceae,LZORAL124-64-63,Natronogracilivirgulaceae,Rhodothermaceae,Salinibacteraceae,WJJG01
gtdb_only	13	Anaerotignaceae,CAG-274,Cellulosilyticaceae,DSM-24629,Defluviitaleaceae,JAAYNZ01,Lachnospiraceae,UBA12420,UBA5962,Vallitaleaceae,WQUN01,WRAA01,WRAX01
gtdb_only	13	Algiphilaceae,GCA-2729495,JABDKV01,Nevskiaceae,Oceanococcaceae,PWYM01,SLND01,Salinisphaeraceae,Steroidobacteraceae,UBA5335,UBA6522,Woeseiaceae,XN24
gtdb_only	13	BJHT01,CAIMTB01,JADJPG01,NGM72-4,Palsa-1400,RI-55,SIBE01,SXTU01,UBA11320,UBA11358,UBA1319,UBA8199,UBA9464
gtdb_only	13	Arcobacteraceae,BB28,Campylobacteraceae,Helicobacteraceae,Hydrogenimonadaceae,Nitratiruptoraceae,QNZT01,SZUA-545,Sulfurimonadaceae,Sulfurospirillaceae,Thiovulaceae,UBA1877,UBA6016
gtdb_only	13	Ancalomicrobiaceae,Beijerinckiaceae,Cohaesibacteraceae,Devosiaceae,GCA-2746425,Methylopilaceae,OSC116,Phreatobacteraceae,Pleomorphomonadaceae,Rhizobiaceae,Rhodobiaceae,Stappiaceae,Xanthobacteraceae
gtdb_only	13	Azospirillaceae,CACIAM-22H2,DSM-21159,Dongiaceae,Elsteraceae,Inquilinaceae,J153,JAEULC01,Kiloniellaceae,Oceanibaculaceae,Rhodovibrionaceae,SHVZ01,Stellaceae
gtdb_only	13	Bu92,DTU015,DUSS01,JABLXB01,JAJYTV01,JAJYVN01,JAJZPE01,PUMD01,SLMV01,Sulfobacillaceae,Symbiobacteriaceae,Thermaerobacteraceae,ZC4RG38
gtdb_only	13	CAIOGM01,Desulfuromonadaceae,Geoalkalibacteraceae,Geobacteraceae,Geobacteraceae_A,Geopsychrobacteraceae,Geothermobacteraceae,JAAYDE01,JAJRXV01,Pseudopelobacteraceae,SZUA-540,Syntrophotaleaceae,Trichloromonadaceae
gtdb_only	13	Ammonificaceae,Carboxydothermaceae,Desulfallaceae,Desulfocucumaceae,Desulfofarciminaceae,Desulfohalotomaculaceae,Desulforudaceae,Desulfotomaculaceae,Desulfovirgulaceae,Nap2-2B,Pelotomaculaceae,UBA2595,VENG01
gtdb_only	13	Anaeromusaceae,CTSoil-072,CTSoil-080,DSM-13327,DSM-15969,Dendrosporobacteraceae,Massilibacillaceae,Propionisporaceae,Selenomonadaceae,Sporomusaceae,Thermosinaceae,UBA7701,UMGS1260
flagella_only	13	CAIKXV01,Ferrovaceae,Ga0077523,Gallionellaceae,JABEVD01,JAJZQI01,JAKAFK01,Nitrosomonadaceae,RBG-16-58-11,SHXO01,Sulfuricellaceae,UBA9220,WYBJ01
flagella_only	13	Arcobacteraceae,BB28,Campylobacteraceae,Helicobacteraceae,Hydrogenimonadaceae,Nautiliaceae,QNZT01,SZUA-545,Sulfurimonadaceae,Sulfurospirillaceae,Thiovulaceae,UBA1877,UBA6016
flagella_only	13	DTU022,DTU086,DULZ01,Desulfitibacteraceae,Dethiobacteraceae,JADQBR01,Moorellaceae,PH28-bin88,SKNC01,SLTJ01,UBA8154,UBA994,Zhaonellaceae
flagella_only	13	BJHT01,CAIMTB01,CAIYYI01,J093,JADJPG01,NGM72-4,Palsa-1400,RI-55,SXTU01,UBA11320,UBA11358,UBA1319,UBA8199
flagella_only	13	Aneurinibacillaceae,Brevibacillaceae,HB172195,JCM-10596,K13,NBRC-103111,Paenibacillaceae,RAOX-1,Reconciliibacillaceae,SCSIO-06110,Tepidibacillaceae,UBA4045,YIM-B00363
flagella_only	13	BICA1-8,Ch109,DRI-13,DTU030,DTU052,DTU073,DUMP01,Heliobacteriaceae,Syntrophomonadaceae,Syntrophothermaceae,Thermacetogeniaceae,UBA2595,UBA5500
flagella_only	13	Caminicellaceae,Filifactoraceae,Gottschalkiaceae,Natronincolaceae,Proteiniboraceae,SIT17,Sporanaerobacteraceae,T1SED10-28,Tepidimicrobiaceae,Thermohalobacteraceae,Thermotaleaceae,Tindalliaceae,Tissierellaceae
flagella_only	13	B1SED10-159,DTU010,DTU012,DTU065,DTU084,DTU087,JAAZLZ01,Limnochordaceae,RSA5,UBA10575,UBA5301,UBA8346,ZCTH02-B6
flagella_only	13	Anoxybacillaceae,Bacillaceae_B,Bacillaceae_C,Bacillaceae_H,Bacillaceae_L,Caldibacillaceae,DSM-1321,DSM-25281,Domibacillaceae,JACDOC01,JC228,Jeotgalibacillaceae,SA4
flagella_only	13	Aestuariirhabdaceae,DC-out160,DSM-21967,DSM-6294,IMCC2047,JAHRWD01,Marinomonadaceae,Natronospirillaceae,Nitrincolaceae,Oleiphilaceae,Pseudomonadaceae,UBA3067,UBA7434
flagella_only	13	Actinomycetaceae,Cellulomonadaceae,Dermatophilaceae,Euzebyaceae,Geodermatophilaceae,Kineococcaceae,Micrococcaceae,Micromonosporaceae,Motilibacteraceae,Nocardioidaceae,Pseudonocardiaceae,Quadrisphaeraceae,Streptosporangiaceae
flagella_only	13	2-02-FULL-58-16,2-02-FULL-58-16_A,CACZRW01,CAG-239,CAG-977,Casp-alpha2,Magnetospirillaceae,Magnetovibrionaceae,Rhodospirillaceae,Terasakiellaceae,UBA2165,UXAT02,WMHbin7
flagella_only	13	BM004,Desulfobulbaceae,Desulfocapsaceae,Desulfohalobiaceae,Desulfosalsimonadaceae,Desulfuromonadaceae,Geoalkalibacteraceae,Geopsychrobacteraceae,Geothermobacteraceae,JAAYDE01,SZUA-540,Syntrophotaleaceae,Trichloromonadaceae
flagella_only	13	Acutalibacteraceae,Anaerotignaceae,Anaerovoracaceae,Butyricicoccaceae,CAG-382,CAG-74,Erysipelotrichaceae,Eubacteriaceae,Oscillospiraceae,Ruminococcaceae,Sedimentibacteraceae,UBA4068,UBA5745
flagella_only	13	DC0425bin3,DP-6,JADGCH01,JAFLCA01,Magnetaquicoccaceae,Magnetococcaceae,OMII01,RFPC01,SZUA-149,UBA12015,UBA8363,UBA9968,UTPRO1
flagella_only	13	Acetonemaceae,Anaeromusaceae,CTSoil-072,CTSoil-080,DSM-13327,DSM-15969,Dendrosporobacteraceae,Propionisporaceae,Sporomusaceae,Thermosinaceae,UBA1444,UBA7701,UMGS1260
gtdb_only	14	B1SED10-159,DTU010,DTU012,DTU065,DTU080,DTU084,DTU087,DUMU01,DUMW01,JAAZLZ01,Limnochordaceae,RSA5,UBA5301,ZCTH02-B6
gtdb_only	14	Acetonemaceae,Anaeromusaceae,CTSoil-072,CTSoil-080,DSM-13327,DSM-15969,Dendrosporobacteraceae,Massilibacillaceae,Propionisporaceae,Selenomonadaceae,Sporomusaceae,Thermosinaceae,UBA7701,UMGS1260
gtdb_only	14	Arcobacteraceae,BB28,Campylobacteraceae,Helicobacteraceae,Hydrogenimonadaceae,Nautiliaceae,Nitratiruptoraceae,QNZT01,SZUA-545,Sulfurimonadaceae,Sulfurospirillaceae,Thiovulaceae,UBA1877,UBA6016
gtdb_only	14	Actinomycetaceae,Cellulomonadaceae,Dermatophilaceae,Euzebyaceae,Geodermatophilaceae,Kineococcaceae,Micrococcaceae,Micromonosporaceae,Motilibacteraceae,Nitriliruptoraceae,Nocardioidaceae,Pseudonocardiaceae,Quadrisphaeraceae,Streptosporangiaceae
gtdb_only	14	ATM1,CAIYQO01,CAJBBX01,Capsulimonadaceae,Chthonomonadaceae,Fimbriimonadaceae,GBS-DC,HRBIN16,HRBIN17,JAAZEB01,JABUFB01,UBA10988,UBA5352,UBA5829
gtdb_only	14	Anammoxibacteraceae,Brocadiaceae,DRQF01,GCA-002686595,GCA-002687715,GCA-002748355,J058,JACQFD01,JADJEK01,SM23-32,Scalinduaceae,UBA2386,UBA2392,WSZJ01
gtdb_only	14	Ancalomicrobiaceae,Beijerinckiaceae,Cohaesibacteraceae,Devosiaceae,GCA-2746425,Methylopilaceae,OSC116,Phreatobacteraceae,Pleomorphomonadaceae,Rhizobiaceae,Rhodobiaceae,Stappiaceae,Tepidamorphaceae,Xanthobacteraceae
flagella_only	14	B62-G9,Brachyspiraceae,DYLW01,GWF1-51-8,JAAYUW01,JABLXN01,JAFGDQ01,JAFGJZ01,Leptonemataceae,Leptospiraceae,Turneriellaceae,UB4802,UBA5368,UBA5550
flagella_only	14	Acutalibacteraceae,Anaerotignaceae,Anaerovoracaceae,Butyricicoccaceae,CAG-272,CAG-382,CAG-74,Erysipelotrichaceae,Eubacteriaceae,Oscillospiraceae,Ruminococcaceae,Sedimentibacteraceae,UBA4068,UBA5745
flagella_only	14	Aestuariirhabdaceae,Cellvibrionaceae,DC-out160,DSM-21967,DSM-6294,IMCC2047,JAHRWD01,Marinomonadaceae,Natronospirillaceae,Nitrincolaceae,Oleiphilaceae,Pseudomonadaceae,UBA3067,UBA7434
flagella_only	14	Anoxybacillaceae,Bacillaceae_B,Bacillaceae_C,Bacillaceae_H,Bacillaceae_I,Bacillaceae_L,Caldibacillaceae,DSM-1321,DSM-25281,Domibacillaceae,JACDOC01,JC228,Jeotgalibacillaceae,SA4
flagella_only	14	Acetivibrionaceae,Caldanaerobiaceae,Caldicellulosiruptoraceae,DSM-27016,DSM-2933,DSM-8532,DTU013,DUMB01,DUMC01,JANLFN01,QPJT01,RGIG9151,SK-Y3,Thermoanaerobacteraceae
flagella_only	14	2-02-FULL-58-16,2-02-FULL-58-16_A,CACZRW01,CAG-239,CAG-977,Casp-alpha2,Magnetospirillaceae,Magnetovibrionaceae,Rhodospirillaceae,Terasakiellaceae,Thalassospiraceae,UBA2165,UXAT02,WMHbin7
flagella_only	14	BJHT01,CAIMTB01,CAIYYI01,J093,JADJPG01,NGM72-4,Palsa-1400,RI-55,SXTU01,UBA11320,UBA11358,UBA1319,UBA8199,UBA9464
flagella_only	14	F1-140-MAGs086,HRBIN21,Ignavibacteriaceae,J042,JAKASW01,Kryptoniaceae,Melioribacteraceae,NICIL-2,T3Sed10-11,UBA10030,UBA2268,UBA6906,UBA8401,UBA961
flagella_only	14	Aerococcaceae,Alkalibacteraceae,BM714,Carnobacteriaceae,DTU083,Enterococcaceae,Garciellaceae,JAAYPU01,Lactobacillaceae,MES13,Tissierellaceae_A,Tissierellaceae_B,Tissierellaceae_C,Vagococcaceae
flagella_only	14	Caulobacteraceae,Emcibacteraceae,Ferrovibrionaceae,GCA-2731375,J090,Kordiimonadaceae,Maricaulaceae,Micropepsaceae,Minwuiaceae,Rhodothalassiaceae,Sneathiellaceae,TH1-2,UBA2966,Zavarziniaceae
gtdb_only	15	Ancalomicrobiaceae,Beijerinckiaceae,Cohaesibacteraceae,Devosiaceae,GCA-2746425,JAJFHC01,Methylopilaceae,OSC116,Phreatobacteraceae,Pleomorphomonadaceae,Rhizobiaceae,Rhodobiaceae,Stappiaceae,Tepidamorphaceae,Xanthobacteraceae
gtdb_only	15	Bacteriovoracaceae,Bdellovibrionaceae,CAIMNF01,CAIPTA01,JABDDW01,JAGQZY01,JAMPXM01,UBA1018,UBA1609,UBA2394,UBA2428,UBA2466,UBA6776,UBA840,UBA923
gtdb_only	15	BW-2,Chromatiaceae,Cycloclasticaceae,DSM-19610,GCF-002020875,GRL18,JABHGC01,JAHJQQ01,Methylococcaceae,Methylomonadaceae,Methylothermaceae,SZUA-21,Sedimenticolaceae,Thiohalobacteraceae,UBA2780
gtdb_only	15	BJHT01,CAIMTB01,CAIYYI01,J093,JADJPG01,NGM72-4,Palsa-1400,RI-55,SIBE01,SXTU01,UBA11320,UBA11358,UBA1319,UBA8199,UBA9464
gtdb_only	15	20CM-2-55-15,Acidobacteriaceae,Bryobacteraceae,JAFNAJ01,Koribacteraceae,Pyrinomonadaceae,RBC074,SCN-69-37,SCQP01,SbA1,UBA2999,UBA6911,UBA7540,UBA7541,Vicinamibacteraceae
gtdb_only	15	Ga0077523,Gallionellaceae,JABEVD01,JAJZQI01,JAKAFK01,Methylophilaceae,Nitrosomonadaceae,RBG-16-58-11,SG8-41,SHXO01,Sulfuricellaceae,Sulfuriferulaceae,Thiobacillaceae,UBA9220,WYBJ01
flagella_only	15	4484-95,CAIYYT01,FEB-12,JAABVY01,JAAZOE01,JACZUZ01,JAHJOQ01,JAJRUJ01,Latescibacteraceae,PGXB01,UBA10806,UBA2968,UBA8231,UM-FILTER-46-8,WJJR01
flagella_only	15	Caminicellaceae,Ch29,Filifactoraceae,Gottschalkiaceae,Lutisporaceae,Natronincolaceae,Proteiniboraceae,SIT17,Sporanaerobacteraceae,T1SED10-28,Tepidimicrobiaceae,Thermohalobacteraceae,Thermotaleaceae,Tindalliaceae,Tissierellaceae
flagella_only	15	Ancalomicrobiaceae,CGMCC-115125,Cohaesibacteraceae,Devosiaceae,GCA-2746425,JAJFHC01,Methylopilaceae,OSC116,Parvibaculaceae,Phreatobacteraceae,Pleomorphomonadaceae,Rhodobiaceae,Stappiaceae,Tepidamorphaceae,Xanthobacteraceae
flagella_only	15	Arcobacteraceae,BB28,Campylobacteraceae,Desulfurellaceae,Helicobacteraceae,Hippeaceae,Hydrogenimonadaceae,Nautiliaceae,QNZT01,SZUA-545,Sulfurimonadaceae,Sulfurospirillaceae,Thiovulaceae,UBA1877,UBA6016
flagella_only	15	CAIKXV01,Ferrovaceae,Ga0077523,Gallionellaceae,JABEVD01,JAJZQI01,JAKAFK01,Methylophilaceae,Nitrosomonadaceae,RBG-16-58-11,SHXO01,Sulfuricellaceae,Sulfuriferulaceae,UBA9220,WYBJ01
flagella_only	15	Anaerohalosphaeraceae,DRQF01,FEN-1346,GCA-002686595,GCA-002687715,GCA-002748355,Gemmataceae,J058,JACQFD01,JADJEK01,SG8-4,SM23-32,SM23-33,UBA12454,UBA2386
flagella_only	15	Aestuariirhabdaceae,Cellvibrionaceae,DC-out160,DSM-21967,DSM-6294,IMCC2047,JAHRWD01,Ketobacteraceae,Marinomonadaceae,Natronospirillaceae,Nitrincolaceae,Oleiphilaceae,Pseudomonadaceae,UBA3067,UBA7434
gtdb_only	16	4484-95,B68-G9,CAIYYT01,FEB-12,JAABVY01,JAAZOE01,JACZUZ01,JAHJOQ01,JAJRUJ01,Latescibacteraceae,PGXB01,UBA10806,UBA2968,UBA8231,UM-FILTER-46-8,WJJR01
gtdb_only	16	Dissulfurispiraceae,HDB-SIOI813,JAADHI01,JACQBW01,JdFR-85,JdFR-88,Magnetobacteriaceae,Manganitrophaceae,Nitrospiraceae,RBG-16-64-22,SBBA01,SM23-35,Thermodesulfovibrionaceae,UBA6898,UBA6902,UBA8639
gtdb_only	16	Arcobacteraceae,BB28,Campylobacteraceae,Desulfurellaceae,Helicobacteraceae,Hippeaceae,Hydrogenimonadaceae,Nautiliaceae,Nitratiruptoraceae,QNZT01,SZUA-545,Sulfurimonadaceae,Sulfurospirillaceae,Thiovulaceae,UBA1877,UBA6016
flagella_only	16	Aeribacillaceae,Anoxybacillaceae,Bacillaceae,Bacillaceae_B,Bacillaceae_C,Bacillaceae_H,Bacillaceae_I,Bacillaceae_L,Caldibacillaceae,DSM-1321,DSM-25281,Domibacillaceae,JACDOC01,JC228,Jeotgalibacillaceae,SA4
flagella_only	16	Anaerohalosphaeraceae,DRQF01,FEN-1346,GCA-002686595,GCA-002687715,GCA-002748355,Gemmataceae,J058,JACQFD01,JADJEK01,SG8-4,SM23-32,SM23-33,UBA11346,UBA12454,UBA2386
flagella_only	16	Ancalomicrobiaceae,Beijerinckiaceae,CGMCC-115125,Cohaesibacteraceae,Devosiaceae,GCA-2746425,JAJFHC01,Methylopilaceae,OSC116,Parvibaculaceae,Phreatobacteraceae,Pleomorphomonadaceae,Rhodobiaceae,Stappiaceae,Tepidamorphaceae,Xanthobacteraceae
flagella_only	16	CAIVHJ01,FEN-1343,Fen-1342,JAACEH01,JAAYCJ01,PWPN01,Phycisphaeraceae,SM1A02,SM23-30,Tepidisphaeraceae,UBA1845,UBA1924,UBA5793,UTPLA1,WQYP01,Zrk34
flagella_only	16	CAIKXV01,Ferrovaceae,Ga0077523,Gallionellaceae,JABEVD01,JAJZQI01,JAKAFK01,Methylophilaceae,Nitrosomonadaceae,RBG-16-58-11,Rhodocyclaceae,SHXO01,Sulfuricellaceae,Sulfuriferulaceae,UBA9220,WYBJ01
flagella_only	16	BJHT01,CAIMTB01,CAIYYI01,J093,JADJPG01,NGM72-4,Palsa-1400,RI-55,SIBE01,SXTU01,UBA1100,UBA11320,UBA11358,UBA1319,UBA8199,UBA9464
flagella_only	16	Actinomycetaceae,Cellulomonadaceae,Dermatophilaceae,Euzebyaceae,Geodermatophilaceae,Kineococcaceae,Micrococcaceae,Micromonosporaceae,Motilibacteraceae,Nocardioidaceae,Palsa-688,Pseudonocardiaceae,Quadrisphaeraceae,RAAP-2,Streptosporangiaceae,UBA8190
flagella_only	16	Aestuariirhabdaceae,Cellvibrionaceae,DC-out160,DSM-21967,DSM-6294,IMCC2047,JAHRWD01,Ketobacteraceae,Marinomonadaceae,Natronospirillaceae,Nitrincolaceae,Oleiphilaceae,Pseudomonadaceae,UBA3067,UBA7434,Zooshikellaceae
flagella_only	16	Ahniellaceae,Algiphilaceae,GCA-2729495,Immundisolibacteraceae,JABDKV01,Nevskiaceae,Oceanococcaceae,Rhodanobacteraceae,SLND01,Spongiibacteraceae,Steroidobacteraceae,UBA5335,UBA6522,Wenzhouxiangellaceae,Woeseiaceae,Xanthomonadaceae
flagella_only	16	Acidaminobacteraceae,Caminicellaceae,Ch29,Filifactoraceae,Gottschalkiaceae,Lutisporaceae,Natronincolaceae,Proteiniboraceae,SIT17,Sporanaerobacteraceae,T1SED10-28,Tepidimicrobiaceae,Thermohalobacteraceae,Thermotaleaceae,Tindalliaceae,Tissierellaceae
flagella_only	16	20CM-2-55-15,Acidobacteriaceae,Bryobacteraceae,CAIWXX01,JAFNAJ01,Koribacteraceae,Pyrinomonadaceae,RBC074,SCN-69-37,SCQP01,SbA1,UBA2999,UBA6911,UBA7540,UBA7541,Vicinamibacteraceae
gtdb_only	17	Aeribacillaceae,Anoxybacillaceae,Bacillaceae,Bacillaceae_B,Bacillaceae_C,Bacillaceae_H,Bacillaceae_I,Bacillaceae_L,Caldibacillaceae,DSM-1321,DSM-18226,DSM-25281,Domibacillaceae,JACDOC01,JC228,Jeotgalibacillaceae,Planococcaceae
gtdb_only	17	Ahniellaceae,Algiphilaceae,GCA-2729495,JABDKV01,Nevskiaceae,Oceanococcaceae,PWYM01,Rhodanobacteraceae,SLND01,Salinisphaeraceae,Steroidobacteraceae,UBA5335,UBA6522,Wenzhouxiangellaceae,Woeseiaceae,XN24,Xanthomonadaceae
gtdb_only	17	20CM-2-55-15,Acidobacteriaceae,Bryobacteraceae,J045,JAFNAJ01,Koribacteraceae,Polarisedimenticolaceae,Pyrinomonadaceae,RBC074,SCN-69-37,SCQP01,SbA1,UBA2999,UBA6911,UBA7540,UBA7541,Vicinamibacteraceae
gtdb_only	17	CG2-30-53-67,Dissulfurispiraceae,HDB-SIOI813,JAADHI01,JACQBW01,JdFR-85,JdFR-88,Magnetobacteriaceae,Manganitrophaceae,Nitrospiraceae,RBG-16-64-22,SBBA01,SM23-35,Thermodesulfovibrionaceae,UBA6898,UBA6902,UBA8639
gtdb_only	17	Acetobacteraceae,Azospirillaceae,CACIAM-22H2,DSM-21159,Dongiaceae,Elsteraceae,Inquilinaceae,J153,JAEULC01,Kiloniellaceae,Magnetospirillaceae,Oceanibaculaceae,Rhodospirillaceae,Rhodovibrionaceae,SHVZ01,Stellaceae,WMHbin7
gtdb_only	17	BM004,DYLC01,Desulfobulbaceae,Desulfocapsaceae,Desulfofervidaceae,Desulfohalobiaceae,Desulfomicrobiaceae,Desulfonatronaceae,Desulfonatronovibrionaceae,Desulfonauticaceae,Desulfovibrionaceae,Desulfurivibrionaceae,Dissulfuribacteraceae,QOAL01,Thermodesulfatatoraceae,Thermodesulfobacteriaceae,UBA3076
flagella_only	17	BM004,CAIOGM01,Desulfobulbaceae,Desulfocapsaceae,Desulfohalobiaceae,Desulfosalsimonadaceae,Desulfuromonadaceae,Geoalkalibacteraceae,Geobacteraceae,Geobacteraceae_A,Geopsychrobacteraceae,Geothermobacteraceae,JAAYDE01,Pseudopelobacteraceae,SZUA-540,Syntrophotaleaceae,Trichloromonadaceae
flagella_only	17	Acetonemaceae,Anaeromusaceae,CTSoil-072,CTSoil-080,DSM-13327,DSM-15969,Dendrosporobacteraceae,Desulfitobacteriaceae,Massilibacillaceae,Propionisporaceae,Selenomonadaceae,Sporomusaceae,Syntrophobotulaceae,Thermosinaceae,UBA1444,UBA7701,UMGS1260
flagella_only	17	CAIKXV01,Ferrovaceae,Ga0077523,Gallionellaceae,JABEVD01,JAJZQI01,JAKAFK01,Methylophilaceae,Nitrosomonadaceae,RBG-16-58-11,Rhodocyclaceae,SHXO01,Sulfuricellaceae,Sulfuriferulaceae,Thiobacillaceae,UBA9220,WYBJ01
flagella_only	17	ARS1246,Alkalispirochaetaceae,B11-G9,DRHE01,DSM-6578,JAFGRV01,Marispirochaetaceae,PWMO01,PXBQ01,RPPD01,SKKC01,SLAA01,SLST01,SZUA-6,Salinispiraceae,Sediminispirochaetaceae,UBA9216
flagella_only	17	CAIVHJ01,FEN-1343,Fen-1342,JAACEH01,JAAYCJ01,PWPN01,Pan216,Phycisphaeraceae,SM1A02,SM23-30,Tepidisphaeraceae,UBA1845,UBA1924,UBA5793,UTPLA1,WQYP01,Zrk34
flagella_only	17	Aestuariirhabdaceae,Cellvibrionaceae,DC-out160,DSM-21967,DSM-6294,IMCC2047,JAHRWD01,Ketobacteraceae,Marinomonadaceae,Natronospirillaceae,Nitrincolaceae,Oleiphilaceae,Pseudomonadaceae,UBA3067,UBA5518,UBA7434,Zooshikellaceae
flagella_only	17	2-02-FULL-58-16,2-02-FULL-58-16_A,CACZRW01,CAG-239,CAG-977,Casp-alpha2,GCA-2696645,GCA-2717185,Magnetospirillaceae,Magnetovibrionaceae,Rhodospirillaceae,Terasakiellaceae,Thalassospiraceae,UBA2165,UBA8366,UXAT02,WMHbin7
flagella_only	17	Acetomicrobiaceae,Aminiphilaceae,Aminobacteriaceae,Aquicultoraceae,Caldatribacteriaceae,Ch115,DTU014,DTU025,DUMJ01,Dethiosulfovibrionaceae,GBS-1,JABLXJ01,SV1-B22,Synergistaceae,Thermosynergistaceae,Thermovirgaceae,UBA4971
flagella_only	17	Ancalomicrobiaceae,Beijerinckiaceae,CGMCC-115125,Cohaesibacteraceae,Devosiaceae,GCA-2746425,JAJFHC01,Methylopilaceae,OSC116,Parvibaculaceae,Phreatobacteraceae,Pleomorphomonadaceae,Rhizobiaceae,Rhodobiaceae,Stappiaceae,Tepidamorphaceae,Xanthobacteraceae
gtdb_only	18	ARS1246,Alkalispirochaetaceae,B11-G9,DRHE01,DSM-6578,Fen-1364,JAFGRV01,Marispirochaetaceae,PWMO01,PXBQ01,RPPD01,SKKC01,SLAA01,SLST01,SZUA-6,Salinispiraceae,Sediminispirochaetaceae,UBA9216
gtdb_only	18	Ancalomicrobiaceae,Beijerinckiaceae,CGMCC-115125,Cohaesibacteraceae,Devosiaceae,GCA-2746425,JAJFHC01,Methylopilaceae,OSC116,Parvibaculaceae,Phreatobacteraceae,Pleomorphomonadaceae,RS24,Rhizobiaceae,Rhodobiaceae,Stappiaceae,Tepidamorphaceae,Xanthobacteraceae
gtdb_only	18	B30-G6,BuS5,Desulfatirhabdiaceae,Desulfobacteraceae,Desulfolunaceae,Desulforegulaceae,Desulfosalsimonadaceae,Desulfosarcinaceae,ETH-SRB1,JAFDCJ01,JAHEIW01,JAHIVH01,RPRI01,SURF-15,SURF-7,UBA11574,UBA2174_A,UBA5852
gtdb_only	18	AKS1,CALZJG01,DRMK01,GCA-2400775,Ga007554,JAADGQ01,JAADHS01,JADJWH01,JAFLJP01,S012-40,SG8-11,SZUA-140,SZUA-152,SZUA-76,Tenderiaceae,Thiohalomonadaceae,UBA6429,VBWC01
flagella_only	18	CAIKXV01,Ferrovaceae,Ga0077523,Gallionellaceae,JABEVD01,JAJZQI01,JAKAFK01,Methylophilaceae,Nitrosomonadaceae,RBG-16-58-11,Rhodocyclaceae,SG8-41,SHXO01,Sulfuricellaceae,Sulfuriferulaceae,Thiobacillaceae,UBA9220,WYBJ01
flagella_only	18	AKS1,CALZJG01,DRMK01,GCA-2400775,Ga007554,JAADGQ01,JAADHS01,JADJWH01,JAFLJP01,Methylophagaceae,Nitrosococcaceae,S012-40,SZUA-140,SZUA-76,Tenderiaceae,Thiohalomonadaceae,UBA6429,VBWC01
flagella_only	18	Aerococcaceae,Alkalibacteraceae,BM714,Caloramatoraceae,Carnobacteriaceae,Clostridiaceae,DTU083,Enterococcaceae,Garciellaceae,JAAYPU01,Lactobacillaceae,MES13,Oxobacteraceae,Peptostreptococcaceae,Tissierellaceae_A,Tissierellaceae_B,Tissierellaceae_C,Vagococcaceae
flagella_only	18	Actinomycetaceae,Cellulomonadaceae,Dermatophilaceae,Euzebyaceae,Geodermatophilaceae,Kineococcaceae,Micrococcaceae,Micromonosporaceae,Microtrichaceae,Motilibacteraceae,Nocardioidaceae,Palsa-688,Pseudonocardiaceae,Quadrisphaeraceae,RAAP-2,SZUA-35,Streptosporangiaceae,UBA8190
flagella_only	18	Aeromonadaceae,Alteromonadaceae,Berkiellaceae,Celerinatantimonadaceae,DSM-103792,GCA-002770795,GCA-2746155,Gallaecimonadaceae,Kangiellaceae,Moritellaceae,Neiellaceae,Piscirickettsiaceae,Psychrobiaceae,Psychromonadaceae,Shewanellaceae,Succinivibrionaceae,UBA1113,Vibrionaceae
flagella_only	18	Aestuariirhabdaceae,Cellvibrionaceae,DC-out160,DSM-21967,DSM-6294,IMCC2047,JAHRWD01,Ketobacteraceae,Marinomonadaceae,Moraxellaceae,Natronospirillaceae,Nitrincolaceae,Oleiphilaceae,Pseudomonadaceae,UBA3067,UBA5518,UBA7434,Zooshikellaceae
flagella_only	18	Bacteriovoracaceae,Bdellovibrionaceae,Bog-1112,CAIMNF01,CAIPTA01,JABDDW01,JAGQZY01,JAMPXM01,Oligoflexaceae,RGVZ01,Silvanigrellaceae,UBA1018,UBA1609,UBA2428,UBA2466,UBA6776,UBA840,UBA923
flagella_only	18	40CM-4-68-19,Anaeromyxobacteraceae,B64-G9,Bradymonadaceae,Fen-1088,Ga0077539,HGW-17,Haliangiaceae,JAAYKL01,JADJMO01,JAKLHH01,Myxococcaceae,Nannocystaceae,Palsa-1104,Polyangiaceae,Sandaracinaceae,VGSZ01,XYA12-FULL-58-9
gtdb_only	19	Anaerohalosphaeraceae,CAIVHJ01,FEN-1343,Fen-1342,JAAYCJ01,PWPN01,Phycisphaeraceae,SG8-4,SM1A02,SM23-30,SM23-33,Tepidisphaeraceae,UBA12454,UBA1845,UBA1924,UBA5793,UTPLA1,WQYP01,Zrk34
gtdb_only	19	B30-G6,BuS5,Desulfatibacillaceae,Desulfatirhabdiaceae,Desulfobacteraceae,Desulfolunaceae,Desulforegulaceae,Desulfosalsimonadaceae,Desulfosarcinaceae,ETH-SRB1,JAFDCJ01,JAHEIW01,JAHIVH01,RPRI01,SURF-15,SURF-7,UBA11574,UBA2174_A,UBA5852
gtdb_only	19	Aeribacillaceae,Anoxybacillaceae,Bacillaceae,Bacillaceae_B,Bacillaceae_C,Bacillaceae_G,Bacillaceae_H,Bacillaceae_I,Bacillaceae_L,Caldibacillaceae,DSM-1321,DSM-18226,DSM-25281,Domibacillaceae,JACDOC01,JC228,Jeotgalibacillaceae,Planococcaceae,SA4
flagella_only	19	40CM-4-68-19,Anaeromyxobacteraceae,B64-G9,Bradymonadaceae,Fen-1088,Ga0077539,HGW-17,Haliangiaceae,JAAYKL01,JADJMO01,JAKLHH01,Myxococcaceae,Nannocystaceae,Palsa-1104,Polyangiaceae,Sandaracinaceae,VGSZ01,WYAZ01,XYA12-FULL-58-9
flagella_only	19	ARS1246,Alkalispirochaetaceae,B11-G9,DRHE01,DSM-19205,DSM-6578,JAFGRV01,Marispirochaetaceae,PWMO01,PXBQ01,RPPD01,SKKC01,SLAA01,SLST01,SZUA-6,Salinispiraceae,Sediminispirochaetaceae,Spirochaetaceae_B,UBA9216
flagella_only	19	Actinomycetaceae,CAIXPF01,Cellulomonadaceae,Dermatophilaceae,Euzebyaceae,Geodermatophilaceae,Kineococcaceae,Micrococcaceae,Micromonosporaceae,Microtrichaceae,Motilibacteraceae,Nocardioidaceae,Palsa-688,Pseudonocardiaceae,Quadrisphaeraceae,RAAP-2,SZUA-35,Streptosporangiaceae,UBA8190
flagella_only	19	Aeribacillaceae,Anoxybacillaceae,Bacillaceae,Bacillaceae_B,Bacillaceae_C,Bacillaceae_H,Bacillaceae_I,Bacillaceae_J,Bacillaceae_L,Bacillaceae_N,Bacillaceae_O,Caldibacillaceae,DSM-1321,DSM-25281,Domibacillaceae,JACDOC01,JC228,Jeotgalibacillaceae,SA4
flagella_only	19	Bacteriovoracaceae,Bdellovibrionaceae,Bog-1112,CAIMNF01,CAIPTA01,JABDDW01,JAGQZY01,JAMPXM01,Oligoflexaceae,RGVZ01,Silvanigrellaceae,UBA1018,UBA1609,UBA2394,UBA2428,UBA2466,UBA6776,UBA840,UBA923
gtdb_only	20	4572-78,Anaerolineaceae,CADDYW01,CF-72,Caldilineaceae,DUEN01,E44-bin32,EnvOPS12,FW602-bin22,J111,JACCZL01,JAJPHF01,Tepidiformaceae,Thermomicrobiaceae,UBA11657,UBA2979,UBA4823,UBA6077,UBA6663,VGOW01
gtdb_only	20	B30-G6,BuS5,C00003060,Desulfatibacillaceae,Desulfatirhabdiaceae,Desulfobacteraceae,Desulfolunaceae,Desulforegulaceae,Desulfosalsimonadaceae,Desulfosarcinaceae,ETH-SRB1,JAFDCJ01,JAHEIW01,JAHIVH01,RPRI01,SURF-15,SURF-7,UBA11574,UBA2174_A,UBA5852
gtdb_only	20	Acetomicrobiaceae,Aminiphilaceae,Aminobacteriaceae,B3-G13,Caldatribacteriaceae,DSM-5069,DUMJ01,Dethiosulfovibrionaceae,Fervidobacteriaceae,GBS-1,MWEM01,Mesoaciditogaceae,Petrotogaceae,SV1-B22,Synergistaceae,Thermodesulfobiaceae,Thermosynergistaceae,Thermotogaceae,Thermovirgaceae,UBA12178
gtdb_only	20	Aeribacillaceae,Anoxybacillaceae,Bacillaceae,Bacillaceae_B,Bacillaceae_C,Bacillaceae_G,Bacillaceae_H,Bacillaceae_I,Bacillaceae_J,Bacillaceae_L,Caldibacillaceae,DSM-1321,DSM-18226,DSM-25281,Domibacillaceae,JACDOC01,JC228,Jeotgalibacillaceae,Planococcaceae,SA4
gtdb_only	20	Balneolaceae,Cyclonatronaceae,F1-140-MAGs086,Flavobacteriaceae,HLUCCA01,HRBIN21,Ignavibacteriaceae,JAKASW01,Kryptoniaceae,Melioribacteraceae,NICIL-2,Natronogracilivirgulaceae,Rhodothermaceae,Salinibacteraceae,T3Sed10-11,UBA10030,UBA2268,UBA6906,UBA8401,UBA961
flagella_only	20	ARS1246,Alkalispirochaetaceae,B11-G9,DRHE01,DSM-19205,DSM-6578,JABEVK01,JAFGRV01,Marispirochaetaceae,PWMO01,PXBQ01,RPPD01,SKKC01,SLAA01,SLST01,SZUA-6,Salinispiraceae,Sediminispirochaetaceae,Spirochaetaceae_B,UBA9216
flagella_only	20	4484-171,Acetomicrobiaceae,Aminiphilaceae,Aminobacteriaceae,Aquicultoraceae,Caldatribacteriaceae,Ch115,DTU014,DTU025,DUMJ01,Dethiosulfovibrionaceae,GBS-1,JABLXJ01,Palsa-1178,SV1-B22,Synergistaceae,Thermosynergistaceae,Thermovirgaceae,UBA4971,UBA6099
flagella_only	20	Actinomycetaceae,CAIXPF01,Cellulomonadaceae,Dermatophilaceae,Euzebyaceae,Geodermatophilaceae,Ilumatobacteraceae,Kineococcaceae,Micrococcaceae,Micromonosporaceae,Microtrichaceae,Motilibacteraceae,Nocardioidaceae,Palsa-688,Pseudonocardiaceae,Quadrisphaeraceae,RAAP-2,SZUA-35,Streptosporangiaceae,UBA8190
flagella_only	20	Ancalomicrobiaceae,Beijerinckiaceae,CGMCC-115125,Cohaesibacteraceae,Devosiaceae,GCA-2746425,Hyphomonadaceae,JAJFHC01,Methylopilaceae,OSC116,Parvibaculaceae,Parvularculaceae,Phreatobacteraceae,Pleomorphomonadaceae,Rhizobiaceae,Rhodobacteraceae,Rhodobiaceae,Stappiaceae,Tepidamorphaceae,Xanthobacteraceae
flagella_only	20	Aeribacillaceae,Anoxybacillaceae,Bacillaceae,Bacillaceae_B,Bacillaceae_C,Bacillaceae_H,Bacillaceae_I,Bacillaceae_J,Bacillaceae_L,Bacillaceae_N,Bacillaceae_O,Caldibacillaceae,DSM-1321,DSM-25281,Domibacillaceae,JACDOC01,JC228,Jeotgalibacillaceae,Planococcaceae,SA4
gtdb_only	21	CAIOGM01,DRQE01,Desulfuromonadaceae,GWC2-42-11,GWC2-55-46,Geoalkalibacteraceae,Geobacteraceae,Geobacteraceae_A,Geopsychrobacteraceae,Geothermobacteraceae,JAAYDE01,JADFVP01,JAGOGO01,JAJRXV01,Pseudopelobacteraceae,SM23-61,SZUA-540,Syntrophotaleaceae,Trichloromonadaceae,UBA1163,UBA8473
gtdb_only	21	Anaerohalosphaeraceae,CAIVHJ01,FEN-1343,FEN-1346,Fen-1342,JAACEH01,JAAYCJ01,PWPN01,Phycisphaeraceae,SG8-4,SM1A02,SM23-30,SM23-33,Tepidisphaeraceae,UBA12454,UBA1845,UBA1924,UBA5793,UTPLA1,WQYP01,Zrk34
gtdb_only	21	Aquaspirillaceae,Chitinibacteraceae,Chitinimonadaceae,Chromobacteriaceae,Ga0077523,Gallionellaceae,JABEVD01,JAJZQI01,JAKAFK01,Leeiaceae,Methylophilaceae,Nitrosomonadaceae,RBG-16-58-11,SCOH01,SG8-41,SHXO01,Sulfuricellaceae,Sulfuriferulaceae,Thiobacillaceae,UBA9220,WYBJ01
gtdb_only	21	AAA164-E04,BJHT01,CAIMTB01,CAIYYI01,Chthoniobacteraceae,J093,JADJPG01,NGM72-4,Palsa-1400,RI-55,SIBE01,SXTU01,Terrimicrobiaceae,UBA1096,UBA1100,UBA11320,UBA11358,UBA1319,UBA1321,UBA8199,UBA9464
gtdb_only	21	4572-78,Anaerolineaceae,CADDYW01,CF-72,Caldilineaceae,DUEN01,E44-bin32,EnvOPS12,FW602-bin22,J111,JACCZL01,JACDGC01,JAJPHF01,Tepidiformaceae,Thermomicrobiaceae,UBA11657,UBA2979,UBA4823,UBA6077,UBA6663,VGOW01
gtdb_only	21	Aquificaceae,Arcobacteraceae,BB28,Campylobacteraceae,Desulfurellaceae,Desulfurobacteriaceae,Helicobacteraceae,Hippeaceae,Hydrogenimonadaceae,Hydrogenobaculaceae,Hydrogenothermaceae,Nautiliaceae,Nitratiruptoraceae,QNZT01,QOAS01,SZUA-545,Sulfurimonadaceae,Sulfurospirillaceae,Thiovulaceae,UBA1877,UBA6016
gtdb_only	21	B1SED10-159,Ch115,DTU010,DTU012,DTU014,DTU025,DTU065,DTU080,DTU084,DTU087,DUMU01,DUMW01,JAAZLZ01,JABLXJ01,Limnochordaceae,RSA5,UBA10575,UBA4971,UBA5301,UBA8346,ZCTH02-B6
gtdb_only	21	Aestuariirhabdaceae,Cellvibrionaceae,DSM-21967,DSM-6294,Endozoicomonadaceae,HTCC2089,Halieaceae,Halomonadaceae,IMCC2047,JAHRWD01,Marinomonadaceae,Natronospirillaceae,Nitrincolaceae,Oleiphilaceae,Porticoccaceae,Pseudohongiellaceae,Pseudomonadaceae,Spongiibacteraceae,UBA5518,UBA7434,Zooshikellaceae
gtdb_only	21	Bradymonadaceae,CAJQPC01,Fen-1088,GCA-2862545,GCA-2863065,Ga0077539,HGW-17,Haliangiaceae,JAAYKL01,JADJMO01,JAKLHH01,Nannocystaceae,PHBI01,Palsa-1104,Polyangiaceae,SXON01,Sandaracinaceae,UBA1532,UBA2385,UBA796,UBA9615
gtdb_only	21	20CM-2-55-15,Acanthopleuribacteraceae,Acidobacteriaceae,B130-G9,Bryobacteraceae,CAIWXX01,Holophagaceae,J045,JAFNAJ01,Koribacteraceae,Polarisedimenticolaceae,Pyrinomonadaceae,RBC074,SCN-69-37,SCQP01,SbA1,UBA2999,UBA6911,UBA7540,UBA7541,Vicinamibacteraceae
flagella_only	21	ARS1246,Alkalispirochaetaceae,B11-G9,DRHE01,DSM-19205,DSM-6578,Fen-1364,JABEVK01,JAFGRV01,Marispirochaetaceae,PWMO01,PXBQ01,RPPD01,SKKC01,SLAA01,SLST01,SZUA-6,Salinispiraceae,Sediminispirochaetaceae,Spirochaetaceae_B,UBA9216
flagella_only	21	B30-G6,BuS5,Desulfatiglandaceae,Desulfatirhabdiaceae,Desulfosarcinaceae,ETH-SRB1,JAAYKM01,JAFDCJ01,JAGOGO01,JAHEIW01,PHBD01,Smithellaceae,Syntrophaceae,UBA2174_A,UBA2210,UBA3076,UBA4778,UBA5619,UBA5852,UBA6807,UBA8958
flagella_only	21	B25-G16,C00003060,DYLC01,Desulfatibacillaceae,Desulfobacteraceae,Desulfolunaceae,Desulforegulaceae,Desulfurivibrionaceae,Dissulfuribacteraceae,HGW-15,JAHIVH01,QOAL01,QYQD01,RPRI01,SM23-61,SURF-15,SURF-7,Thermodesulfatatoraceae,Thermodesulfobacteriaceae,UBA11574,UBA1163
flagella_only	21	4572-78,Anaerolineaceae,CADDYW01,CF-72,CSP1-4,Caldilineaceae,DUEN01,E44-bin32,EnvOPS12,FW602-bin22,J111,JACCZL01,JAJPHF01,Tepidiformaceae,Thermomicrobiaceae,UBA11657,UBA2979,UBA4823,UBA6077,UBA6663,VGOW01
flagella_only	21	Acidulodesulfobacteraceae,Bacteriovoracaceae,Bdellovibrionaceae,Bog-1112,CAIMNF01,CAIPTA01,JABDDW01,JAGQZY01,JAMPXM01,Leptospirillaceae,Oligoflexaceae,RGVZ01,Silvanigrellaceae,UBA1018,UBA1609,UBA2394,UBA2428,UBA2466,UBA6776,UBA840,UBA923
flagella_only	21	40CM-4-68-19,Anaeromyxobacteraceae,B64-G9,Bradymonadaceae,Fen-1088,GCA-2863065,Ga0077539,HGW-17,Haliangiaceae,JAAYKL01,JADJMO01,JAKLHH01,Myxococcaceae,Nannocystaceae,PHBI01,Palsa-1104,Polyangiaceae,Sandaracinaceae,VGSZ01,WYAZ01,XYA12-FULL-58-9
gtdb_only	22	ARS1246,Alkalispirochaetaceae,B11-G9,Breznakiellaceae,DRHE01,DSM-6578,Fen-1364,JAFGRV01,Marispirochaetaceae,PWMO01,PXBQ01,RPPD01,Rectinemataceae,SKKC01,SLAA01,SLST01,SZUA-6,Salinispiraceae,Sediminispirochaetaceae,Treponemataceae,UBA12059,UBA9216
gtdb_only	22	Aestuariirhabdaceae,Cellvibrionaceae,DSM-21967,DSM-6294,Endozoicomonadaceae,HTCC2089,Halieaceae,Halomonadaceae,IMCC2047,JAHRWD01,Litoricolaceae,Marinomonadaceae,Natronospirillaceae,Nitrincolaceae,Oleiphilaceae,Porticoccaceae,Pseudohongiellaceae,Pseudomonadaceae,Spongiibacteraceae,UBA5518,UBA7434,Zooshikellaceae
gtdb_only	22	4572-78,Anaerolineaceae,CADDYW01,CF-72,Caldilineaceae,DUEN01,E44-bin32,EnvOPS12,FW602-bin22,J111,JACCZL01,JACDGC01,JAJPHF01,Tepidiformaceae,Thermomicrobiaceae,UBA11657,UBA12225,UBA2979,UBA4823,UBA6077,UBA6663,VGOW01
gtdb_only	22	AK92,Ahniellaceae,Algiphilaceae,Aquisalimonadaceae,Competibacteraceae,GCA-2729495,Halorhodospiraceae,JABDKV01,Nevskiaceae,Nitrococcaceae,Oceanococcaceae,PWYM01,Rhodanobacteraceae,SLND01,Salinisphaeraceae,Steroidobacteraceae,UBA5335,UBA6522,Wenzhouxiangellaceae,Woeseiaceae,XN24,Xanthomonadaceae
gtdb_only	22	Acetivibrionaceae,Acutalibacteraceae,Butyricicoccaceae,CAG-272,CAG-382,DSM-27016,DSM-2933,DSM-8532,DTU013,DUMB01,DUMC01,DUPL01,Ethanoligenenaceae,JANLFN01,Oscillospiraceae,QPJT01,RGIG9151,Ruminococcaceae,SK-Y3,UBA1381,UBA5734,UBA929
gtdb_only	22	21-64-14,AKS1,CAIRSR01,CALZJG01,DRMK01,GCA-2400775,Ga007554,JAABTG01,JAADGQ01,JAADHS01,JABDQX01,JADJWH01,JAFLJP01,S012-40,SG8-11,SZUA-140,SZUA-152,SZUA-76,Tenderiaceae,Thiohalomonadaceae,UBA6429,VBWC01
flagella_only	22	CAIVHJ01,FEN-1343,Fen-1342,JAACEH01,JAAYCJ01,JAEUIK01,Lacipirellulaceae,PNKZ01,PWPN01,Pan216,Phycisphaeraceae,Pirellulaceae,SM1A02,SM23-30,Tepidisphaeraceae,Thermoguttaceae,UBA1845,UBA1924,UBA5793,UTPLA1,WQYP01,Zrk34
flagella_only	22	CAIKXV01,Casimicrobiaceae,Ferrovaceae,Ga0077523,Gallionellaceae,JABEVD01,JAEUOS01,JAJZQI01,JAKAFK01,Methylophilaceae,Nitrosomonadaceae,RBG-16-58-11,Rhodocyclaceae,SG8-39,SG8-41,SHXO01,Sulfuricellaceae,Sulfuriferulaceae,Thiobacillaceae,UBA9220,Usitatibacteraceae,WYBJ01
flagella_only	22	Acetohalobiaceae,B1SED10-174,BICA1-8,Ch109,DRI-13,DTU029,DTU030,DTU052,DTU073,DUMP01,DY22613,Halanaerobiaceae,Halarsenatibacteraceae,Halobacteroidaceae,Heliobacteriaceae,Natranaerobiaceae,Proteinivoraceae,Syntrophomonadaceae,Syntrophothermaceae,Thermacetogeniaceae,UBA2595,UBA5500
flagella_only	22	4572-78,Anaerolineaceae,CADDYW01,CF-72,CSP1-4,Caldilineaceae,DUEN01,E44-bin32,EnvOPS12,FW602-bin22,J111,JACCZL01,JAJPHF01,Tepidiformaceae,Thermomicrobiaceae,UBA11657,UBA12225,UBA2979,UBA4823,UBA6077,UBA6663,VGOW01
flagella_only	22	AAA164-E04,BJHT01,CAIMTB01,CAIYYI01,Chthoniobacteraceae,J093,JADJPG01,NGM72-4,Opitutaceae,Palsa-1400,RI-55,SIBE01,SXTU01,Terrimicrobiaceae,UBA1096,UBA1100,UBA11320,UBA11358,UBA1319,UBA8199,UBA9464,Verruco-01
flagella_only	22	Arcobacteraceae,BB28,Calditerrivibrionaceae,Campylobacteraceae,Chrysiogenaceae,Deferribacteraceae,Deferrivibrionaceae,Denitrovibrionaceae,Desulfurellaceae,Helicobacteraceae,Hippeaceae,Hydrogenimonadaceae,Mucispirillaceae,Nautiliaceae,QNZT01,SZUA-545,Sulfurimonadaceae,Sulfurospirillaceae,Thermosulfidibacteraceae,Thiovulaceae,UBA1877,UBA6016
flagella_only	22	Acutalibacteraceae,Anaerotignaceae,Anaerovoracaceae,Butyricicoccaceae,CAG-138,CAG-272,CAG-382,CAG-74,Christensenellaceae,DUPL01,Erysipelotrichaceae,Eubacteriaceae,Oscillospiraceae,Ruminococcaceae,SZUA-584,Sedimentibacteraceae,UBA1381,UBA4068,UBA5734,UBA5745,UBA929,UMGS416
gtdb_only	23	Acidaminobacteraceae,Anaerovoracaceae,BM714,Caminicellaceae,Filifactoraceae,Gottschalkiaceae,JAAYPU01,MES13,Natronincolaceae,Peptostreptococcaceae,Proteiniboraceae,SIT17,Sedimentibacteraceae,Sporanaerobacteraceae,T1SED10-28,Tepidimicrobiaceae,Thermohalobacteraceae,Thermotaleaceae,Tindalliaceae,Tissierellaceae,Tissierellaceae_A,Tissierellaceae_B,Tissierellaceae_C
gtdb_only	23	Bacteriovoracaceae,Bdellovibrionaceae,Bog-1112,CAIMNF01,CAIPTA01,JABDDW01,JAFLCA01,JAGQZY01,JAMPXM01,OMII01,Oligoflexaceae,RFPC01,RGVZ01,SZUA-149,Silvanigrellaceae,UBA1018,UBA1609,UBA2394,UBA2428,UBA2466,UBA6776,UBA840,UBA923
gtdb_only	23	AK92,Ahniellaceae,Algiphilaceae,Aquisalimonadaceae,Competibacteraceae,GCA-2729495,Halorhodospiraceae,JABDKV01,Nevskiaceae,Nitrococcaceae,Oceanococcaceae,PWYM01,QZLD01,Rhodanobacteraceae,SLND01,Salinisphaeraceae,Steroidobacteraceae,UBA5335,UBA6522,Wenzhouxiangellaceae,Woeseiaceae,XN24,Xanthomonadaceae
gtdb_only	23	Ammonificaceae,Carboxydothermaceae,Ch109,DTU086,DULZ01,Desulfallaceae,Desulfitibacteraceae,Desulfocucumaceae,Desulfofarciminaceae,Desulfohalotomaculaceae,Desulforudaceae,Desulfotomaculaceae,Desulfovirgulaceae,JADQBR01,Moorellaceae,Nap2-2B,PH28-bin88,Pelotomaculaceae,SLTJ01,Thermacetogeniaceae,UBA2595,VENG01,Zhaonellaceae
flagella_only	23	CAIVHJ01,FEN-1343,Fen-1342,JAACEH01,JAAYCJ01,JAEUIK01,Lacipirellulaceae,PNKZ01,PWPN01,Pan216,Phycisphaeraceae,Pirellulaceae,Planctomycetaceae,SM1A02,SM23-30,Tepidisphaeraceae,Thermoguttaceae,UBA1845,UBA1924,UBA5793,UTPLA1,WQYP01,Zrk34
flagella_only	23	40CM-4-68-19,Anaeromyxobacteraceae,B64-G9,Bradymonadaceae,Fen-1088,GCA-2863065,Ga0077539,HGW-17,Haliangiaceae,JAAYKL01,JADJMO01,JAKLHH01,Myxococcaceae,Nannocystaceae,PHBI01,Palsa-1104,Polyangiaceae,Sandaracinaceae,UBA1532,UBA4151,VGSZ01,WYAZ01,XYA12-FULL-58-9
flagella_only	23	CAIKXV01,Casimicrobiaceae,Ferrovaceae,Ga0077523,Gallionellaceae,JABEVD01,JAEUOS01,JAJZQI01,JAKAFK01,Methylophilaceae,Nitrosomonadaceae,RBG-16-58-11,Rhodocyclaceae,SG8-39,SG8-41,SHXO01,Sulfuricellaceae,Sulfuriferulaceae,Thiobacillaceae,UBA3065,UBA9220,Usitatibacteraceae,WYBJ01
flagella_only	23	Acutalibacteraceae,Anaerotignaceae,Anaerovoracaceae,Butyricicoccaceae,CAG-138,CAG-272,CAG-382,CAG-74,Christensenellaceae,DUPL01,Erysipelotrichaceae,Ethanoligenenaceae,Eubacteriaceae,Oscillospiraceae,Ruminococcaceae,SZUA-584,Sedimentibacteraceae,UBA1381,UBA4068,UBA5734,UBA5745,UBA929,UMGS416
flagella_only	23	B30-G6,BuS5,CG2-30-53-67,Desulfatiglandaceae,Desulfatirhabdiaceae,Desulfofervidaceae,Desulfosarcinaceae,ETH-SRB1,JAAYKM01,JAFDCJ01,JAGOGO01,JAHEIW01,PHBD01,Smithellaceae,Syntrophaceae,UBA2174_A,UBA2210,UBA3076,UBA4778,UBA5619,UBA5852,UBA6807,UBA8958
flagella_only	23	DRQE01,Deferrimicrobiaceae,Dissulfurispiraceae,GWC2-42-11,GWC2-55-46,HDB-SIOI813,JAADHI01,JACQBW01,JADFVP01,JdFR-85,JdFR-88,Magnetobacteriaceae,Manganitrophaceae,Nitrospiraceae,RBG-13-43-22,RBG-16-64-22,SBBA01,SM23-35,Thermodesulfovibrionaceae,UBA6898,UBA6902,UBA8473,UBA8639
gtdb_only	24	4572-78,Anaerolineaceae,CADDYW01,CF-72,CSP1-4,Caldilineaceae,DUEN01,E44-bin32,EnvOPS12,FW602-bin22,HRBIN32,J111,JACCZL01,JACDGC01,JAJPHF01,Tepidiformaceae,Thermomicrobiaceae,UBA11657,UBA12225,UBA2979,UBA4823,UBA6077,UBA6663,VGOW01
gtdb_only	24	ARS1246,Alkalispirochaetaceae,B11-G9,Breznakiellaceae,CADAEX01,CALXOJ01,DRHE01,DSM-6578,Fen-1364,JAFGRV01,Marispirochaetaceae,PWMO01,PXBQ01,RPPD01,Rectinemataceae,SKKC01,SLAA01,SLST01,SZUA-6,Salinispiraceae,Sediminispirochaetaceae,Treponemataceae,UBA12059,UBA9216
gtdb_only	24	AAA164-E04,BJHT01,CAIMTB01,CAIYYI01,Chthoniobacteraceae,J093,JADJPG01,NGM72-4,Opitutaceae,Palsa-1400,Pontiellaceae,RI-55,SIBE01,SXTU01,Terrimicrobiaceae,UBA1096,UBA1100,UBA11320,UBA11358,UBA1319,UBA1321,UBA8199,UBA9464,Verruco-01
gtdb_only	24	B25-G16,B30-G6,BuS5,C00003060,Desulfatibacillaceae,Desulfatiglandaceae,Desulfatirhabdiaceae,Desulfobacteraceae,Desulfolunaceae,Desulforegulaceae,Desulfosalsimonadaceae,Desulfosarcinaceae,ETH-SRB1,HGW-15,JADFXK01,JAFDCJ01,JAHEIW01,JAHIVH01,RPRI01,SURF-15,SURF-7,UBA11574,UBA2174_A,UBA5852
flagella_only	24	B5-G15,CR04bin15,Calditrichaceae,F1-140-MAGs086,GCA-2689995,HRBIN21,Ignavibacteriaceae,J004,J042,JACNLC01,JAFGTP01,JAKASW01,Kryptoniaceae,Melioribacteraceae,NICIL-2,T3Sed10-11,TS1B11,UBA10030,UBA2242,UBA2268,UBA6906,UBA8401,UBA8477,UBA961
flagella_only	24	DRQE01,Deferrimicrobiaceae,Dissulfurispiraceae,GWC2-42-11,GWC2-55-46,HDB-SIOI813,J061,JAADHI01,JACQBW01,JADFVP01,JdFR-85,JdFR-88,Magnetobacteriaceae,Manganitrophaceae,Nitrospiraceae,RBG-13-43-22,RBG-16-64-22,SBBA01,SM23-35,Thermodesulfovibrionaceae,UBA6898,UBA6902,UBA8473,UBA8639
flagella_only	24	Burkholderiaceae,CAIKXV01,Casimicrobiaceae,Ferrovaceae,Ga0077523,Gallionellaceae,JABEVD01,JAEUOS01,JAJZQI01,JAKAFK01,Methylophilaceae,Nitrosomonadaceae,RBG-16-58-11,Rhodocyclaceae,SG8-39,SG8-41,SHXO01,Sulfuricellaceae,Sulfuriferulaceae,Thiobacillaceae,UBA3065,UBA9220,Usitatibacteraceae,WYBJ01
flagella_only	24	21-64-14,AKS1,CALZJG01,DRMK01,DSM-19610,GCA-2400775,Ga007554,HyVt-429,JAADGQ01,JAADHS01,JADJWH01,JAFLJP01,JAHJQQ01,Methylophagaceae,Nitrosococcaceae,S012-40,SZUA-140,SZUA-76,Tenderiaceae,Thiohalobacteraceae,Thiohalomonadaceae,UBA6429,UBA6901,VBWC01
flagella_only	24	Aeribacillaceae,Alkalibacillaceae,Amphibacillaceae,Anoxybacillaceae,BH030062,Bacillaceae,Bacillaceae_B,Bacillaceae_C,Bacillaceae_H,Bacillaceae_I,Bacillaceae_J,Bacillaceae_L,Bacillaceae_N,Bacillaceae_O,Caldibacillaceae,DSM-1321,DSM-25281,Domibacillaceae,Halobacillaceae,JACDOC01,JC228,Jeotgalibacillaceae,Planococcaceae,SA4
gtdb_only	25	Ancalomicrobiaceae,Beijerinckiaceae,CGMCC-115125,Caulobacteraceae,Cohaesibacteraceae,Devosiaceae,GCA-2746425,Hyphomonadaceae,JAJFHC01,Maricaulaceae,Methylopilaceae,Micropepsaceae,OSC116,Parvibaculaceae,Parvularculaceae,Phreatobacteraceae,Pleomorphomonadaceae,RS24,Rhizobiaceae,Rhodobacteraceae,Rhodobiaceae,Stappiaceae,TH1-2,Tepidamorphaceae,Xanthobacteraceae
flagella_only	25	Ammonificaceae,Carboxydothermaceae,DTU022,DTU086,DULZ01,Desulfallaceae,Desulfitibacteraceae,Desulfocucumaceae,Desulfofarciminaceae,Desulfohalotomaculaceae,Desulforudaceae,Desulfotomaculaceae,Desulfovirgulaceae,Dethiobacteraceae,JADQBR01,Moorellaceae,Nap2-2B,PH28-bin88,Pelotomaculaceae,SKNC01,SLTJ01,UBA8154,UBA994,VENG01,Zhaonellaceae
gtdb_only	26	B25-G16,B30-G6,BuS5,C00003060,Desulfatibacillaceae,Desulfatiglandaceae,Desulfatirhabdiaceae,Desulfobacteraceae,Desulfolunaceae,Desulforegulaceae,Desulfosalsimonadaceae,Desulfosarcinaceae,ETH-SRB1,HGW-15,JADFXK01,JAFDCJ01,JAHEIW01,JAHIVH01,QYQD01,RBG-13-43-22,RPRI01,SURF-15,SURF-7,UBA11574,UBA2174_A,UBA5852
gtdb_only	26	Ancalomicrobiaceae,Beijerinckiaceae,CGMCC-115125,Caulobacteraceae,Cohaesibacteraceae,Devosiaceae,GCA-2746425,Hyphomonadaceae,JAJFHC01,Maricaulaceae,Methylopilaceae,Micropepsaceae,OSC116,Parvibaculaceae,Parvularculaceae,Phreatobacteraceae,Pleomorphomonadaceae,RS24,Rhizobiaceae,Rhodobacteraceae,Rhodobiaceae,Stappiaceae,TH1-2,Tepidamorphaceae,Xanthobacteraceae,Zavarziniaceae
gtdb_only	26	CG2-30-53-67,CSP1-6,Dissulfurispiraceae,HDB-SIOI813,J061,JAADHI01,JACQBW01,JACRGQ01,JACRLM01,JdFR-85,JdFR-88,Magnetobacteriaceae,Manganitrophaceae,Methylomirabilaceae,Nitrospinaceae,Nitrospiraceae,RBG-16-64-22,SBBA01,SM23-35,Thermodesulfovibrionaceae,UBA6898,UBA6902,UBA7883,UBA8248,UBA8639,UBA9942
gtdb_only	26	Acidaminobacteraceae,Alkalibacteraceae,Anaerovoracaceae,BM714,Caminicellaceae,Eubacteriaceae,Filifactoraceae,Garciellaceae,Gottschalkiaceae,JAAYPU01,MES13,Natronincolaceae,Peptostreptococcaceae,Proteiniboraceae,SIT17,Sedimentibacteraceae,Sporanaerobacteraceae,T1SED10-28,Tepidimicrobiaceae,Thermohalobacteraceae,Thermotaleaceae,Tindalliaceae,Tissierellaceae,Tissierellaceae_A,Tissierellaceae_B,Tissierellaceae_C
flagella_only	26	CAIVHJ01,FEN-1343,Fen-1342,JAACEH01,JAAYCJ01,JAEUIK01,Lacipirellulaceae,PNKZ01,PWPN01,Pan216,Phycisphaeraceae,Pirellulaceae,Planctomycetaceae,SM1A02,SM23-30,SZUA-567,Tepidisphaeraceae,Thermoguttaceae,UBA1845,UBA1924,UBA2392,UBA5793,UTPLA1,WQYP01,WSZJ01,Zrk34
flagella_only	26	Arcobacteraceae,B130-G9,BB28,Calditerrivibrionaceae,Campylobacteraceae,Chrysiogenaceae,Deferribacteraceae,Deferrisomataceae,Deferrivibrionaceae,Denitrovibrionaceae,Desulfurellaceae,Helicobacteraceae,Hippeaceae,Hydrogenimonadaceae,JACRMM01,JAJRXV01,Mucispirillaceae,Nautiliaceae,QNZT01,SZUA-545,Sulfurimonadaceae,Sulfurospirillaceae,Thermosulfidibacteraceae,Thiovulaceae,UBA1877,UBA6016
flagella_only	26	Aeribacillaceae,Alkalibacillaceae,Amphibacillaceae,Anoxybacillaceae,BH030062,Bacillaceae,Bacillaceae_B,Bacillaceae_C,Bacillaceae_H,Bacillaceae_I,Bacillaceae_J,Bacillaceae_L,Bacillaceae_N,Bacillaceae_O,Caldibacillaceae,DSM-1321,DSM-25281,Domibacillaceae,Fictibacillaceae,Halobacillaceae,JACDOC01,JC228,Jeotgalibacillaceae,Planococcaceae,SA4,UBA6769
flagella_only	26	ARS1246,Alkalispirochaetaceae,B11-G9,Breznakiellaceae,CADAEX01,DRHE01,DSM-19205,DSM-6578,Fen-1364,JABEVK01,JAFGRV01,Marispirochaetaceae,PWMO01,PXBQ01,RPPD01,Rectinemataceae,SKKC01,SLAA01,SLST01,SZUA-6,Salinispiraceae,Sediminispirochaetaceae,Spirochaetaceae_B,Treponemataceae,UBA12059,UBA9216
flagella_only	26	21-64-14,AKS1,CALZJG01,DRMK01,DSM-19610,GCA-2400775,Ga007554,HyVt-429,JAADGQ01,JAADHS01,JADJWH01,JAFLJP01,JAHJQQ01,Methylophagaceae,Nitrosococcaceae,S012-40,SG8-11,SZUA-140,SZUA-152,SZUA-76,Tenderiaceae,Thiohalobacteraceae,Thiohalomonadaceae,UBA6429,UBA6901,VBWC01
flagella_only	26	DRQE01,Deferrimicrobiaceae,Dissulfurispiraceae,GWC2-42-11,GWC2-55-46,HDB-SIOI813,J061,JAADHI01,JACQBW01,JADFVP01,JdFR-85,JdFR-88,Magnetobacteriaceae,Manganitrophaceae,Nitrospiraceae,RBG-13-43-22,RBG-16-64-22,SBBA01,SM23-35,Syntrophorhabdaceae,Thermodesulfovibrionaceae,UBA6898,UBA6902,UBA8473,UBA8639,WCHB1-27
gtdb_only	27	Aestuariirhabdaceae,Alcanivoracaceae,Cellvibrionaceae,DC-out160,DSM-21967,DSM-6294,Endozoicomonadaceae,HTCC2089,Halieaceae,Halomonadaceae,IMCC2047,JAHRWD01,Ketobacteraceae,Litoricolaceae,Marinomonadaceae,Moraxellaceae,Natronospirillaceae,Nitrincolaceae,Oleiphilaceae,Porticoccaceae,Pseudohongiellaceae,Pseudomonadaceae,Spongiibacteraceae,UBA3067,UBA5518,UBA7434,Zooshikellaceae
gtdb_only	27	70-9,Actinomycetaceae,CAIXPF01,Cellulomonadaceae,Dermatophilaceae,Euzebyaceae,Gaiellaceae,Geodermatophilaceae,Ilumatobacteraceae,Kineococcaceae,Micrococcaceae,Micromonosporaceae,Microtrichaceae,Miltoncostaeaceae,Motilibacteraceae,Nitriliruptoraceae,Nocardioidaceae,Palsa-688,Pseudonocardiaceae,Quadrisphaeraceae,RAAP-2,SZUA-35,Solirubrobacteraceae,Streptosporangiaceae,TK06,Thermoleophilaceae,UBA8190
gtdb_only	27	21-64-14,AKS1,CAIRSR01,CALZJG01,DRMK01,GCA-2400775,Ga007554,Ga0077536,JAABTG01,JAADGQ01,JAADHS01,JABDQX01,JADJWH01,JAFLJP01,JAJPIJ01,Methylophagaceae,Nitrosococcaceae,S012-40,SG8-11,SZUA-140,SZUA-152,SZUA-76,Tenderiaceae,Thiohalomonadaceae,UBA4486,UBA6429,VBWC01
gtdb_only	27	Aeribacillaceae,Alkalibacillaceae,Amphibacillaceae,Anoxybacillaceae,BH030062,Bacillaceae,Bacillaceae_B,Bacillaceae_C,Bacillaceae_G,Bacillaceae_H,Bacillaceae_I,Bacillaceae_J,Bacillaceae_L,Bacillaceae_N,Bacillaceae_O,Caldibacillaceae,DSM-1321,DSM-18226,DSM-25281,DSM-28697,Domibacillaceae,Halobacillaceae,JACDOC01,JC228,Jeotgalibacillaceae,Planococcaceae,SA4
flagella_only	27	2-02-FULL-58-16,2-02-FULL-58-16_A,CACZRW01,CAG-239,CAG-977,Casp-alpha2,DSM-21159,Dongiaceae,GCA-2696645,GCA-2717185,GCA-2746255,J153,JAEULC01,Kiloniellaceae,Magnetospirillaceae,Magnetovibrionaceae,Rhodospirillaceae,Rhodovibrionaceae,SMXQ01,Terasakiellaceae,Thalassospiraceae,Tistrellaceae,UBA2165,UBA6615,UBA8366,UXAT02,WMHbin7
flagella_only	27	Actinomycetaceae,Baltobacteraceae,CAIXPF01,Cellulomonadaceae,Dermatophilaceae,Euzebyaceae,Geodermatophilaceae,Ilumatobacteraceae,JAJYTV01,JAJYVN01,Kineococcaceae,Micrococcaceae,Micromonosporaceae,Microtrichaceae,Motilibacteraceae,Nitriliruptoraceae,Nocardioidaceae,Palsa-688,Pseudonocardiaceae,Quadrisphaeraceae,RAAP-2,SCRA01,SZUA-35,Streptosporangiaceae,Sulfobacillaceae,TK06,UBA8190
gtdb_only	28	4484-95,B68-G9,CAIMUX01,CAIYYT01,FEB-12,GWA2-58-10,GWC2-71-9,Gemmatimonadaceae,JAABVY01,JAAZOE01,JABDJQ01,JACNKJ01,JACZUZ01,JAHJOQ01,JAJRUJ01,Krumholzibacteriaceae,LZORAL124-64-63,Latescibacteraceae,PGXB01,RBG-16-71-46,RSA9,UBA10806,UBA2968,UBA6960,UBA8231,UM-FILTER-46-8,WJJG01,WJJR01
gtdb_only	28	Bacteriovoracaceae,Bdellovibrionaceae,Bog-1112,CAIMNF01,CAIPTA01,GCA-2753255,JABDDW01,JACQKK01,JAFLCA01,JAGQZY01,JAHJRI01,JAMPXM01,NAC60-12,OMII01,Oligoflexaceae,RFPC01,RGVZ01,SZUA-149,Silvanigrellaceae,UBA1018,UBA1609,UBA2394,UBA2428,UBA2466,UBA6776,UBA840,UBA923,XYD2-FULL-50-16
gtdb_only	28	70-9,Actinomycetaceae,CAIXPF01,Cellulomonadaceae,Dermatophilaceae,Euzebyaceae,Gaiellaceae,Geodermatophilaceae,Ilumatobacteraceae,Kineococcaceae,Micrococcaceae,Micromonosporaceae,Microtrichaceae,Miltoncostaeaceae,Motilibacteraceae,Nitriliruptoraceae,Nocardioidaceae,Palsa-688,Pseudonocardiaceae,Quadrisphaeraceae,RAAP-2,RBG-13-55-18,SZUA-35,Solirubrobacteraceae,Streptosporangiaceae,TK06,Thermoleophilaceae,UBA8190
gtdb_only	28	Aquificaceae,Arcobacteraceae,BB28,Calditerrivibrionaceae,Campylobacteraceae,Chrysiogenaceae,Deferribacteraceae,Deferrivibrionaceae,Denitrovibrionaceae,Desulfurellaceae,Desulfurobacteriaceae,Helicobacteraceae,Hippeaceae,Hydrogenimonadaceae,Hydrogenobaculaceae,Hydrogenothermaceae,Mucispirillaceae,Nautiliaceae,Nitratiruptoraceae,QNZT01,QOAS01,SZUA-545,Sulfurimonadaceae,Sulfurospirillaceae,Thermosulfidibacteraceae,Thiovulaceae,UBA1877,UBA6016
gtdb_only	28	Acidaminobacteraceae,Alkalibacteraceae,Anaerovoracaceae,BM714,Caminicellaceae,Ch29,Eubacteriaceae,Filifactoraceae,Garciellaceae,Gottschalkiaceae,JAAYPU01,Lutisporaceae,MES13,Natronincolaceae,Peptostreptococcaceae,Proteiniboraceae,SIT17,Sedimentibacteraceae,Sporanaerobacteraceae,T1SED10-28,Tepidimicrobiaceae,Thermohalobacteraceae,Thermotaleaceae,Tindalliaceae,Tissierellaceae,Tissierellaceae_A,Tissierellaceae_B,Tissierellaceae_C
flagella_only	28	CAIVHJ01,FEN-1343,Fen-1342,JAACEH01,JAAYCJ01,JAEUIK01,Lacipirellulaceae,OLB16,PNKZ01,PWPN01,Pan216,Phycisphaeraceae,Pirellulaceae,Planctomycetaceae,SM1A02,SM23-30,SURF-12,SZUA-567,Tepidisphaeraceae,Thermoguttaceae,UBA1845,UBA1924,UBA2392,UBA5793,UTPLA1,WQYP01,WSZJ01,Zrk34
gtdb_only	29	B25-G16,B30-G6,BuS5,C00003060,DSM-9756,Desulfatibacillaceae,Desulfatiglandaceae,Desulfatirhabdiaceae,Desulfobacteraceae,Desulfolunaceae,Desulforegulaceae,Desulfosalsimonadaceae,Desulfosarcinaceae,ETH-SRB1,HGW-15,JADFXK01,JAFDCJ01,JAHEIW01,JAHIVH01,QYQD01,RBG-13-43-22,RPRI01,SURF-15,SURF-7,Syntrophobacteraceae,Thermodesulforhabdaceae,UBA11574,UBA2174_A,UBA5852
gtdb_only	29	Anaerohalosphaeraceae,CAIVHJ01,FEN-1343,FEN-1346,Fen-1342,Gemmataceae,JAACEH01,JAAYCJ01,JAEUIK01,Lacipirellulaceae,PNKZ01,PWPN01,Pan216,Phycisphaeraceae,Pirellulaceae,Planctomycetaceae,SG8-4,SM1A02,SM23-30,SM23-33,Tepidisphaeraceae,Thermoguttaceae,UBA12454,UBA1845,UBA1924,UBA5793,UTPLA1,WQYP01,Zrk34
gtdb_only	30	BMS3Abin05,Balneolaceae,CR04bin15,Calditrichaceae,Cyclonatronaceae,DREG01,DRLW01,F1-140-MAGs086,Flavobacteriaceae,HLUCCA01,HRBIN21,Ignavibacteriaceae,J004,J042,JACIZP01,JAKASW01,Kryptoniaceae,Melioribacteraceae,NICIL-2,Natronogracilivirgulaceae,QNDG01,Rhodothermaceae,Salinibacteraceae,T3Sed10-11,UBA10030,UBA2268,UBA6906,UBA8401,UBA961,Zgenome-0027
gtdb_only	30	70-9,Actinomycetaceae,Aquicultoraceae,CAIXPF01,Cellulomonadaceae,Dermatophilaceae,Euzebyaceae,Gaiellaceae,Geodermatophilaceae,Humimicrobiaceae,Ilumatobacteraceae,Kineococcaceae,Micrococcaceae,Micromonosporaceae,Microtrichaceae,Miltoncostaeaceae,Motilibacteraceae,Nitriliruptoraceae,Nocardioidaceae,Palsa-688,Pseudonocardiaceae,Quadrisphaeraceae,RAAP-2,RBG-13-55-18,SZUA-35,Solirubrobacteraceae,Streptosporangiaceae,TK06,Thermoleophilaceae,UBA8190
flagella_only	30	4572-78,70-9,Anaerolineaceae,CADDYW01,CF-72,CSP1-4,Caldilineaceae,DUEN01,E44-bin32,EnvOPS12,FW602-bin22,Gaiellaceae,HRBIN32,J111,JACCZL01,JACDGC01,JAJPHF01,Miltoncostaeaceae,RBG-13-55-18,Solirubrobacteraceae,Tepidiformaceae,Thermoleophilaceae,Thermomicrobiaceae,UBA11657,UBA12225,UBA2979,UBA4823,UBA6077,UBA6663,VGOW01
flagella_only	30	Acetivibrionaceae,Acidaminobacteraceae,Caldanaerobiaceae,Caldicellulosiruptoraceae,Caminicellaceae,Ch29,DSM-27016,DSM-2933,DSM-8532,DTU013,DUMB01,DUMC01,Filifactoraceae,Gottschalkiaceae,JANLFN01,Lutisporaceae,Natronincolaceae,Proteiniboraceae,QPJT01,RGIG9151,SIT17,SK-Y3,Sporanaerobacteraceae,T1SED10-28,Tepidimicrobiaceae,Thermoanaerobacteraceae,Thermohalobacteraceae,Thermotaleaceae,Tindalliaceae,Tissierellaceae
flagella_only	30	DRQE01,Deferrimicrobiaceae,Dissulfurispiraceae,FEN-1099,GWC2-42-11,GWC2-55-46,HDB-SIOI813,J061,JAADHI01,JABWBI01,JACKCT01,JACQBW01,JADFVP01,JdFR-85,JdFR-88,Magnetobacteriaceae,Manganitrophaceae,Nitrospiraceae,RBG-13-43-22,RBG-16-64-22,SBBA01,SM23-35,Syntrophorhabdaceae,Thermodesulfovibrionaceae,UBA6898,UBA6902,UBA8349,UBA8473,UBA8639,WCHB1-27
flagella_only	30	Aquaspirillaceae,Burkholderiaceae,CAIKXV01,Casimicrobiaceae,Chitinibacteraceae,Chitinimonadaceae,Chromobacteriaceae,Ferrovaceae,Ga0077523,Gallionellaceae,JABEVD01,JAEUOS01,JAJZQI01,JAKAFK01,Leeiaceae,Methylophilaceae,Nitrosomonadaceae,RBG-16-58-11,Rhodocyclaceae,SCOH01,SG8-39,SG8-41,SHXO01,Sulfuricellaceae,Sulfuriferulaceae,Thiobacillaceae,UBA3065,UBA9220,Usitatibacteraceae,WYBJ01
gtdb_only	31	Acidaminobacteraceae,Alkalibacteraceae,Anaerovoracaceae,BM714,Caloramatoraceae,Caminicellaceae,Ch29,Clostridiaceae,Eubacteriaceae,Filifactoraceae,Garciellaceae,Gottschalkiaceae,JAAYPU01,Lutisporaceae,MES13,Natronincolaceae,Oxobacteraceae,Peptostreptococcaceae,Proteiniboraceae,SIT17,Sedimentibacteraceae,Sporanaerobacteraceae,T1SED10-28,Tepidimicrobiaceae,Thermohalobacteraceae,Thermotaleaceae,Tindalliaceae,Tissierellaceae,Tissierellaceae_A,Tissierellaceae_B,Tissierellaceae_C
gtdb_only	31	Ammonificaceae,BICA1-8,Carboxydothermaceae,Ch109,DRI-13,DTU073,DTU086,DULZ01,Desulfallaceae,Desulfitibacteraceae,Desulfitobacteriaceae,Desulfocucumaceae,Desulfofarciminaceae,Desulfohalotomaculaceae,Desulforudaceae,Desulfotomaculaceae,Desulfovirgulaceae,Heliobacteriaceae,JADQBR01,Moorellaceae,Nap2-2B,PH28-bin88,Pelotomaculaceae,SLTJ01,Syntrophobotulaceae,Thermacetogeniaceae,UBA2595,UBA4068,UBA5745,VENG01,Zhaonellaceae
gtdb_only	31	Ancalomicrobiaceae,Beijerinckiaceae,CGMCC-115125,Caulobacteraceae,Cohaesibacteraceae,Devosiaceae,Emcibacteraceae,GCA-2746425,Hyphomonadaceae,J090,JAJFHC01,Kordiimonadaceae,Maricaulaceae,Methylopilaceae,Micropepsaceae,OSC116,Parvibaculaceae,Parvularculaceae,Phreatobacteraceae,Pleomorphomonadaceae,RS24,Rhizobiaceae,Rhodobacteraceae,Rhodobiaceae,Rhodothalassiaceae,Sphingomonadaceae,Stappiaceae,TH1-2,Tepidamorphaceae,Xanthobacteraceae,Zavarziniaceae
flagella_only	31	Aeribacillaceae,Alkalibacillaceae,Amphibacillaceae,Anaerobacillaceae,Anoxybacillaceae,BH030062,Bacillaceae,Bacillaceae_B,Bacillaceae_C,Bacillaceae_D,Bacillaceae_F,Bacillaceae_H,Bacillaceae_I,Bacillaceae_J,Bacillaceae_L,Bacillaceae_N,Bacillaceae_O,Caldibacillaceae,DSM-1321,DSM-25281,Domibacillaceae,Fictibacillaceae,Halobacillaceae,JACDOC01,JC228,Jeotgalibacillaceae,Marinococcaceae,Planococcaceae,SA4,Salisediminibacteriaceae,UBA6769
flagella_only	31	21-64-14,AKS1,CALZJG01,DRMK01,DSM-19610,GCA-2400775,Ga007554,Ga0077536,HyVt-429,JAABTG01,JAADGQ01,JAADHS01,JABDQX01,JADJWH01,JAFLJP01,JAHJQQ01,JAJPIJ01,Methylophagaceae,Nitrosococcaceae,S012-40,SG8-11,SZUA-140,SZUA-152,SZUA-76,Tenderiaceae,Thiohalobacteraceae,Thiohalomonadaceae,UBA4486,UBA6429,UBA6901,VBWC01
flagella_only	31	B30-G6,BuS5,CG2-30-53-67,Desulfatiglandaceae,Desulfatirhabdiaceae,Desulfofervidaceae,Desulfosarcinaceae,ETH-SRB1,JAAYKM01,JACRGQ01,JACRLM01,JADFXK01,JAFDCJ01,JAGOGO01,JAHEIW01,Nitrospinaceae,PHBD01,S145-22,Smithellaceae,Syntrophaceae,Tharpellaceae,UBA2174_A,UBA2210,UBA3076,UBA4778,UBA5619,UBA5852,UBA6807,UBA7883,UBA8958,UBA9942
gtdb_only	32	Acidulodesulfobacteraceae,Aquificaceae,Arcobacteraceae,BB28,Calditerrivibrionaceae,Calescibacteriaceae,Campylobacteraceae,Chrysiogenaceae,Deferribacteraceae,Deferrivibrionaceae,Denitrovibrionaceae,Desulfurellaceae,Desulfurobacteriaceae,Helicobacteraceae,Hippeaceae,Hydrogenimonadaceae,Hydrogenobaculaceae,Hydrogenothermaceae,Mucispirillaceae,Nautiliaceae,Nitratiruptoraceae,QNZT01,QOAS01,SZUA-545,Sulfurimonadaceae,Sulfurospirillaceae,Syntrophorhabdaceae,Thermosulfidibacteraceae,Thiovulaceae,UBA1877,UBA6016,WCHB1-27
gtdb_only	32	ARS1246,Alkalispirochaetaceae,B11-G9,B62-G9,Borreliaceae,Breznakiellaceae,CADAEX01,CALXOJ01,DRHE01,DSM-19205,DSM-6578,Fen-1364,GWE2-31-10,JAAYUW01,JABEVK01,JAFGRV01,Marispirochaetaceae,PWMO01,PXBQ01,RPPD01,Rectinemataceae,SKKC01,SLAA01,SLST01,SZUA-6,Salinispiraceae,Sediminispirochaetaceae,Spirochaetaceae_B,Treponemataceae,UBA12059,UBA9216,WRBN01
flagella_only	32	Aeribacillaceae,Alkalibacillaceae,Amphibacillaceae,Anaerobacillaceae,Anoxybacillaceae,BH030062,Bacillaceae,Bacillaceae_B,Bacillaceae_C,Bacillaceae_D,Bacillaceae_F,Bacillaceae_H,Bacillaceae_I,Bacillaceae_J,Bacillaceae_L,Bacillaceae_N,Bacillaceae_O,Caldibacillaceae,DSM-1321,DSM-25281,DSM-28697,Domibacillaceae,Fictibacillaceae,Halobacillaceae,JACDOC01,JC228,Jeotgalibacillaceae,Marinococcaceae,Planococcaceae,SA4,Salisediminibacteriaceae,UBA6769
flagella_only	32	B5-G15,B68-G9,BMS3Abin05,CR04bin15,Calditrichaceae,DREG01,DRLW01,F1-140-MAGs086,GCA-2689995,HRBIN21,Ignavibacteriaceae,J004,J042,JACIZP01,JACNLC01,JAFGTP01,JAKASW01,Kryptoniaceae,Melioribacteraceae,NICIL-2,QNDG01,SORT01,T3Sed10-11,TS1B11,UBA10030,UBA2242,UBA2268,UBA6906,UBA8401,UBA8477,UBA961,Zgenome-0027
gtdb_only	33	Aquaspirillaceae,Burkholderiaceae,Burkholderiaceae_A,Burkholderiaceae_B,Burkholderiaceae_C,Burkholderiaceae_D,Casimicrobiaceae,Chitinibacteraceae,Chitinimonadaceae,Chromobacteriaceae,Ferrovaceae,Ga0077523,Gallionellaceae,JABEVD01,JAEUOS01,JAJZQI01,JAKAFK01,Leeiaceae,Methylophilaceae,Nitrosomonadaceae,RBG-16-58-11,Rhodocyclaceae,SCOH01,SG8-39,SG8-41,SHXO01,Sulfuricellaceae,Sulfuriferulaceae,Thiobacillaceae,UBA3065,UBA9220,Usitatibacteraceae,WYBJ01
gtdb_only	33	Ancalomicrobiaceae,Beijerinckiaceae,CGMCC-115125,Caulobacteraceae,Cohaesibacteraceae,Devosiaceae,Emcibacteraceae,GCA-2746425,Hyphomonadaceae,J090,JAJFHC01,Kordiimonadaceae,Maricaulaceae,Methylopilaceae,Micropepsaceae,Minwuiaceae,OSC116,Parvibaculaceae,Parvularculaceae,Phreatobacteraceae,Pleomorphomonadaceae,RS24,Rhizobiaceae,Rhodobacteraceae,Rhodobiaceae,Rhodothalassiaceae,Sneathiellaceae,Sphingomonadaceae,Stappiaceae,TH1-2,Tepidamorphaceae,Xanthobacteraceae,Zavarziniaceae
gtdb_only	33	ARS1246,Alkalispirochaetaceae,B11-G9,B62-G9,Borreliaceae,Brachyspiraceae,Breznakiellaceae,CADAEX01,CALXOJ01,DRHE01,DSM-19205,DSM-6578,Fen-1364,GWE2-31-10,JAAYUW01,JABEVK01,JAFGRV01,Marispirochaetaceae,PWMO01,PXBQ01,RPPD01,Rectinemataceae,SKKC01,SLAA01,SLST01,SZUA-6,Salinispiraceae,Sediminispirochaetaceae,Spirochaetaceae_B,Treponemataceae,UBA12059,UBA9216,WRBN01
flagella_only	33	40CM-4-68-19,Anaeromyxobacteraceae,B64-G9,Bradymonadaceae,CAJQPC01,Fen-1088,GCA-2862545,GCA-2863065,Ga0077539,HGW-17,Haliangiaceae,JAAYKL01,JADJMO01,JAKLHH01,Myxococcaceae,Nannocystaceae,PHBI01,PR03,Palsa-1104,Polyangiaceae,SXON01,SZUA-336,Sandaracinaceae,UBA1532,UBA2385,UBA4151,UBA4427,UBA6930,UBA796,UBA9615,VGSZ01,WYAZ01,XYA12-FULL-58-9
flagella_only	33	AAA164-E04,BJHT01,CAIMTB01,CAIYYI01,Chthoniobacteraceae,GWC2-71-9,GWF2-45-14,Gemmatimonadaceae,J093,JADJPG01,JAJFLO01,Lentisphaeraceae,NGM72-4,Opitutaceae,Palsa-1400,Pontiellaceae,RBG-16-71-46,RI-55,RSA9,SIBE01,SXTU01,SZUA-371,Terrimicrobiaceae,UBA1096,UBA1100,UBA11320,UBA11358,UBA1319,UBA1321,UBA6960,UBA8199,UBA9464,Verruco-01
flagella_only	33	21-64-14,AKS1,BW-2,CALZJG01,DRMK01,DSM-19610,GCA-2400775,GRL18,Ga007554,Ga0077536,HyVt-429,JAABTG01,JAADGQ01,JAADHS01,JABDQX01,JADJWH01,JAFLJP01,JAHJQQ01,JAJPIJ01,Methylophagaceae,Nitrosococcaceae,S012-40,SG8-11,SZUA-140,SZUA-152,SZUA-76,Tenderiaceae,Thiohalobacteraceae,Thiohalomonadaceae,UBA4486,UBA6429,UBA6901,VBWC01
flagella_only	33	Aeribacillaceae,Alkalibacillaceae,Amphibacillaceae,Anaerobacillaceae,Anoxybacillaceae,BH030062,Bacillaceae,Bacillaceae_B,Bacillaceae_C,Bacillaceae_D,Bacillaceae_F,Bacillaceae_H,Bacillaceae_I,Bacillaceae_J,Bacillaceae_L,Bacillaceae_N,Bacillaceae_O,Caldibacillaceae,DSM-1321,DSM-18226,DSM-25281,DSM-28697,Domibacillaceae,Fictibacillaceae,Halobacillaceae,JACDOC01,JC228,Jeotgalibacillaceae,Marinococcaceae,Planococcaceae,SA4,Salisediminibacteriaceae,UBA6769
gtdb_only	34	Aquaspirillaceae,Burkholderiaceae,Burkholderiaceae_A,Burkholderiaceae_B,Burkholderiaceae_C,Burkholderiaceae_D,CAIKXV01,Casimicrobiaceae,Chitinibacteraceae,Chitinimonadaceae,Chromobacteriaceae,Ferrovaceae,Ga0077523,Gallionellaceae,JABEVD01,JAEUOS01,JAJZQI01,JAKAFK01,Leeiaceae,Methylophilaceae,Nitrosomonadaceae,RBG-16-58-11,Rhodocyclaceae,SCOH01,SG8-39,SG8-41,SHXO01,Sulfuricellaceae,Sulfuriferulaceae,Thiobacillaceae,UBA3065,UBA9220,Usitatibacteraceae,WYBJ01
gtdb_only	34	Ammonificaceae,BICA1-8,Carboxydothermaceae,Ch109,DRI-13,DTU052,DTU073,DTU086,DULZ01,Desulfallaceae,Desulfitibacteraceae,Desulfitobacteriaceae,Desulfocucumaceae,Desulfofarciminaceae,Desulfohalotomaculaceae,Desulforudaceae,Desulfotomaculaceae,Desulfovirgulaceae,Heliobacteriaceae,JADQBR01,Moorellaceae,Nap2-2B,PH28-bin88,Pelotomaculaceae,SLTJ01,Syntrophobotulaceae,Syntrophomonadaceae,Syntrophothermaceae,Thermacetogeniaceae,UBA2595,UBA4068,UBA5745,VENG01,Zhaonellaceae
gtdb_only	34	Ancalomicrobiaceae,Beijerinckiaceae,CGMCC-115125,Caulobacteraceae,Cohaesibacteraceae,Devosiaceae,Emcibacteraceae,GCA-2731375,GCA-2746425,Hyphomonadaceae,J090,JAJFHC01,Kordiimonadaceae,Maricaulaceae,Methylopilaceae,Micropepsaceae,Minwuiaceae,OSC116,Parvibaculaceae,Parvularculaceae,Phreatobacteraceae,Pleomorphomonadaceae,RS24,Rhizobiaceae,Rhodobacteraceae,Rhodobiaceae,Rhodothalassiaceae,Sneathiellaceae,Sphingomonadaceae,Stappiaceae,TH1-2,Tepidamorphaceae,Xanthobacteraceae,Zavarziniaceae
gtdb_only	34	AK92,Acidihalobacteraceae,Ahniellaceae,Algiphilaceae,Aquisalimonadaceae,Competibacteraceae,Ectothiorhodospiraceae,GCA-001735895,GCA-2729495,Granulosicoccaceae,Halorhodospiraceae,Halothiobacillaceae,J044,JABDKV01,Nevskiaceae,Nitrococcaceae,Oceanococcaceae,PWYM01,QZLD01,Rhodanobacteraceae,SLND01,SZUA-229,Salinisphaeraceae,Steroidobacteraceae,Thioalkalivibrionaceae,UBA4575,UBA5335,UBA5861,UBA6522,UWMA-0217,Wenzhouxiangellaceae,Woeseiaceae,XN24,Xanthomonadaceae
flagella_only	34	Aeribacillaceae,Alkalibacillaceae,Amphibacillaceae,Anaerobacillaceae,Anoxybacillaceae,BH030062,Bacillaceae,Bacillaceae_B,Bacillaceae_C,Bacillaceae_D,Bacillaceae_F,Bacillaceae_H,Bacillaceae_I,Bacillaceae_J,Bacillaceae_L,Bacillaceae_N,Bacillaceae_O,Caldibacillaceae,DSM-1321,DSM-18226,DSM-25281,DSM-28697,Domibacillaceae,Fictibacillaceae,Halobacillaceae,JACDOC01,JC228,Jeotgalibacillaceae,Marinococcaceae,Planococcaceae,SA4,Salisediminibacteriaceae,Sporolactobacillaceae,UBA6769
flagella_only	34	Acetivibrionaceae,Acidaminobacteraceae,Caldanaerobiaceae,Caldicellulosiruptoraceae,Caldicoprobacteraceae,Caminicellaceae,Ch29,DSM-27016,DSM-2933,DSM-8532,DTU013,DUMB01,DUMC01,Filifactoraceae,Gottschalkiaceae,JANLFN01,Lutisporaceae,Mahellaceae,Natronincolaceae,Proteiniboraceae,QPJT01,RGIG9151,SIT17,SK-Y3,Sporanaerobacteraceae,T1SED10-28,Tepidimicrobiaceae,Thermoanaerobacteraceae,Thermohalobacteraceae,Thermotaleaceae,Tindalliaceae,Tissierellaceae,UBA3941,Xylanivirgaceae
gtdb_only	35	Acetivibrionaceae,Acutalibacteraceae,Anaerotignaceae,Butyricicoccaceae,CAG-272,CAG-274,CAG-382,Cellulosilyticaceae,DSM-24629,DSM-27016,DSM-2933,DSM-8532,DTU013,DUMB01,DUMC01,DUPL01,Defluviitaleaceae,Ethanoligenenaceae,JAAYNZ01,JANLFN01,Lachnospiraceae,Oscillospiraceae,QPJT01,RGIG9151,Ruminococcaceae,SK-Y3,UBA12420,UBA1381,UBA5734,UBA5962,UBA929,Vallitaleaceae,WQUN01,WRAA01,WRAX01
gtdb_only	35	Aeribacillaceae,Alkalibacillaceae,Amphibacillaceae,Anaerobacillaceae,Anoxybacillaceae,BH030062,Bacillaceae,Bacillaceae_B,Bacillaceae_C,Bacillaceae_D,Bacillaceae_F,Bacillaceae_G,Bacillaceae_H,Bacillaceae_I,Bacillaceae_J,Bacillaceae_L,Bacillaceae_N,Bacillaceae_O,Caldibacillaceae,DSM-1321,DSM-18226,DSM-25281,DSM-28697,Domibacillaceae,Fictibacillaceae,HB172195,Halobacillaceae,JACDOC01,JC228,Jeotgalibacillaceae,Marinococcaceae,Planococcaceae,SA4,Salisediminibacteriaceae,UBA6769
gtdb_only	35	Acidithiobacillaceae,Aquaspirillaceae,Burkholderiaceae,Burkholderiaceae_A,Burkholderiaceae_B,Burkholderiaceae_C,Burkholderiaceae_D,CAIKXV01,Casimicrobiaceae,Chitinibacteraceae,Chitinimonadaceae,Chromobacteriaceae,Ferrovaceae,Ga0077523,Gallionellaceae,JABEVD01,JAEUOS01,JAJZQI01,JAKAFK01,Leeiaceae,Methylophilaceae,Nitrosomonadaceae,RBG-16-58-11,Rhodocyclaceae,SCOH01,SG8-39,SG8-41,SHXO01,Sulfuricellaceae,Sulfuriferulaceae,Thiobacillaceae,UBA3065,UBA9220,Usitatibacteraceae,WYBJ01
gtdb_only	35	ARS1246,Alkalispirochaetaceae,B11-G9,B62-G9,Borreliaceae,Brachyspiraceae,Breznakiellaceae,CADAEX01,CALXOJ01,DRHE01,DSM-19205,DSM-6578,Fen-1364,GWE2-31-10,GWF1-51-8,JAAYUW01,JABEVK01,JABLXN01,JAFGRV01,Marispirochaetaceae,PWMO01,PXBQ01,RPPD01,Rectinemataceae,SKKC01,SLAA01,SLST01,SZUA-6,Salinispiraceae,Sediminispirochaetaceae,Spirochaetaceae_B,Treponemataceae,UBA12059,UBA9216,WRBN01
gtdb_only	35	Ancalomicrobiaceae,Beijerinckiaceae,CGMCC-115125,Caulobacteraceae,Cohaesibacteraceae,Devosiaceae,Emcibacteraceae,Ferrovibrionaceae,GCA-2731375,GCA-2746425,Hyphomonadaceae,J090,JAJFHC01,Kordiimonadaceae,Maricaulaceae,Methylopilaceae,Micropepsaceae,Minwuiaceae,OSC116,Parvibaculaceae,Parvularculaceae,Phreatobacteraceae,Pleomorphomonadaceae,RS24,Rhizobiaceae,Rhodobacteraceae,Rhodobiaceae,Rhodothalassiaceae,Sneathiellaceae,Sphingomonadaceae,Stappiaceae,TH1-2,Tepidamorphaceae,Xanthobacteraceae,Zavarziniaceae
flagella_only	35	Acetohalobiaceae,B1SED10-159,B1SED10-174,BICA1-8,Ch109,DRI-13,DTU010,DTU012,DTU029,DTU030,DTU052,DTU065,DTU073,DTU084,DTU087,DUMP01,DY22613,Halanaerobiaceae,Halarsenatibacteraceae,Halobacteroidaceae,Heliobacteriaceae,JAAZLZ01,Limnochordaceae,Natranaerobiaceae,Proteinivoraceae,RSA5,Syntrophomonadaceae,Syntrophothermaceae,Thermacetogeniaceae,UBA10575,UBA2595,UBA5301,UBA5500,UBA8346,ZCTH02-B6
flagella_only	35	Aeribacillaceae,Alkalibacillaceae,Amphibacillaceae,Anaerobacillaceae,Anoxybacillaceae,BH030062,Bacillaceae,Bacillaceae_B,Bacillaceae_C,Bacillaceae_D,Bacillaceae_F,Bacillaceae_H,Bacillaceae_I,Bacillaceae_J,Bacillaceae_L,Bacillaceae_N,Bacillaceae_O,Caldibacillaceae,DSM-1321,DSM-18226,DSM-25281,DSM-28697,Domibacillaceae,Exiguobacteraceae,Fictibacillaceae,Halobacillaceae,JACDOC01,JC228,Jeotgalibacillaceae,Marinococcaceae,Planococcaceae,SA4,Salisediminibacteriaceae,Sporolactobacillaceae,UBA6769
flagella_only	35	Alcanivoracaceae,Aquaspirillaceae,Burkholderiaceae,Burkholderiaceae_C,CAIKXV01,Casimicrobiaceae,Chitinibacteraceae,Chitinimonadaceae,Chromobacteriaceae,Enterobacteriaceae,Ferrovaceae,Ga0077523,Gallionellaceae,Halomonadaceae,JABEVD01,JAEUOS01,JAJZQI01,JAKAFK01,Leeiaceae,Methylophilaceae,Nitrosomonadaceae,RBG-16-58-11,Rhodocyclaceae,SCOH01,SG8-39,SG8-41,SHXO01,Salinisphaeraceae,Sulfuricellaceae,Sulfuriferulaceae,Thiobacillaceae,UBA3065,UBA9220,Usitatibacteraceae,WYBJ01
gtdb_only	36	Ancalomicrobiaceae,Beijerinckiaceae,CGMCC-115125,Caulobacteraceae,Cohaesibacteraceae,Devosiaceae,Emcibacteraceae,Ferrovibrionaceae,GCA-2731375,GCA-2746425,Hyphomonadaceae,J090,JAJFHC01,Kordiimonadaceae,Maricaulaceae,Methylopilaceae,Micropepsaceae,Minwuiaceae,OSC116,Parvibaculaceae,Parvularculaceae,Phreatobacteraceae,Pleomorphomonadaceae,RS24,Rhizobiaceae,Rhodobacteraceae,Rhodobiaceae,Rhodothalassiaceae,Sneathiellaceae,Sphingomonadaceae,Stappiaceae,TH1-2,Tepidamorphaceae,UBA2966,Xanthobacteraceae,Zavarziniaceae
flagella_only	36	Acetohalobiaceae,B1SED10-159,B1SED10-174,BICA1-8,Ch109,DRI-13,DTU010,DTU012,DTU029,DTU030,DTU052,DTU065,DTU073,DTU084,DTU087,DUMP01,DUMW01,DY22613,Halanaerobiaceae,Halarsenatibacteraceae,Halobacteroidaceae,Heliobacteriaceae,JAAZLZ01,Limnochordaceae,Natranaerobiaceae,Proteinivoraceae,RSA5,Syntrophomonadaceae,Syntrophothermaceae,Thermacetogeniaceae,UBA10575,UBA2595,UBA5301,UBA5500,UBA8346,ZCTH02-B6
gtdb_only	37	Acidithiobacillaceae,Aquaspirillaceae,Burkholderiaceae,Burkholderiaceae_A,Burkholderiaceae_B,Burkholderiaceae_C,Burkholderiaceae_D,CAIKXV01,Casimicrobiaceae,Chitinibacteraceae,Chitinimonadaceae,Chromobacteriaceae,Ferrovaceae,Ga0077523,Gallionellaceae,HyVt-429,JABEVD01,JAEUOS01,JAJZQI01,JAKAFK01,Leeiaceae,Methylophilaceae,Nitrosomonadaceae,RBG-16-58-11,Rhodocyclaceae,SCOH01,SG8-39,SG8-41,SHXO01,Sulfuricellaceae,Sulfuriferulaceae,Thiobacillaceae,UBA3065,UBA6901,UBA9220,Usitatibacteraceae,WYBJ01
gtdb_only	37	40CM-4-68-19,Anaeromyxobacteraceae,B64-G9,Bradymonadaceae,CAJQPC01,DP-6,Fen-1088,GCA-2862545,GCA-2863065,Ga0077539,HGW-17,Haliangiaceae,JAAYKL01,JADJMO01,JAKLHH01,Myxococcaceae,Nannocystaceae,PHBI01,PR03,Palsa-1104,Polyangiaceae,SXON01,SZUA-336,Sandaracinaceae,UBA12015,UBA1532,UBA2385,UBA4151,UBA4427,UBA6930,UBA796,UBA9615,UBA9968,UTPRO1,VGSZ01,WYAZ01,XYA12-FULL-58-9
flagella_only	37	Alcanivoracaceae,Aquaspirillaceae,Burkholderiaceae,Burkholderiaceae_A,Burkholderiaceae_B,Burkholderiaceae_C,CAIKXV01,Casimicrobiaceae,Chitinibacteraceae,Chitinimonadaceae,Chromobacteriaceae,Enterobacteriaceae,Ferrovaceae,Ga0077523,Gallionellaceae,Halomonadaceae,JABEVD01,JAEUOS01,JAJZQI01,JAKAFK01,Leeiaceae,Methylophilaceae,Nitrosomonadaceae,RBG-16-58-11,Rhodocyclaceae,SCOH01,SG8-39,SG8-41,SHXO01,Salinisphaeraceae,Sulfuricellaceae,Sulfuriferulaceae,Thiobacillaceae,UBA3065,UBA9220,Usitatibacteraceae,WYBJ01
gtdb_only	38	Ancalomicrobiaceae,Beijerinckiaceae,CGMCC-115125,Caulobacteraceae,Cohaesibacteraceae,Devosiaceae,Emcibacteraceae,Ferrovibrionaceae,GCA-2731375,GCA-2746425,Geminicoccaceae,Hyphomonadaceae,J090,JAJFHC01,Kordiimonadaceae,Maricaulaceae,Methylopilaceae,Micropepsaceae,Minwuiaceae,OSC116,Parvibaculaceae,Parvularculaceae,Phreatobacteraceae,Pleomorphomonadaceae,RS24,Rhizobiaceae,Rhodobacteraceae,Rhodobiaceae,Rhodothalassiaceae,Sneathiellaceae,Sphingomonadaceae,Stappiaceae,TH1-2,Tepidamorphaceae,Tistrellaceae,UBA2966,Xanthobacteraceae,Zavarziniaceae
gtdb_only	38	4572-78,ATM1,Anaerolineaceae,CADDYW01,CAIYQO01,CAJBBX01,CF-72,CSP1-4,Caldilineaceae,Capsulimonadaceae,Chthonomonadaceae,DUEN01,E44-bin32,EnvOPS12,FW602-bin22,Fimbriimonadaceae,GBS-DC,HRBIN16,HRBIN17,HRBIN32,J111,JAAZEB01,JABUFB01,JACCZL01,JACDGC01,JAJPHF01,Tepidiformaceae,Thermomicrobiaceae,UBA10988,UBA11657,UBA12225,UBA2979,UBA4823,UBA5352,UBA5829,UBA6077,UBA6663,VGOW01
gtdb_only	38	B5-G15,BMS3Abin05,Balneolaceae,CR04bin15,Calditrichaceae,Cyclonatronaceae,DREG01,DRLW01,F1-140-MAGs086,Flavobacteriaceae,GCA-2689995,HLUCCA01,HRBIN21,Ignavibacteriaceae,J004,J042,JACIZP01,JACNLC01,JAFGTP01,JAKASW01,Kryptoniaceae,Melioribacteraceae,NICIL-2,Natronogracilivirgulaceae,QNDG01,Rhodothermaceae,SORT01,Salinibacteraceae,T3Sed10-11,TS1B11,UBA10030,UBA2242,UBA2268,UBA6906,UBA8401,UBA8477,UBA961,Zgenome-0027
gtdb_only	38	Acidithiobacillaceae,Aquaspirillaceae,Burkholderiaceae,Burkholderiaceae_A,Burkholderiaceae_B,Burkholderiaceae_C,Burkholderiaceae_D,CAIKXV01,Casimicrobiaceae,Chitinibacteraceae,Chitinimonadaceae,Chromobacteriaceae,Ferrovaceae,Ga0077523,Gallionellaceae,HyVt-429,Immundisolibacteraceae,JABEVD01,JAEUOS01,JAJZQI01,JAKAFK01,Leeiaceae,Methylophilaceae,Nitrosomonadaceae,RBG-16-58-11,Rhodocyclaceae,SCOH01,SG8-39,SG8-41,SHXO01,Sulfuricellaceae,Sulfuriferulaceae,Thiobacillaceae,UBA3065,UBA6901,UBA9220,Usitatibacteraceae,WYBJ01
flagella_only	38	2-02-FULL-58-16,2-02-FULL-58-16_A,CACIAM-22H2,CACZRW01,CAG-239,CAG-977,Casp-alpha2,DSM-21159,Dongiaceae,Elsteraceae,GCA-2696645,GCA-2717185,GCA-2746255,J153,JAEULC01,Kiloniellaceae,Magnetospirillaceae,Magnetovibrionaceae,Micavibrionaceae,Oceanibaculaceae,RFNS01,RGZA01,Rhodospirillaceae,Rhodovibrionaceae,SHVZ01,SMXQ01,TMED2,Terasakiellaceae,Thalassobaculaceae,Thalassospiraceae,Tistrellaceae,UBA2020,UBA2165,UBA6615,UBA8366,UBA9219,UXAT02,WMHbin7
flagella_only	38	Acidithiobacillaceae,Alcanivoracaceae,Aquaspirillaceae,Burkholderiaceae,Burkholderiaceae_A,Burkholderiaceae_B,Burkholderiaceae_C,CAIKXV01,Casimicrobiaceae,Chitinibacteraceae,Chitinimonadaceae,Chromobacteriaceae,Enterobacteriaceae,Ferrovaceae,Ga0077523,Gallionellaceae,Halomonadaceae,JABEVD01,JAEUOS01,JAJZQI01,JAKAFK01,Leeiaceae,Methylophilaceae,Nitrosomonadaceae,RBG-16-58-11,Rhodocyclaceae,SCOH01,SG8-39,SG8-41,SHXO01,Salinisphaeraceae,Sulfuricellaceae,Sulfuriferulaceae,Thiobacillaceae,UBA3065,UBA9220,Usitatibacteraceae,WYBJ01
flagella_only	38	Acetohalobiaceae,B1SED10-159,B1SED10-174,BICA1-8,Ch109,DRI-13,DTU010,DTU012,DTU029,DTU030,DTU052,DTU065,DTU073,DTU080,DTU084,DTU087,DUMP01,DUMU01,DUMW01,DY22613,Halanaerobiaceae,Halarsenatibacteraceae,Halobacteroidaceae,Heliobacteriaceae,JAAZLZ01,Limnochordaceae,Natranaerobiaceae,Proteinivoraceae,RSA5,Syntrophomonadaceae,Syntrophothermaceae,Thermacetogeniaceae,UBA10575,UBA2595,UBA5301,UBA5500,UBA8346,ZCTH02-B6
gtdb_only	39	40CM-4-68-19,Anaeromyxobacteraceae,B64-G9,Bradymonadaceae,CAJQPC01,DP-6,FEN-1099,Fen-1088,GCA-2862545,GCA-2863065,Ga0077539,HGW-17,Haliangiaceae,JAAYKL01,JACKCT01,JADJMO01,JAKLHH01,Myxococcaceae,Nannocystaceae,PHBI01,PR03,Palsa-1104,Polyangiaceae,SXON01,SZUA-336,Sandaracinaceae,UBA12015,UBA1532,UBA2385,UBA4151,UBA4427,UBA6930,UBA796,UBA9615,UBA9968,UTPRO1,VGSZ01,WYAZ01,XYA12-FULL-58-9
flagella_only	39	AE-B3A,Anammoxibacteraceae,Auribacteraceae,B3-G15,Brocadiaceae,CAIVHJ01,FEN-1343,Fen-1342,GCA-2746185,JAACEH01,JAAYCJ01,JAEUIK01,JAEUWI01,Lacipirellulaceae,OLB16,PNKZ01,PWPN01,Pan216,Phycisphaeraceae,Pirellulaceae,Planctomycetaceae,S143-82,SLHB01,SM1A02,SM23-30,SURF-12,SURF-5,SZUA-567,Scalinduaceae,Tepidisphaeraceae,Thermoguttaceae,UBA1845,UBA1924,UBA2392,UBA5793,UTPLA1,WQYP01,WSZJ01,Zrk34
flagella_only	39	AABM5-125-24,B3-LCP,B5-G15,B68-G9,BMS3Abin05,BMS3BBIN04,CAIWAD01,CR04bin15,Calditrichaceae,DREG01,DRLW01,F1-140-MAGs086,GCA-2689995,HRBIN21,Ignavibacteriaceae,J004,J042,JACIZP01,JACNLC01,JAFGTP01,JAKASW01,Kryptoniaceae,Melioribacteraceae,NICIL-2,QNDG01,RPQS01,SORT01,T3Sed10-11,TS1B11,UBA10030,UBA2242,UBA2268,UBA4055,UBA6906,UBA8401,UBA8477,UBA961,WRIO01,Zgenome-0027
flagella_only	39	21-64-14,AKS1,BW-2,CALZJG01,Cycloclasticaceae,DRMK01,DSM-19610,GCA-2400775,GRL18,Ga007554,Ga0077536,HyVt-429,JAABTG01,JAADGQ01,JAADHS01,JABDQX01,JADJWH01,JAFLJP01,JAHJQQ01,JAJPIJ01,Methylococcaceae,Methylomonadaceae,Methylophagaceae,Methylothermaceae,Nitrosococcaceae,S012-40,SG8-11,SZUA-140,SZUA-152,SZUA-76,Sedimenticolaceae,Tenderiaceae,Thiohalobacteraceae,Thiohalomonadaceae,UBA2780,UBA4486,UBA6429,UBA6901,VBWC01
gtdb_only	40	Ancalomicrobiaceae,Beijerinckiaceae,CGMCC-115125,Caulobacteraceae,Cohaesibacteraceae,Devosiaceae,Emcibacteraceae,Ferrovibrionaceae,GCA-2731375,GCA-2746425,Geminicoccaceae,Hyphomonadaceae,J090,JAJFHC01,Kordiimonadaceae,Maricaulaceae,Methylopilaceae,Micropepsaceae,Minwuiaceae,OSC116,Parvibaculaceae,Parvularculaceae,Phreatobacteraceae,Pleomorphomonadaceae,RS24,Rhizobiaceae,Rhodobacteraceae,Rhodobiaceae,Rhodothalassiaceae,Sneathiellaceae,Sphingomonadaceae,Stappiaceae,TH1-2,Tepidamorphaceae,Tistrellaceae,UBA2964,UBA2966,UBA6615,Xanthobacteraceae,Zavarziniaceae
flagella_only	40	4572-78,70-9,ATM1,Anaerolineaceae,CADDYW01,CAIYQO01,CAJBBX01,CF-72,CSP1-4,Caldilineaceae,Capsulimonadaceae,Chthonomonadaceae,DUEN01,E44-bin32,EnvOPS12,FW602-bin22,Fimbriimonadaceae,GBS-DC,Gaiellaceae,HRBIN16,HRBIN32,J111,JAAZEB01,JACCZL01,JACDGC01,JAJPHF01,Miltoncostaeaceae,RBG-13-55-18,Solirubrobacteraceae,Tepidiformaceae,Thermoleophilaceae,Thermomicrobiaceae,UBA11657,UBA12225,UBA2979,UBA4823,UBA5829,UBA6077,UBA6663,VGOW01
flagella_only	40	AABM5-125-24,B3-LCP,B5-G15,B68-G9,BMS3Abin05,BMS3BBIN04,CAIWAD01,CR04bin15,Calditrichaceae,DREG01,DRLW01,F1-140-MAGs086,GCA-2689995,GWA2-58-10,HRBIN21,Ignavibacteriaceae,J004,J042,JACIZP01,JACNLC01,JAFGTP01,JAKASW01,Kryptoniaceae,Melioribacteraceae,NICIL-2,QNDG01,RPQS01,SORT01,T3Sed10-11,TS1B11,UBA10030,UBA2242,UBA2268,UBA4055,UBA6906,UBA8401,UBA8477,UBA961,WRIO01,Zgenome-0027
gtdb_only	42	Aeromonadaceae,Aestuariirhabdaceae,Alcanivoracaceae,Alteromonadaceae,Celerinatantimonadaceae,Cellvibrionaceae,DC-out160,DSM-103792,DSM-21967,DSM-6294,Endozoicomonadaceae,GCA-002770795,GCA-2746155,Gallaecimonadaceae,HTCC2089,Halieaceae,Halomonadaceae,IMCC2047,JAHRWD01,Kangiellaceae,Ketobacteraceae,Litoricolaceae,Marinomonadaceae,Moraxellaceae,Moritellaceae,Natronospirillaceae,Neiellaceae,Nitrincolaceae,Oleiphilaceae,Porticoccaceae,Pseudohongiellaceae,Pseudomonadaceae,Psychrobiaceae,Psychromonadaceae,Shewanellaceae,Spongiibacteraceae,Succinivibrionaceae,UBA3067,UBA5518,UBA7434,Vibrionaceae,Zooshikellaceae
gtdb_only	42	21-64-14,AKS1,BW-2,CAIRSR01,CALZJG01,Chromatiaceae,Cycloclasticaceae,DRMK01,DSM-19610,GCA-2400775,GCF-002020875,GRL18,Ga007554,Ga0077536,JAABTG01,JAADGQ01,JAADHS01,JABDQX01,JABHGC01,JADJWH01,JAFLJP01,JAHJQQ01,JAJPIJ01,Methylococcaceae,Methylomonadaceae,Methylophagaceae,Methylothermaceae,Nitrosococcaceae,S012-40,SG8-11,SZUA-140,SZUA-152,SZUA-21,SZUA-76,Sedimenticolaceae,Tenderiaceae,Thiohalobacteraceae,Thiohalomonadaceae,UBA2780,UBA4486,UBA6429,VBWC01
gtdb_only	42	Aeribacillaceae,Aerococcaceae,Alkalibacillaceae,Amphibacillaceae,Anaerobacillaceae,Anoxybacillaceae,BH030062,Bacillaceae,Bacillaceae_B,Bacillaceae_C,Bacillaceae_D,Bacillaceae_F,Bacillaceae_G,Bacillaceae_H,Bacillaceae_I,Bacillaceae_J,Bacillaceae_L,Bacillaceae_N,Bacillaceae_O,Caldibacillaceae,Carnobacteriaceae,DSM-1321,DSM-18226,DSM-25281,DSM-28697,Domibacillaceae,Enterococcaceae,Erysipelotrichaceae,Exiguobacteraceae,Fictibacillaceae,HB172195,Halobacillaceae,JACDOC01,JC228,Jeotgalibacillaceae,Lactobacillaceae,Marinococcaceae,Planococcaceae,SA4,Salisediminibacteriaceae,UBA6769,Vagococcaceae
gtdb_only	42	Ancalomicrobiaceae,Beijerinckiaceae,CGMCC-115125,Caulobacteraceae,Cohaesibacteraceae,Devosiaceae,Emcibacteraceae,Ferrovibrionaceae,GCA-2731375,GCA-2746255,GCA-2746425,Geminicoccaceae,Hyphomonadaceae,J090,JAJFHC01,Kordiimonadaceae,Maricaulaceae,Methylopilaceae,Micropepsaceae,Minwuiaceae,OSC116,Parvibaculaceae,Parvularculaceae,Phreatobacteraceae,Pleomorphomonadaceae,RS24,Rhizobiaceae,Rhodobacteraceae,Rhodobiaceae,Rhodothalassiaceae,SMXQ01,Sneathiellaceae,Sphingomonadaceae,Stappiaceae,TH1-2,Tepidamorphaceae,Tistrellaceae,UBA2964,UBA2966,UBA6615,Xanthobacteraceae,Zavarziniaceae
gtdb_only	43	Anaerohalosphaeraceae,Anammoxibacteraceae,Brocadiaceae,CAIVHJ01,DRQF01,FEN-1343,FEN-1346,Fen-1342,GCA-002686595,GCA-002687715,GCA-002748355,Gemmataceae,J058,JAACEH01,JAAYCJ01,JACQFD01,JADJEK01,JAEUIK01,Lacipirellulaceae,PNKZ01,PWPN01,Pan216,Phycisphaeraceae,Pirellulaceae,Planctomycetaceae,SG8-4,SM1A02,SM23-30,SM23-32,SM23-33,Scalinduaceae,Tepidisphaeraceae,Thermoguttaceae,UBA12454,UBA1845,UBA1924,UBA2386,UBA2392,UBA5793,UTPLA1,WQYP01,WSZJ01,Zrk34
gtdb_only	43	4572-78,ATM1,Anaerolineaceae,Baltobacteraceae,CADDYW01,CAIYQO01,CAJBBX01,CF-72,CSP1-4,Caldilineaceae,Capsulimonadaceae,Chthonomonadaceae,DUEN01,E44-bin32,EnvOPS12,FW602-bin22,Fimbriimonadaceae,GBS-DC,HRBIN16,HRBIN17,HRBIN32,J111,JAAZEB01,JABUFB01,JACCZL01,JACDGC01,JADMJV01,JAJPHF01,JAJTBE01,RGZZ01,SCRA01,Tepidiformaceae,Thermomicrobiaceae,UBA10988,UBA11657,UBA12225,UBA2979,UBA4823,UBA5352,UBA5829,UBA6077,UBA6663,VGOW01
gtdb_only	43	Aeribacillaceae,Aerococcaceae,Alkalibacillaceae,Amphibacillaceae,Anaerobacillaceae,Anoxybacillaceae,BH030062,Bacillaceae,Bacillaceae_B,Bacillaceae_C,Bacillaceae_D,Bacillaceae_F,Bacillaceae_G,Bacillaceae_H,Bacillaceae_I,Bacillaceae_J,Bacillaceae_L,Bacillaceae_N,Bacillaceae_O,Caldibacillaceae,Carnobacteriaceae,DSM-1321,DSM-18226,DSM-25281,DSM-28697,Domibacillaceae,Enterococcaceae,Erysipelotrichaceae,Exiguobacteraceae,Fictibacillaceae,HB172195,Halobacillaceae,JACDOC01,JC228,Jeotgalibacillaceae,Lactobacillaceae,Marinococcaceae,Planococcaceae,SA4,Salisediminibacteriaceae,Sporolactobacillaceae,UBA6769,Vagococcaceae
flagella_only	43	Aerococcaceae,Alkalibacteraceae,Ammonificaceae,BM714,Caloramatoraceae,Carboxydothermaceae,Carnobacteriaceae,Clostridiaceae,DTU022,DTU083,DTU086,DULZ01,Desulfallaceae,Desulfitibacteraceae,Desulfocucumaceae,Desulfofarciminaceae,Desulfohalotomaculaceae,Desulforudaceae,Desulfotomaculaceae,Desulfovirgulaceae,Dethiobacteraceae,Enterococcaceae,Garciellaceae,JAAYPU01,JADQBR01,Lactobacillaceae,MES13,Moorellaceae,Nap2-2B,Oxobacteraceae,PH28-bin88,Pelotomaculaceae,Peptostreptococcaceae,SKNC01,SLTJ01,Tissierellaceae_A,Tissierellaceae_B,Tissierellaceae_C,UBA8154,UBA994,VENG01,Vagococcaceae,Zhaonellaceae
gtdb_only	44	Aeribacillaceae,Aerococcaceae,Alkalibacillaceae,Amphibacillaceae,Anaerobacillaceae,Anoxybacillaceae,BH030062,Bacillaceae,Bacillaceae_B,Bacillaceae_C,Bacillaceae_D,Bacillaceae_F,Bacillaceae_G,Bacillaceae_H,Bacillaceae_I,Bacillaceae_J,Bacillaceae_L,Bacillaceae_N,Bacillaceae_O,Caldibacillaceae,Carnobacteriaceae,DSM-1321,DSM-18226,DSM-25281,DSM-28697,Domibacillaceae,Enterococcaceae,Erysipelotrichaceae,Exiguobacteraceae,Fictibacillaceae,HB172195,Halobacillaceae,JACDOC01,JC228,JCM-10596,Jeotgalibacillaceae,Lactobacillaceae,Marinococcaceae,Planococcaceae,SA4,Salisediminibacteriaceae,Sporolactobacillaceae,UBA6769,Vagococcaceae
gtdb_only	44	AABM5-125-24,B3-LCP,B5-G15,BMS3Abin05,BMS3BBIN04,Balneolaceae,CAIWAD01,CR04bin15,Calditrichaceae,Cyclonatronaceae,DREG01,DRLW01,F1-140-MAGs086,Flavobacteriaceae,GCA-2689995,HLUCCA01,HRBIN21,Ignavibacteriaceae,J004,J042,JACIZP01,JACNLC01,JAFGTP01,JAKASW01,Kryptoniaceae,Melioribacteraceae,NICIL-2,Natronogracilivirgulaceae,QNDG01,RPQS01,Rhodothermaceae,SORT01,Salinibacteraceae,T3Sed10-11,TS1B11,UBA10030,UBA2242,UBA2268,UBA4055,UBA6906,UBA8401,UBA8477,UBA961,Zgenome-0027
gtdb_only	45	Acetivibrionaceae,Acutalibacteraceae,Anaerotignaceae,Butyricicoccaceae,CAG-138,CAG-272,CAG-274,CAG-382,CAG-74,Caldicoprobacteraceae,Cellulosilyticaceae,Christensenellaceae,DSM-24629,DSM-27016,DSM-2933,DSM-8532,DTU013,DTU083,DUMB01,DUMC01,DUPL01,Defluviitaleaceae,Ethanoligenenaceae,JAAYNZ01,JANLFN01,Lachnospiraceae,Mahellaceae,Oscillospiraceae,QPJT01,RGIG9151,Ruminococcaceae,SK-Y3,SZUA-584,UBA12420,UBA1381,UBA3941,UBA5734,UBA5962,UBA929,UMGS416,Vallitaleaceae,WQUN01,WRAA01,WRAX01,Xylanivirgaceae
gtdb_only	45	Anaerohalosphaeraceae,Anammoxibacteraceae,Brocadiaceae,CAIVHJ01,DRQF01,FEN-1343,FEN-1346,Fen-1342,GCA-002686595,GCA-002687715,GCA-002748355,Gemmataceae,J058,JAACEH01,JAAYCJ01,JACQFD01,JADJEK01,JAEUIK01,Lacipirellulaceae,PNKZ01,PWPN01,Pan216,Phycisphaeraceae,Pirellulaceae,Planctomycetaceae,SG8-4,SM1A02,SM23-30,SM23-32,SM23-33,SZUA-567,Scalinduaceae,Tepidisphaeraceae,Thermoguttaceae,UBA11346,UBA12454,UBA1845,UBA1924,UBA2386,UBA2392,UBA5793,UTPLA1,WQYP01,WSZJ01,Zrk34
gtdb_only	46	2-12-FULL-62-27,ARS1246,Alkalispirochaetaceae,B11-G9,B62-G9,Borreliaceae,Brachyspiraceae,Breznakiellaceae,CADAEX01,CALXOJ01,DRHE01,DSM-19205,DSM-6578,DYLW01,Fen-1364,GWE2-31-10,GWF1-51-8,JAAYUW01,JABEVK01,JABLXN01,JAFGDQ01,JAFGJZ01,JAFGRV01,Leptonemataceae,Leptospiraceae,Marispirochaetaceae,PWMO01,PXBQ01,RPPD01,Rectinemataceae,SKKC01,SLAA01,SLST01,SZUA-6,Salinispiraceae,Sediminispirochaetaceae,Spirochaetaceae_B,T1Sed10-126,Treponemataceae,Turneriellaceae,UB4802,UBA12059,UBA5368,UBA5550,UBA9216,WRBN01
flagella_only	46	Acetivibrionaceae,Acidaminobacteraceae,CAG-274,Caldanaerobiaceae,Caldicellulosiruptoraceae,Caldicoprobacteraceae,Caminicellaceae,Cellulosilyticaceae,Ch29,DSM-24629,DSM-27016,DSM-2933,DSM-8532,DTU013,DUMB01,DUMC01,Defluviitaleaceae,Filifactoraceae,Gottschalkiaceae,JAAYNZ01,JANLFN01,Lachnospiraceae,Lutisporaceae,Mahellaceae,Natronincolaceae,Proteiniboraceae,QPJT01,RGIG9151,SIT17,SK-Y3,Sporanaerobacteraceae,T1SED10-28,Tepidimicrobiaceae,Thermoanaerobacteraceae,Thermohalobacteraceae,Thermotaleaceae,Tindalliaceae,Tissierellaceae,UBA12420,UBA3941,UBA5962,Vallitaleaceae,WQUN01,WRAA01,WRAX01,Xylanivirgaceae
flagella_only	46	40CM-4-68-19,Anaeromyxobacteraceae,B64-G9,Bradymonadaceae,CAJQPC01,DC0425bin3,DP-6,Fen-1088,GCA-2862545,GCA-2863065,Ga0077539,HGW-17,Haliangiaceae,JAAYKL01,JADGCH01,JADJMO01,JAFLCA01,JAKLHH01,Magnetaquicoccaceae,Magnetococcaceae,Myxococcaceae,Nannocystaceae,OMII01,PHBI01,PR03,Palsa-1104,Polyangiaceae,RFPC01,SXON01,SZUA-149,SZUA-336,Sandaracinaceae,UBA12015,UBA1532,UBA2385,UBA4151,UBA4427,UBA6930,UBA796,UBA8363,UBA9615,UBA9968,UTPRO1,VGSZ01,WYAZ01,XYA12-FULL-58-9
flagella_only	46	ARS1246,Alkalispirochaetaceae,B11-G9,B62-G9,Borreliaceae,Brachyspiraceae,Breznakiellaceae,CADAEX01,CALXOJ01,DRHE01,DSM-19205,DSM-6578,DYLW01,Fen-1364,Fusobacteriaceae,GWE2-31-10,GWF1-51-8,JAAYUW01,JABEVK01,JABLXN01,JAFGDQ01,JAFGJZ01,JAFGRV01,Leptonemataceae,Leptospiraceae,Marispirochaetaceae,Muirbacteriaceae,PWMO01,PXBQ01,RPPD01,Rectinemataceae,SKKC01,SLAA01,SLST01,SZUA-6,Salinispiraceae,Sediminispirochaetaceae,Spirochaetaceae_B,Treponemataceae,Turneriellaceae,UB4802,UBA12059,UBA5368,UBA5550,UBA9216,WRBN01
gtdb_only	47	CAIOGM01,CG2-30-53-67,CSP1-6,DRQE01,Desulfuromonadaceae,Dissulfurispiraceae,GWC2-42-11,GWC2-55-46,Geoalkalibacteraceae,Geobacteraceae,Geobacteraceae_A,Geopsychrobacteraceae,Geothermobacteraceae,HDB-SIOI813,J061,JAADHI01,JAAYDE01,JACQBW01,JACRGQ01,JACRLM01,JADFVP01,JAGOGO01,JAJRXV01,JdFR-85,JdFR-88,Magnetobacteriaceae,Manganitrophaceae,Methylomirabilaceae,Nitrospinaceae,Nitrospiraceae,Pseudopelobacteraceae,RBG-16-64-22,SBBA01,SM23-35,SM23-61,SZUA-540,Syntrophotaleaceae,Thermodesulfovibrionaceae,Trichloromonadaceae,UBA1163,UBA6898,UBA6902,UBA7883,UBA8248,UBA8473,UBA8639,UBA9942
gtdb_only	47	Aeromonadaceae,Aestuariirhabdaceae,Alcanivoracaceae,Alteromonadaceae,Berkiellaceae,Celerinatantimonadaceae,Cellvibrionaceae,DC-out160,DSM-103792,DSM-16500,DSM-21967,DSM-6294,Endozoicomonadaceae,GCA-002770795,GCA-2746155,Gallaecimonadaceae,HTCC2089,Halieaceae,Halomonadaceae,IMCC2047,JAHRWD01,Kangiellaceae,Ketobacteraceae,Legionellaceae,Litoricolaceae,Marinomonadaceae,Moraxellaceae,Moritellaceae,Natronospirillaceae,Neiellaceae,Nitrincolaceae,Oleiphilaceae,Piscirickettsiaceae,Porticoccaceae,Pseudohongiellaceae,Pseudomonadaceae,Psychrobiaceae,Psychromonadaceae,Shewanellaceae,Spongiibacteraceae,Succinivibrionaceae,UBA1113,UBA3067,UBA5518,UBA7434,Vibrionaceae,Zooshikellaceae
gtdb_only	47	Aeribacillaceae,Aerococcaceae,Alkalibacillaceae,Amphibacillaceae,Anaerobacillaceae,Aneurinibacillaceae,Anoxybacillaceae,BH030062,Bacillaceae,Bacillaceae_B,Bacillaceae_C,Bacillaceae_D,Bacillaceae_F,Bacillaceae_G,Bacillaceae_H,Bacillaceae_I,Bacillaceae_J,Bacillaceae_L,Bacillaceae_N,Bacillaceae_O,Brevibacillaceae,Caldibacillaceae,Carnobacteriaceae,DSM-1321,DSM-18226,DSM-25281,DSM-28697,Domibacillaceae,Enterococcaceae,Erysipelotrichaceae,Exiguobacteraceae,Fictibacillaceae,HB172195,Halobacillaceae,JACDOC01,JC228,JCM-10596,Jeotgalibacillaceae,Lactobacillaceae,Marinococcaceae,Planococcaceae,RAOX-1,SA4,Salisediminibacteriaceae,Sporolactobacillaceae,UBA6769,Vagococcaceae
gtdb_only	48	Aeromonadaceae,Aestuariirhabdaceae,Alcanivoracaceae,Alteromonadaceae,Berkiellaceae,Celerinatantimonadaceae,Cellvibrionaceae,DC-out160,DSM-103792,DSM-16500,DSM-21967,DSM-6294,Endozoicomonadaceae,GCA-002770795,GCA-2746155,Gallaecimonadaceae,HTCC2089,Halieaceae,Halomonadaceae,IMCC2047,JAHRWD01,Kangiellaceae,Ketobacteraceae,Legionellaceae,Litoricolaceae,Marinomonadaceae,Moraxellaceae,Moritellaceae,Natronospirillaceae,Neiellaceae,Nitrincolaceae,Oleiphilaceae,Piscirickettsiaceae,Porticoccaceae,Pseudohongiellaceae,Pseudomonadaceae,Psychrobiaceae,Psychromonadaceae,Shewanellaceae,Spongiibacteraceae,Succinivibrionaceae,Thiomicrospiraceae,UBA1113,UBA3067,UBA5518,UBA7434,Vibrionaceae,Zooshikellaceae
flagella_only	48	Aeribacillaceae,Alkalibacillaceae,Amphibacillaceae,Anaerobacillaceae,Aneurinibacillaceae,Anoxybacillaceae,BH030062,Bacillaceae,Bacillaceae_B,Bacillaceae_C,Bacillaceae_D,Bacillaceae_F,Bacillaceae_H,Bacillaceae_I,Bacillaceae_J,Bacillaceae_L,Bacillaceae_N,Bacillaceae_O,Brevibacillaceae,Caldibacillaceae,DSM-1321,DSM-18226,DSM-25281,DSM-28697,Domibacillaceae,Exiguobacteraceae,Fictibacillaceae,HB172195,Halobacillaceae,JACDOC01,JC228,JCM-10596,Jeotgalibacillaceae,K13,Marinococcaceae,NBRC-103111,Paenibacillaceae,Planococcaceae,RAOX-1,Reconciliibacillaceae,SA4,SCSIO-06110,Salisediminibacteriaceae,Sporolactobacillaceae,Tepidibacillaceae,UBA4045,UBA6769,YIM-B00363
flagella_only	48	40CM-4-68-19,Anaeromyxobacteraceae,B64-G9,Bradymonadaceae,CAJQPC01,DC0425bin3,DP-6,Fen-1088,GCA-2862545,GCA-2863065,Ga0077539,HGW-17,Haliangiaceae,J009,JAAYKL01,JADGCH01,JADJMO01,JAFLCA01,JAKLHH01,Magnetaquicoccaceae,Magnetococcaceae,Mariprofundaceae,Myxococcaceae,Nannocystaceae,OMII01,PHBI01,PR03,Palsa-1104,Polyangiaceae,RFPC01,SXON01,SZUA-149,SZUA-336,Sandaracinaceae,UBA12015,UBA1532,UBA2385,UBA4151,UBA4427,UBA6930,UBA796,UBA8363,UBA9615,UBA9968,UTPRO1,VGSZ01,WYAZ01,XYA12-FULL-58-9
flagella_only	48	Acetohalobiaceae,B1SED10-159,B1SED10-174,BICA1-8,Bu92,Ch109,DRI-13,DTU010,DTU012,DTU015,DTU029,DTU030,DTU052,DTU065,DTU073,DTU080,DTU084,DTU087,DUMP01,DUMU01,DUMW01,DUSS01,DY22613,Halanaerobiaceae,Halarsenatibacteraceae,Halobacteroidaceae,Heliobacteriaceae,JAAZLZ01,JABLXB01,JAJZPE01,Limnochordaceae,Natranaerobiaceae,PUMD01,Proteinivoraceae,RSA5,SLMV01,Symbiobacteriaceae,Syntrophomonadaceae,Syntrophothermaceae,Thermacetogeniaceae,Thermaerobacteraceae,UBA10575,UBA2595,UBA5301,UBA5500,UBA8346,ZC4RG38,ZCTH02-B6
gtdb_only	49	Acetonemaceae,Ammonificaceae,Anaeromusaceae,BICA1-8,CTSoil-072,CTSoil-080,Carboxydothermaceae,Ch109,DRI-13,DSM-13327,DSM-15969,DTU052,DTU073,DTU086,DULZ01,Dendrosporobacteraceae,Desulfallaceae,Desulfitibacteraceae,Desulfitobacteriaceae,Desulfocucumaceae,Desulfofarciminaceae,Desulfohalotomaculaceae,Desulforudaceae,Desulfotomaculaceae,Desulfovirgulaceae,Heliobacteriaceae,JADQBR01,Massilibacillaceae,Moorellaceae,Nap2-2B,PH28-bin88,Pelotomaculaceae,Propionisporaceae,SLTJ01,Selenomonadaceae,Sporomusaceae,Syntrophobotulaceae,Syntrophomonadaceae,Syntrophothermaceae,Thermacetogeniaceae,Thermosinaceae,UBA1444,UBA2595,UBA4068,UBA5745,UBA7701,UMGS1260,VENG01,Zhaonellaceae
flagella_only	49	Aeribacillaceae,Alkalibacillaceae,Amphibacillaceae,Anaerobacillaceae,Aneurinibacillaceae,Anoxybacillaceae,BH030062,Bacillaceae,Bacillaceae_B,Bacillaceae_C,Bacillaceae_D,Bacillaceae_F,Bacillaceae_H,Bacillaceae_I,Bacillaceae_J,Bacillaceae_L,Bacillaceae_N,Bacillaceae_O,Brevibacillaceae,Caldibacillaceae,DSM-1321,DSM-18226,DSM-25281,DSM-28697,Desulfuribacillaceae,Domibacillaceae,Exiguobacteraceae,Fictibacillaceae,HB172195,Halobacillaceae,JACDOC01,JC228,JCM-10596,Jeotgalibacillaceae,K13,Marinococcaceae,NBRC-103111,Paenibacillaceae,Planococcaceae,RAOX-1,Reconciliibacillaceae,SA4,SCSIO-06110,Salisediminibacteriaceae,Sporolactobacillaceae,Tepidibacillaceae,UBA4045,UBA6769,YIM-B00363
flagella_only	49	Acetivibrionaceae,Acidaminobacteraceae,CAG-274,Caldanaerobiaceae,Caldicellulosiruptoraceae,Caldicoprobacteraceae,Caminicellaceae,Cellulosilyticaceae,Ch29,DSM-24629,DSM-27016,DSM-2933,DSM-8532,DTU013,DUMB01,DUMC01,Defluviitaleaceae,Filifactoraceae,Gottschalkiaceae,JAAYNZ01,JANLFN01,Koleobacteraceae,Lachnospiraceae,Lutisporaceae,Mahellaceae,Natronincolaceae,Proteiniboraceae,QPJT01,RGIG9151,SIT17,SK-Y3,Sporanaerobacteraceae,T1SED10-28,Tepidanaerobacteraceae,Tepidimicrobiaceae,Thermoanaerobacteraceae,Thermohalobacteraceae,Thermosediminibacteraceae,Thermotaleaceae,Tindalliaceae,Tissierellaceae,UBA12420,UBA3941,UBA5962,Vallitaleaceae,WQUN01,WRAA01,WRAX01,Xylanivirgaceae
flagella_only	49	ARS1246,Alkalispirochaetaceae,B11-G9,B62-G9,Borreliaceae,Brachyspiraceae,Breznakiellaceae,CADAEX01,CALXOJ01,DRHE01,DSM-19205,DSM-6578,DYLW01,Fen-1364,Fusobacteriaceae,GWE2-31-10,GWF1-51-8,JAAYUW01,JABEVK01,JABLXN01,JAFGDQ01,JAFGJZ01,JAFGRV01,Leptonemataceae,Leptospiraceae,Marispirochaetaceae,Muirbacteriaceae,Ozemobacteraceae,PWMO01,PXBQ01,RPPD01,Rectinemataceae,SKKC01,SLAA01,SLST01,SZUA-6,Salinispiraceae,Sediminispirochaetaceae,Spirochaetaceae_B,Treponemataceae,Turneriellaceae,UB4802,UBA12059,UBA5368,UBA5550,UBA6191,UBA9216,UBA9980,WRBN01
flagella_only	49	AAA164-E04,Anaerohalosphaeraceae,BJHT01,CAIMTB01,CAIYYI01,Chthoniobacteraceae,DRQF01,FEN-1346,GCA-002686595,GCA-002687715,GCA-002748355,GWC2-71-9,GWF2-45-14,Gemmataceae,Gemmatimonadaceae,J058,J093,JACQFD01,JADJEK01,JADJPG01,JAJFLO01,Lentisphaeraceae,NGM72-4,Opitutaceae,Palsa-1400,Pontiellaceae,RBG-16-71-46,RI-55,RSA9,SG8-4,SIBE01,SM23-32,SM23-33,SXTU01,SZUA-371,Terrimicrobiaceae,UBA1096,UBA1100,UBA11320,UBA11346,UBA11358,UBA12454,UBA1319,UBA1321,UBA2386,UBA6960,UBA8199,UBA9464,Verruco-01
flagella_only	50	21-64-14,AKS1,Acidihalobacteraceae,BW-2,CAIRSR01,CALZJG01,Cycloclasticaceae,DRMK01,DSM-19610,Ectothiorhodospiraceae,GCA-001735895,GCA-2400775,GRL18,Ga007554,Ga0077536,HyVt-429,J044,JAABTG01,JAADGQ01,JAADHS01,JABDQX01,JADJWH01,JAFLJP01,JAHJQQ01,JAJPIJ01,Methylococcaceae,Methylomonadaceae,Methylophagaceae,Methylothermaceae,Nitrosococcaceae,PWYM01,S012-40,SG8-11,SZUA-140,SZUA-152,SZUA-21,SZUA-229,SZUA-76,Sedimenticolaceae,Tenderiaceae,Thioalkalivibrionaceae,Thiohalobacteraceae,Thiohalomonadaceae,UBA2780,UBA4486,UBA5861,UBA6429,UBA6901,VBWC01,XN24
flagella_only	50	Acetivibrionaceae,Acidaminobacteraceae,CAG-274,Caldanaerobiaceae,Caldicellulosiruptoraceae,Caldicoprobacteraceae,Caminicellaceae,Cellulosilyticaceae,Ch29,DSM-24629,DSM-27016,DSM-2933,DSM-8532,DTU013,DUMB01,DUMC01,Defluviitaleaceae,Filifactoraceae,Gottschalkiaceae,JAAYNZ01,JANLFN01,Koleobacteraceae,Lachnospiraceae,Lutisporaceae,Mahellaceae,Natronincolaceae,PWPR01,Proteiniboraceae,QPJT01,RGIG9151,SIT17,SK-Y3,Sporanaerobacteraceae,T1SED10-28,Tepidanaerobacteraceae,Tepidimicrobiaceae,Thermoanaerobacteraceae,Thermohalobacteraceae,Thermosediminibacteraceae,Thermotaleaceae,Tindalliaceae,Tissierellaceae,UBA12420,UBA3941,UBA5962,Vallitaleaceae,WQUN01,WRAA01,WRAX01,Xylanivirgaceae
gtdb_only	51	AABM5-125-24,B3-LCP,B5-G15,BMS3Abin05,BMS3BBIN04,Balneolaceae,CAIWAD01,CR04bin15,Calditrichaceae,Chitinispirillaceae,Cyclonatronaceae,DREG01,DRLW01,F1-140-MAGs086,Fibrobacteraceae,Flavobacteriaceae,GCA-2689995,HLUCCA01,HRBIN21,Ignavibacteriaceae,J004,J042,JACIZP01,JACNLC01,JAFGTP01,JAKASW01,Kryptoniaceae,Melioribacteraceae,NICIL-2,Natronogracilivirgulaceae,QNDG01,RPQS01,Rhodothermaceae,SORT01,Salinibacteraceae,T3Sed10-11,TS1B11,UBA10030,UBA11236,UBA2242,UBA2268,UBA4055,UBA5070,UBA6906,UBA8401,UBA8477,UBA961,WJKA01,WJMI01,WRFX01,Zgenome-0027
flagella_only	51	Aeribacillaceae,Alkalibacillaceae,Amphibacillaceae,Anaerobacillaceae,Aneurinibacillaceae,Anoxybacillaceae,BH030062,Bacillaceae,Bacillaceae_B,Bacillaceae_C,Bacillaceae_D,Bacillaceae_F,Bacillaceae_H,Bacillaceae_I,Bacillaceae_J,Bacillaceae_L,Bacillaceae_N,Bacillaceae_O,Brevibacillaceae,Caldibacillaceae,DSM-1321,DSM-18226,DSM-25281,DSM-28697,Desulfuribacillaceae,Domibacillaceae,Effusibacillaceae,Exiguobacteraceae,Fictibacillaceae,HB172195,Halobacillaceae,JACDOC01,JC228,JCM-10596,Jeotgalibacillaceae,K13,Marinococcaceae,NBRC-103111,Paenibacillaceae,Planococcaceae,RAOX-1,Reconciliibacillaceae,SA4,SCSIO-06110,Salisediminibacteriaceae,Sporolactobacillaceae,Tepidibacillaceae,Tumebacillaceae,UBA4045,UBA6769,YIM-B00363
flagella_only	51	AAA164-E04,Anaerohalosphaeraceae,BJHT01,CAIMTB01,CAIYYI01,CSP1-6,Chthoniobacteraceae,DRQF01,FEN-1346,GCA-002686595,GCA-002687715,GCA-002748355,GWC2-71-9,GWF2-45-14,Gemmataceae,Gemmatimonadaceae,J058,J093,JACQFD01,JADJEK01,JADJPG01,JAJFLO01,Lentisphaeraceae,Methylomirabilaceae,NGM72-4,Opitutaceae,Palsa-1400,Pontiellaceae,RBG-16-71-46,RI-55,RSA9,SG8-4,SIBE01,SM23-32,SM23-33,SXTU01,SZUA-371,Terrimicrobiaceae,UBA1096,UBA1100,UBA11320,UBA11346,UBA11358,UBA12454,UBA1319,UBA1321,UBA2386,UBA6960,UBA8199,UBA9464,Verruco-01
flagella_only	51	21-64-14,AKS1,Acidihalobacteraceae,BW-2,CAIRSR01,CALZJG01,Cycloclasticaceae,DRMK01,DSM-19610,Ectothiorhodospiraceae,GCA-001735895,GCA-2400775,GRL18,Ga007554,Ga0077536,HyVt-429,J044,JAABTG01,JAADGQ01,JAADHS01,JABDQX01,JABHGC01,JADJWH01,JAFLJP01,JAHJQQ01,JAJPIJ01,Methylococcaceae,Methylomonadaceae,Methylophagaceae,Methylothermaceae,Nitrosococcaceae,PWYM01,S012-40,SG8-11,SZUA-140,SZUA-152,SZUA-21,SZUA-229,SZUA-76,Sedimenticolaceae,Tenderiaceae,Thioalkalivibrionaceae,Thiohalobacteraceae,Thiohalomonadaceae,UBA2780,UBA4486,UBA5861,UBA6429,UBA6901,VBWC01,XN24
gtdb_only	52	AABM5-125-24,B3-LCP,B5-G15,BMS3Abin05,BMS3BBIN04,Balneolaceae,CAIWAD01,CR04bin15,Calditrichaceae,Chitinispirillaceae,Cyclonatronaceae,DREG01,DRLW01,F1-140-MAGs086,Fibrobacteraceae,Flavobacteriaceae,GCA-2689995,HLUCCA01,HRBIN21,Ignavibacteriaceae,J004,J042,JACIZP01,JACNLC01,JAFGTP01,JAKASW01,Kryptoniaceae,Melioribacteraceae,NICIL-2,Natronogracilivirgulaceae,QNDG01,RPQS01,Rhodothermaceae,SORT01,Salinibacteraceae,T3Sed10-11,TS1B11,UBA10030,UBA11236,UBA2242,UBA2268,UBA4055,UBA5070,UBA6906,UBA8401,UBA8477,UBA961,WJKA01,WJMI01,WRFX01,WRIO01,Zgenome-0027
flagella_only	52	21-64-14,AKS1,Acidihalobacteraceae,BW-2,CAIRSR01,CALZJG01,Competibacteraceae,Cycloclasticaceae,DRMK01,DSM-19610,Ectothiorhodospiraceae,GCA-001735895,GCA-2400775,GRL18,Ga007554,Ga0077536,HyVt-429,J044,JAABTG01,JAADGQ01,JAADHS01,JABDQX01,JABHGC01,JADJWH01,JAFLJP01,JAHJQQ01,JAJPIJ01,Methylococcaceae,Methylomonadaceae,Methylophagaceae,Methylothermaceae,Nitrosococcaceae,PWYM01,S012-40,SG8-11,SZUA-140,SZUA-152,SZUA-21,SZUA-229,SZUA-76,Sedimenticolaceae,Tenderiaceae,Thioalkalivibrionaceae,Thiohalobacteraceae,Thiohalomonadaceae,UBA2780,UBA4486,UBA5861,UBA6429,UBA6901,VBWC01,XN24
flagella_only	52	2-02-FULL-58-16,2-02-FULL-58-16_A,CACIAM-22H2,CACZRW01,CAG-239,CAG-977,Casp-alpha2,Caulobacteraceae,DSM-21159,Dongiaceae,Elsteraceae,Emcibacteraceae,Ferrovibrionaceae,GCA-2696645,GCA-2717185,GCA-2731375,GCA-2746255,J090,J153,JAEULC01,Kiloniellaceae,Kordiimonadaceae,Magnetospirillaceae,Magnetovibrionaceae,Maricaulaceae,Micavibrionaceae,Micropepsaceae,Minwuiaceae,Oceanibaculaceae,RFNS01,RGZA01,Rhodospirillaceae,Rhodothalassiaceae,Rhodovibrionaceae,SHVZ01,SMXQ01,Sneathiellaceae,TH1-2,TMED2,Terasakiellaceae,Thalassobaculaceae,Thalassospiraceae,Tistrellaceae,UBA2020,UBA2165,UBA2966,UBA6615,UBA8366,UBA9219,UXAT02,WMHbin7,Zavarziniaceae
flagella_only	52	Aeribacillaceae,Alkalibacillaceae,Amphibacillaceae,Anaerobacillaceae,Aneurinibacillaceae,Anoxybacillaceae,BH030062,Bacillaceae,Bacillaceae_B,Bacillaceae_C,Bacillaceae_D,Bacillaceae_F,Bacillaceae_H,Bacillaceae_I,Bacillaceae_J,Bacillaceae_L,Bacillaceae_N,Bacillaceae_O,Brevibacillaceae,Caldibacillaceae,DSM-1321,DSM-18226,DSM-22653,DSM-25281,DSM-28697,Desulfuribacillaceae,Domibacillaceae,Effusibacillaceae,Exiguobacteraceae,Fictibacillaceae,HB172195,Halobacillaceae,JACDOC01,JC228,JCM-10596,Jeotgalibacillaceae,K13,Marinococcaceae,NBRC-103111,Paenibacillaceae,Planococcaceae,RAOX-1,Reconciliibacillaceae,SA4,SCSIO-06110,Salisediminibacteriaceae,Sporolactobacillaceae,Tepidibacillaceae,Tumebacillaceae,UBA4045,UBA6769,YIM-B00363
flagella_only	53	2-02-FULL-58-16,2-02-FULL-58-16_A,Azospirillaceae,CACIAM-22H2,CACZRW01,CAG-239,CAG-977,Casp-alpha2,Caulobacteraceae,DSM-21159,Dongiaceae,Elsteraceae,Emcibacteraceae,Ferrovibrionaceae,GCA-2696645,GCA-2717185,GCA-2731375,GCA-2746255,J090,J153,JAEULC01,Kiloniellaceae,Kordiimonadaceae,Magnetospirillaceae,Magnetovibrionaceae,Maricaulaceae,Micavibrionaceae,Micropepsaceae,Minwuiaceae,Oceanibaculaceae,RFNS01,RGZA01,Rhodospirillaceae,Rhodothalassiaceae,Rhodovibrionaceae,SHVZ01,SMXQ01,Sneathiellaceae,TH1-2,TMED2,Terasakiellaceae,Thalassobaculaceae,Thalassospiraceae,Tistrellaceae,UBA2020,UBA2165,UBA2966,UBA6615,UBA8366,UBA9219,UXAT02,WMHbin7,Zavarziniaceae
gtdb_only	54	Aeribacillaceae,Aerococcaceae,Alkalibacillaceae,Amphibacillaceae,Anaerobacillaceae,Aneurinibacillaceae,Anoxybacillaceae,BH030062,Bacillaceae,Bacillaceae_B,Bacillaceae_C,Bacillaceae_D,Bacillaceae_F,Bacillaceae_G,Bacillaceae_H,Bacillaceae_I,Bacillaceae_J,Bacillaceae_L,Bacillaceae_N,Bacillaceae_O,Brevibacillaceae,Caldibacillaceae,Carnobacteriaceae,DSM-1321,DSM-18226,DSM-25281,DSM-28697,Domibacillaceae,Enterococcaceae,Erysipelotrichaceae,Exiguobacteraceae,Fictibacillaceae,HB172195,Halobacillaceae,JACDOC01,JC228,JCM-10596,Jeotgalibacillaceae,K13,Lactobacillaceae,Marinococcaceae,NBRC-103111,Paenibacillaceae,Planococcaceae,RAOX-1,Reconciliibacillaceae,SA4,SCSIO-06110,Salisediminibacteriaceae,Sporolactobacillaceae,UBA4045,UBA6769,Vagococcaceae,YIM-B00363
flagella_only	54	2-02-FULL-58-16,2-02-FULL-58-16_A,Azospirillaceae,CACIAM-22H2,CACZRW01,CAG-239,CAG-977,Casp-alpha2,Caulobacteraceae,DSM-21159,Dongiaceae,Elsteraceae,Emcibacteraceae,Ferrovibrionaceae,GCA-2696645,GCA-2717185,GCA-2731375,GCA-2746255,Inquilinaceae,J090,J153,JAEULC01,Kiloniellaceae,Kordiimonadaceae,Magnetospirillaceae,Magnetovibrionaceae,Maricaulaceae,Micavibrionaceae,Micropepsaceae,Minwuiaceae,Oceanibaculaceae,RFNS01,RGZA01,Rhodospirillaceae,Rhodothalassiaceae,Rhodovibrionaceae,SHVZ01,SMXQ01,Sneathiellaceae,TH1-2,TMED2,Terasakiellaceae,Thalassobaculaceae,Thalassospiraceae,Tistrellaceae,UBA2020,UBA2165,UBA2966,UBA6615,UBA8366,UBA9219,UXAT02,WMHbin7,Zavarziniaceae
gtdb_only	55	Aeribacillaceae,Aerococcaceae,Alkalibacillaceae,Amphibacillaceae,Anaerobacillaceae,Aneurinibacillaceae,Anoxybacillaceae,BH030062,Bacillaceae,Bacillaceae_B,Bacillaceae_C,Bacillaceae_D,Bacillaceae_F,Bacillaceae_G,Bacillaceae_H,Bacillaceae_I,Bacillaceae_J,Bacillaceae_L,Bacillaceae_N,Bacillaceae_O,Brevibacillaceae,Caldibacillaceae,Carnobacteriaceae,DSM-1321,DSM-18226,DSM-25281,DSM-28697,Domibacillaceae,Enterococcaceae,Erysipelotrichaceae,Exiguobacteraceae,Fictibacillaceae,HB172195,Halobacillaceae,JACDOC01,JC228,JCM-10596,Jeotgalibacillaceae,K13,Lactobacillaceae,Marinococcaceae,NBRC-103111,Paenibacillaceae,Planococcaceae,RAOX-1,Reconciliibacillaceae,SA4,SCSIO-06110,Salisediminibacteriaceae,Sporolactobacillaceae,Tepidibacillaceae,UBA4045,UBA6769,Vagococcaceae,YIM-B00363
flagella_only	55	2-02-FULL-58-16,2-02-FULL-58-16_A,Azospirillaceae,CACIAM-22H2,CACZRW01,CAG-239,CAG-977,Casp-alpha2,Caulobacteraceae,DSM-21159,Dongiaceae,Elsteraceae,Emcibacteraceae,Ferrovibrionaceae,GCA-2696645,GCA-2717185,GCA-2731375,GCA-2746255,Geminicoccaceae,Inquilinaceae,J090,J153,JAEULC01,Kiloniellaceae,Kordiimonadaceae,Magnetospirillaceae,Magnetovibrionaceae,Maricaulaceae,Micavibrionaceae,Micropepsaceae,Minwuiaceae,Oceanibaculaceae,RFNS01,RGZA01,Rhodospirillaceae,Rhodothalassiaceae,Rhodovibrionaceae,SHVZ01,SMXQ01,Sneathiellaceae,TH1-2,TMED2,Terasakiellaceae,Thalassobaculaceae,Thalassospiraceae,Tistrellaceae,UBA2020,UBA2165,UBA2966,UBA6615,UBA8366,UBA9219,UXAT02,WMHbin7,Zavarziniaceae
flagella_only	55	Acidibacillaceae,Aeribacillaceae,Alicyclobacillaceae,Alkalibacillaceae,Amphibacillaceae,Anaerobacillaceae,Aneurinibacillaceae,Anoxybacillaceae,BH030062,Bacillaceae,Bacillaceae_B,Bacillaceae_C,Bacillaceae_D,Bacillaceae_F,Bacillaceae_H,Bacillaceae_I,Bacillaceae_J,Bacillaceae_L,Bacillaceae_N,Bacillaceae_O,Brevibacillaceae,Caldibacillaceae,DSM-1321,DSM-18226,DSM-22653,DSM-25281,DSM-28697,Desulfuribacillaceae,Domibacillaceae,Effusibacillaceae,Exiguobacteraceae,Fictibacillaceae,HB172195,Halobacillaceae,JACDOC01,JC228,JCM-10596,Jeotgalibacillaceae,K13,Kyrpidiaceae,Marinococcaceae,NBRC-103111,Paenibacillaceae,Planococcaceae,RAOX-1,Reconciliibacillaceae,SA4,SCSIO-06110,Salisediminibacteriaceae,Sporolactobacillaceae,Tepidibacillaceae,Tumebacillaceae,UBA4045,UBA6769,YIM-B00363
flagella_only	55	4484-95,AABM5-125-24,B3-LCP,B5-G15,B68-G9,BMS3Abin05,BMS3BBIN04,CAIWAD01,CAIYYT01,CR04bin15,Calditrichaceae,DREG01,DRLW01,F1-140-MAGs086,FEB-12,GCA-2689995,GWA2-58-10,HRBIN21,Ignavibacteriaceae,J004,J042,JAABVY01,JAAZOE01,JACIZP01,JACNLC01,JACZUZ01,JAFGTP01,JAHJOQ01,JAJRUJ01,JAKASW01,Kryptoniaceae,Latescibacteraceae,Melioribacteraceae,NICIL-2,PGXB01,QNDG01,RPQS01,SORT01,T3Sed10-11,TS1B11,UBA10030,UBA10806,UBA2242,UBA2268,UBA2968,UBA4055,UBA6906,UBA8231,UBA8401,UBA8477,UBA961,UM-FILTER-46-8,WJJR01,WRIO01,Zgenome-0027
gtdb_only	56	Aeribacillaceae,Aerococcaceae,Alkalibacillaceae,Amphibacillaceae,Anaerobacillaceae,Aneurinibacillaceae,Anoxybacillaceae,BH030062,Bacillaceae,Bacillaceae_B,Bacillaceae_C,Bacillaceae_D,Bacillaceae_F,Bacillaceae_G,Bacillaceae_H,Bacillaceae_I,Bacillaceae_J,Bacillaceae_L,Bacillaceae_N,Bacillaceae_O,Brevibacillaceae,Caldibacillaceae,Carnobacteriaceae,DSM-1321,DSM-18226,DSM-22653,DSM-25281,DSM-28697,Domibacillaceae,Enterococcaceae,Erysipelotrichaceae,Exiguobacteraceae,Fictibacillaceae,HB172195,Halobacillaceae,JACDOC01,JC228,JCM-10596,Jeotgalibacillaceae,K13,Lactobacillaceae,Marinococcaceae,NBRC-103111,Paenibacillaceae,Planococcaceae,RAOX-1,Reconciliibacillaceae,SA4,SCSIO-06110,Salisediminibacteriaceae,Sporolactobacillaceae,Tepidibacillaceae,UBA4045,UBA6769,Vagococcaceae,YIM-B00363
flagella_only	56	2-02-FULL-58-16,2-02-FULL-58-16_A,Acetobacteraceae,Azospirillaceae,CACIAM-22H2,CACZRW01,CAG-239,CAG-977,Casp-alpha2,Caulobacteraceae,DSM-21159,Dongiaceae,Elsteraceae,Emcibacteraceae,Ferrovibrionaceae,GCA-2696645,GCA-2717185,GCA-2731375,GCA-2746255,Geminicoccaceae,Inquilinaceae,J090,J153,JAEULC01,Kiloniellaceae,Kordiimonadaceae,Magnetospirillaceae,Magnetovibrionaceae,Maricaulaceae,Micavibrionaceae,Micropepsaceae,Minwuiaceae,Oceanibaculaceae,RFNS01,RGZA01,Rhodospirillaceae,Rhodothalassiaceae,Rhodovibrionaceae,SHVZ01,SMXQ01,Sneathiellaceae,TH1-2,TMED2,Terasakiellaceae,Thalassobaculaceae,Thalassospiraceae,Tistrellaceae,UBA2020,UBA2165,UBA2966,UBA6615,UBA8366,UBA9219,UXAT02,WMHbin7,Zavarziniaceae
gtdb_only	57	Aeribacillaceae,Aerococcaceae,Alkalibacillaceae,Amphibacillaceae,Anaerobacillaceae,Aneurinibacillaceae,Anoxybacillaceae,BH030062,Bacillaceae,Bacillaceae_B,Bacillaceae_C,Bacillaceae_D,Bacillaceae_F,Bacillaceae_G,Bacillaceae_H,Bacillaceae_I,Bacillaceae_J,Bacillaceae_L,Bacillaceae_N,Bacillaceae_O,Brevibacillaceae,Caldibacillaceae,Carnobacteriaceae,DSM-1321,DSM-18226,DSM-22653,DSM-25281,DSM-28697,Desulfuribacillaceae,Domibacillaceae,Enterococcaceae,Erysipelotrichaceae,Exiguobacteraceae,Fictibacillaceae,HB172195,Halobacillaceae,JACDOC01,JC228,JCM-10596,Jeotgalibacillaceae,K13,Lactobacillaceae,Marinococcaceae,NBRC-103111,Paenibacillaceae,Planococcaceae,RAOX-1,Reconciliibacillaceae,SA4,SCSIO-06110,Salisediminibacteriaceae,Sporolactobacillaceae,Tepidibacillaceae,UBA4045,UBA6769,Vagococcaceae,YIM-B00363
flagella_only	57	21-64-14,AK92,AKS1,Acidihalobacteraceae,Aquisalimonadaceae,BW-2,CAIRSR01,CALZJG01,Competibacteraceae,Cycloclasticaceae,DRMK01,DSM-19610,Ectothiorhodospiraceae,GCA-001735895,GCA-2400775,GRL18,Ga007554,Ga0077536,Halorhodospiraceae,Halothiobacillaceae,HyVt-429,J044,JAABTG01,JAADGQ01,JAADHS01,JABDQX01,JABHGC01,JADJWH01,JAFLJP01,JAHJQQ01,JAJPIJ01,Methylococcaceae,Methylomonadaceae,Methylophagaceae,Methylothermaceae,Nitrococcaceae,Nitrosococcaceae,PWYM01,S012-40,SG8-11,SZUA-140,SZUA-152,SZUA-21,SZUA-229,SZUA-76,Sedimenticolaceae,Tenderiaceae,Thioalkalivibrionaceae,Thiohalobacteraceae,Thiohalomonadaceae,UBA2780,UBA4486,UBA5861,UBA6429,UBA6901,VBWC01,XN24
flagella_only	57	ARS1246,Alkalispirochaetaceae,B11-G9,B3-G13,B62-G9,Borreliaceae,Brachyspiraceae,Breznakiellaceae,CADAEX01,CALXOJ01,DRHE01,DSM-19205,DSM-5069,DSM-6578,DYLW01,Fen-1364,Fervidobacteriaceae,Fusobacteriaceae,GWE2-31-10,GWF1-51-8,JAAYUW01,JABEVK01,JABLXN01,JAFGDQ01,JAFGJZ01,JAFGRV01,Leptonemataceae,Leptospiraceae,MWEM01,Marispirochaetaceae,Mesoaciditogaceae,Muirbacteriaceae,Ozemobacteraceae,PWMO01,PXBQ01,Petrotogaceae,RPPD01,Rectinemataceae,SKKC01,SLAA01,SLST01,SZUA-6,Salinispiraceae,Sediminispirochaetaceae,Spirochaetaceae_B,Thermotogaceae,Treponemataceae,Turneriellaceae,UB4802,UBA12059,UBA12178,UBA5368,UBA5550,UBA6191,UBA9216,UBA9980,WRBN01
flagella_only	57	2-02-FULL-58-16,2-02-FULL-58-16_A,Acetobacteraceae,Azospirillaceae,CACIAM-22H2,CACZRW01,CAG-239,CAG-977,Casp-alpha2,Caulobacteraceae,DSM-21159,Dongiaceae,Elsteraceae,Emcibacteraceae,Ferrovibrionaceae,GCA-2696645,GCA-2717185,GCA-2731375,GCA-2746255,Geminicoccaceae,Inquilinaceae,J090,J153,JAEULC01,Kiloniellaceae,Kordiimonadaceae,Magnetospirillaceae,Magnetovibrionaceae,Maricaulaceae,Micavibrionaceae,Micropepsaceae,Minwuiaceae,Oceanibaculaceae,RFNS01,RGZA01,Rhodospirillaceae,Rhodothalassiaceae,Rhodovibrionaceae,SHVZ01,SMXQ01,Sneathiellaceae,Stellaceae,TH1-2,TMED2,Terasakiellaceae,Thalassobaculaceae,Thalassospiraceae,Tistrellaceae,UBA2020,UBA2165,UBA2966,UBA6615,UBA8366,UBA9219,UXAT02,WMHbin7,Zavarziniaceae
gtdb_only	59	Acetobacteraceae,Ancalomicrobiaceae,Azospirillaceae,Beijerinckiaceae,CACIAM-22H2,CGMCC-115125,Caulobacteraceae,Cohaesibacteraceae,DSM-21159,Devosiaceae,Dongiaceae,Elsteraceae,Emcibacteraceae,Ferrovibrionaceae,GCA-2731375,GCA-2746255,GCA-2746425,Geminicoccaceae,Hyphomonadaceae,Inquilinaceae,J090,J153,JAEULC01,JAJFHC01,Kiloniellaceae,Kordiimonadaceae,Magnetospirillaceae,Maricaulaceae,Methylopilaceae,Micropepsaceae,Minwuiaceae,OSC116,Oceanibaculaceae,Parvibaculaceae,Parvularculaceae,Phreatobacteraceae,Pleomorphomonadaceae,RS24,Rhizobiaceae,Rhodobacteraceae,Rhodobiaceae,Rhodospirillaceae,Rhodothalassiaceae,Rhodovibrionaceae,SHVZ01,SMXQ01,Sneathiellaceae,Sphingomonadaceae,Stappiaceae,Stellaceae,TH1-2,Tepidamorphaceae,Tistrellaceae,UBA2964,UBA2966,UBA6615,WMHbin7,Xanthobacteraceae,Zavarziniaceae
flagella_only	59	2-12-FULL-62-27,ARS1246,Alkalispirochaetaceae,B11-G9,B3-G13,B62-G9,Borreliaceae,Brachyspiraceae,Breznakiellaceae,CADAEX01,CALXOJ01,DRHE01,DSM-19205,DSM-5069,DSM-6578,DYLW01,Fen-1364,Fervidobacteriaceae,Fusobacteriaceae,GWE2-31-10,GWF1-51-8,JAAYUW01,JABEVK01,JABLXN01,JAFGDQ01,JAFGJZ01,JAFGRV01,Leptonemataceae,Leptospiraceae,MWEM01,Marispirochaetaceae,Mesoaciditogaceae,Muirbacteriaceae,Ozemobacteraceae,PWMO01,PXBQ01,Petrotogaceae,RPPD01,Rectinemataceae,SKKC01,SLAA01,SLST01,SZUA-6,Salinispiraceae,Sediminispirochaetaceae,Spirochaetaceae_B,T1Sed10-126,Thermotogaceae,Treponemataceae,Turneriellaceae,UB4802,UBA12059,UBA12178,UBA5368,UBA5550,UBA6191,UBA9216,UBA9980,WRBN01
gtdb_only	62	Acidibacillaceae,Aeribacillaceae,Aerococcaceae,Alicyclobacillaceae,Alkalibacillaceae,Amphibacillaceae,Anaerobacillaceae,Aneurinibacillaceae,Anoxybacillaceae,BH030062,Bacillaceae,Bacillaceae_B,Bacillaceae_C,Bacillaceae_D,Bacillaceae_F,Bacillaceae_G,Bacillaceae_H,Bacillaceae_I,Bacillaceae_J,Bacillaceae_L,Bacillaceae_N,Bacillaceae_O,Brevibacillaceae,Caldibacillaceae,Carnobacteriaceae,DSM-1321,DSM-18226,DSM-22653,DSM-25281,DSM-28697,Desulfuribacillaceae,Domibacillaceae,Effusibacillaceae,Enterococcaceae,Erysipelotrichaceae,Exiguobacteraceae,Fictibacillaceae,HB172195,Halobacillaceae,JACDOC01,JC228,JCM-10596,Jeotgalibacillaceae,K13,Kyrpidiaceae,Lactobacillaceae,Marinococcaceae,NBRC-103111,Paenibacillaceae,Planococcaceae,RAOX-1,Reconciliibacillaceae,SA4,SCSIO-06110,Salisediminibacteriaceae,Sporolactobacillaceae,Tepidibacillaceae,Tumebacillaceae,UBA4045,UBA6769,Vagococcaceae,YIM-B00363
flagella_only	62	4484-95,AABM5-125-24,B3-LCP,B5-G15,B68-G9,BMS3Abin05,BMS3BBIN04,CAIWAD01,CAIYYT01,CR04bin15,Calditrichaceae,Chitinispirillaceae,DREG01,DRLW01,F1-140-MAGs086,FEB-12,Fibrobacteraceae,GCA-2689995,GWA2-58-10,HRBIN21,Ignavibacteriaceae,J004,J042,JAABVY01,JAAZOE01,JACIZP01,JACNLC01,JACZUZ01,JAFGTP01,JAHJOQ01,JAJRUJ01,JAKASW01,Kryptoniaceae,Latescibacteraceae,Melioribacteraceae,NICIL-2,PGXB01,QNDG01,RPQS01,SORT01,T3Sed10-11,TS1B11,UBA10030,UBA10806,UBA11236,UBA2242,UBA2268,UBA2968,UBA4055,UBA5070,UBA6906,UBA8231,UBA8401,UBA8477,UBA961,UM-FILTER-46-8,WJJR01,WJKA01,WJMI01,WRFX01,WRIO01,Zgenome-0027
gtdb_only	67	2-02-FULL-58-16,2-02-FULL-58-16_A,Acetobacteraceae,Ancalomicrobiaceae,Azospirillaceae,Beijerinckiaceae,CACIAM-22H2,CGMCC-115125,Casp-alpha2,Caulobacteraceae,Cohaesibacteraceae,DSM-21159,Devosiaceae,Dongiaceae,Elsteraceae,Emcibacteraceae,Ferrovibrionaceae,GCA-2731375,GCA-2746255,GCA-2746425,Geminicoccaceae,Hyphomonadaceae,Inquilinaceae,J090,J153,JAEULC01,JAJFHC01,Kiloniellaceae,Kordiimonadaceae,Magnetospirillaceae,Magnetovibrionaceae,Maricaulaceae,Methylopilaceae,Micropepsaceae,Minwuiaceae,OSC116,Oceanibaculaceae,Parvibaculaceae,Parvularculaceae,Phreatobacteraceae,Pleomorphomonadaceae,RS24,Rhizobiaceae,Rhodobacteraceae,Rhodobiaceae,Rhodospirillaceae,Rhodothalassiaceae,Rhodovibrionaceae,SHVZ01,SMXQ01,Sneathiellaceae,Sphingomonadaceae,Stappiaceae,Stellaceae,TH1-2,Tepidamorphaceae,Terasakiellaceae,Thalassospiraceae,Tistrellaceae,UBA2165,UBA2964,UBA2966,UBA6615,UXAT02,WMHbin7,Xanthobacteraceae,Zavarziniaceae
flagella_only	67	4572-78,70-9,ATM1,Actinomycetaceae,Anaerolineaceae,Baltobacteraceae,CADDYW01,CAIXPF01,CAIYQO01,CAJBBX01,CF-72,CSP1-4,Caldilineaceae,Capsulimonadaceae,Cellulomonadaceae,Chthonomonadaceae,DUEN01,Dermatophilaceae,E44-bin32,EnvOPS12,Euzebyaceae,FW602-bin22,Fimbriimonadaceae,GBS-DC,Gaiellaceae,Geodermatophilaceae,HRBIN16,HRBIN32,Ilumatobacteraceae,J111,JAAZEB01,JACCZL01,JACDGC01,JAJPHF01,JAJYTV01,JAJYVN01,Kineococcaceae,Micrococcaceae,Micromonosporaceae,Microtrichaceae,Miltoncostaeaceae,Motilibacteraceae,Nitriliruptoraceae,Nocardioidaceae,Palsa-688,Pseudonocardiaceae,Quadrisphaeraceae,RAAP-2,RBG-13-55-18,SCRA01,SZUA-35,Solirubrobacteraceae,Streptosporangiaceae,Sulfobacillaceae,TK06,Tepidiformaceae,Thermoleophilaceae,Thermomicrobiaceae,UBA11657,UBA12225,UBA2979,UBA4823,UBA5829,UBA6077,UBA6663,UBA8190,VGOW01
gtdb_only	68	Acidibacillaceae,Aeribacillaceae,Aerococcaceae,Alicyclobacillaceae,Alkalibacillaceae,Amphibacillaceae,Anaerobacillaceae,Aneurinibacillaceae,Anoxybacillaceae,BH030062,Bacillaceae,Bacillaceae_B,Bacillaceae_C,Bacillaceae_D,Bacillaceae_F,Bacillaceae_G,Bacillaceae_H,Bacillaceae_I,Bacillaceae_J,Bacillaceae_L,Bacillaceae_N,Bacillaceae_O,Brevibacillaceae,Caldibacillaceae,Carnobacteriaceae,DSM-1321,DSM-18226,DSM-22653,DSM-25281,DSM-28697,DTU022,Desulfuribacillaceae,Dethiobacteraceae,Domibacillaceae,Effusibacillaceae,Enterococcaceae,Erysipelotrichaceae,Exiguobacteraceae,Fictibacillaceae,HB172195,Halobacillaceae,JACDOC01,JC228,JCM-10596,Jeotgalibacillaceae,K13,Kyrpidiaceae,Lactobacillaceae,Marinococcaceae,NBRC-103111,Natranaerobiaceae,Paenibacillaceae,Planococcaceae,Proteinivoraceae,RAOX-1,Reconciliibacillaceae,SA4,SCSIO-06110,SKNC01,Salisediminibacteriaceae,Sporolactobacillaceae,Tepidibacillaceae,Tumebacillaceae,UBA4045,UBA6769,UBA8154,Vagococcaceae,YIM-B00363
flagella_only	69	2-02-FULL-58-16,2-02-FULL-58-16_A,33-17,Acetobacteraceae,Azospirillaceae,CACIAM-22H2,CACZRW01,CAG-239,CAG-977,Casp-alpha2,Caulobacteraceae,DSM-21159,Dongiaceae,Elsteraceae,Emcibacteraceae,Ferrovibrionaceae,GCA-2696645,GCA-2717185,GCA-2731375,GCA-2746255,Geminicoccaceae,Inquilinaceae,J090,J153,JABCZZ01,JAEULC01,Kiloniellaceae,Kordiimonadaceae,Magnetospirillaceae,Magnetovibrionaceae,Maricaulaceae,Micavibrionaceae,Micropepsaceae,Midichloriaceae,Minwuiaceae,Oceanibaculaceae,RFNS01,RGZA01,Rhodospirillaceae,Rhodothalassiaceae,Rhodovibrionaceae,SHVZ01,SMXQ01,SXRF01,Sneathiellaceae,Stellaceae,TH1-2,TMED2,Terasakiellaceae,Thalassobaculaceae,Thalassospiraceae,Tistrellaceae,UBA1908,UBA2020,UBA2136,UBA2165,UBA2966,UBA3002,UBA6156,UBA6503,UBA6615,UBA8366,UBA9215,UBA9219,UBA998,UXAT02,VGDC01,WMHbin7,Zavarziniaceae
gtdb_only	70	2-02-FULL-58-16,2-02-FULL-58-16_A,Acetobacteraceae,Ancalomicrobiaceae,Azospirillaceae,Beijerinckiaceae,CACIAM-22H2,CGMCC-115125,Casp-alpha2,Caulobacteraceae,Cohaesibacteraceae,DSM-21159,Devosiaceae,Dongiaceae,Elsteraceae,Emcibacteraceae,Ferrovibrionaceae,GCA-2696645,GCA-2717185,GCA-2731375,GCA-2746255,GCA-2746425,Geminicoccaceae,Hyphomonadaceae,Inquilinaceae,J090,J153,JAEULC01,JAJFHC01,Kiloniellaceae,Kordiimonadaceae,Magnetospirillaceae,Magnetovibrionaceae,Maricaulaceae,Methylopilaceae,Micropepsaceae,Minwuiaceae,OSC116,Oceanibaculaceae,Parvibaculaceae,Parvularculaceae,Phreatobacteraceae,Pleomorphomonadaceae,RS24,Rhizobiaceae,Rhodobacteraceae,Rhodobiaceae,Rhodospirillaceae,Rhodothalassiaceae,Rhodovibrionaceae,SHVZ01,SMXQ01,Sneathiellaceae,Sphingomonadaceae,Stappiaceae,Stellaceae,TH1-2,Tepidamorphaceae,Terasakiellaceae,Thalassospiraceae,Tistrellaceae,UBA2165,UBA2964,UBA2966,UBA6615,UBA8366,UXAT02,WMHbin7,Xanthobacteraceae,Zavarziniaceae
gtdb_only	73	AAA164-E04,Anaerohalosphaeraceae,Anammoxibacteraceae,BJHT01,Brocadiaceae,CAIMTB01,CAIVHJ01,CAIYYI01,Chthoniobacteraceae,DRQF01,FEN-1343,FEN-1346,Fen-1342,GCA-002686595,GCA-002687715,GCA-002748355,GWF2-45-14,Gemmataceae,J058,J093,JAACEH01,JAAYCJ01,JACQFD01,JADJEK01,JADJPG01,JAEUIK01,JAJFLO01,Lacipirellulaceae,Lentisphaeraceae,NGM72-4,Opitutaceae,PNKZ01,PWPN01,Palsa-1400,Pan216,Phycisphaeraceae,Pirellulaceae,Planctomycetaceae,Pontiellaceae,RI-55,SG8-4,SIBE01,SM1A02,SM23-30,SM23-32,SM23-33,SXTU01,SZUA-371,SZUA-567,Scalinduaceae,Tepidisphaeraceae,Terrimicrobiaceae,Thermoguttaceae,UBA1096,UBA1100,UBA11320,UBA11346,UBA11358,UBA12454,UBA1319,UBA1321,UBA1845,UBA1924,UBA2386,UBA2392,UBA5793,UBA8199,UBA9464,UTPLA1,Verruco-01,WQYP01,WSZJ01,Zrk34
gtdb_only	73	Acidibacillaceae,Aeribacillaceae,Aerococcaceae,Alicyclobacillaceae,Alkalibacillaceae,Amphibacillaceae,Anaerobacillaceae,Aneurinibacillaceae,Anoxybacillaceae,BH030062,Bacillaceae,Bacillaceae_B,Bacillaceae_C,Bacillaceae_D,Bacillaceae_F,Bacillaceae_G,Bacillaceae_H,Bacillaceae_I,Bacillaceae_J,Bacillaceae_L,Bacillaceae_N,Bacillaceae_O,Brevibacillaceae,Caldibacillaceae,Carnobacteriaceae,DSM-1321,DSM-18226,DSM-22653,DSM-25281,DSM-28697,DTU022,DTU030,DUMP01,Desulfuribacillaceae,Dethiobacteraceae,Domibacillaceae,Effusibacillaceae,Enterococcaceae,Erysipelotrichaceae,Exiguobacteraceae,Fictibacillaceae,HB172195,Halobacillaceae,JACDOC01,JC228,JCM-10596,Jeotgalibacillaceae,K13,Kyrpidiaceae,Lactobacillaceae,Marinococcaceae,NBRC-103111,Natranaerobiaceae,PWPR01,Paenibacillaceae,Planococcaceae,Proteinivoraceae,RAOX-1,Reconciliibacillaceae,SA4,SCSIO-06110,SKNC01,Salisediminibacteriaceae,Sporolactobacillaceae,Tepidibacillaceae,Tumebacillaceae,UBA4045,UBA5500,UBA6769,UBA8154,UBA994,Vagococcaceae,YIM-B00363
flagella_only	73	Acetivibrionaceae,Acidaminobacteraceae,Acutalibacteraceae,Anaerotignaceae,Anaerovoracaceae,Butyricicoccaceae,CAG-138,CAG-272,CAG-274,CAG-382,CAG-74,Caldanaerobiaceae,Caldicellulosiruptoraceae,Caldicoprobacteraceae,Caminicellaceae,Cellulosilyticaceae,Ch29,Christensenellaceae,DSM-24629,DSM-27016,DSM-2933,DSM-8532,DTU013,DUMB01,DUMC01,DUPL01,Defluviitaleaceae,Erysipelotrichaceae,Ethanoligenenaceae,Eubacteriaceae,Filifactoraceae,Gottschalkiaceae,JAAYNZ01,JANLFN01,Koleobacteraceae,Lachnospiraceae,Lutisporaceae,Mahellaceae,Natronincolaceae,Oscillospiraceae,PWPR01,Proteiniboraceae,QPJT01,RGIG9151,Ruminococcaceae,SIT17,SK-Y3,SZUA-584,Sedimentibacteraceae,Sporanaerobacteraceae,T1SED10-28,Tepidanaerobacteraceae,Tepidimicrobiaceae,Thermoanaerobacteraceae,Thermohalobacteraceae,Thermosediminibacteraceae,Thermotaleaceae,Tindalliaceae,Tissierellaceae,UBA12420,UBA1381,UBA3941,UBA4068,UBA5734,UBA5745,UBA5962,UBA929,UMGS416,Vallitaleaceae,WQUN01,WRAA01,WRAX01,Xylanivirgaceae
flagella_only	73	21-64-14,AK92,AKS1,Acidihalobacteraceae,Ahniellaceae,Algiphilaceae,Aquisalimonadaceae,BW-2,CAIRSR01,CALZJG01,Competibacteraceae,Cycloclasticaceae,DRMK01,DSM-19610,Ectothiorhodospiraceae,GCA-001735895,GCA-2400775,GCA-2729495,GRL18,Ga007554,Ga0077536,Halorhodospiraceae,Halothiobacillaceae,HyVt-429,Immundisolibacteraceae,J044,JAABTG01,JAADGQ01,JAADHS01,JABDKV01,JABDQX01,JABHGC01,JADJWH01,JAFLJP01,JAHJQQ01,JAJPIJ01,Methylococcaceae,Methylomonadaceae,Methylophagaceae,Methylothermaceae,Nevskiaceae,Nitrococcaceae,Nitrosococcaceae,Oceanococcaceae,PWYM01,Rhodanobacteraceae,S012-40,SG8-11,SLND01,SZUA-140,SZUA-152,SZUA-21,SZUA-229,SZUA-76,Sedimenticolaceae,Spongiibacteraceae,Steroidobacteraceae,Tenderiaceae,Thioalkalivibrionaceae,Thiohalobacteraceae,Thiohalomonadaceae,UBA2780,UBA4486,UBA5335,UBA5861,UBA6429,UBA6522,UBA6901,VBWC01,Wenzhouxiangellaceae,Woeseiaceae,XN24,Xanthomonadaceae
gtdb_only	74	2-02-FULL-58-16,2-02-FULL-58-16_A,Acetobacteraceae,Ancalomicrobiaceae,Azospirillaceae,Beijerinckiaceae,CACIAM-22H2,CGMCC-115125,Casp-alpha2,Caulobacteraceae,Cohaesibacteraceae,DSM-21159,Devosiaceae,Dongiaceae,Elsteraceae,Emcibacteraceae,Ferrovibrionaceae,GCA-002684695,GCA-2696645,GCA-2717185,GCA-2731375,GCA-2746255,GCA-2746425,Geminicoccaceae,Hyphomonadaceae,Inquilinaceae,J090,J153,JAEULC01,JAJFHC01,Kiloniellaceae,Kordiimonadaceae,Magnetospirillaceae,Magnetovibrionaceae,Maricaulaceae,Methylopilaceae,Micropepsaceae,Minwuiaceae,OSC116,Oceanibaculaceae,Parvibaculaceae,Parvularculaceae,Phreatobacteraceae,Pleomorphomonadaceae,Puniceispirillaceae,RS24,Rhizobiaceae,Rhodobacteraceae,Rhodobiaceae,Rhodospirillaceae,Rhodothalassiaceae,Rhodovibrionaceae,SHVZ01,SMXQ01,Sneathiellaceae,Sphingomonadaceae,Stappiaceae,Stellaceae,TH1-2,Tepidamorphaceae,Terasakiellaceae,Thalassobaculaceae,Thalassospiraceae,Tistrellaceae,UBA1172,UBA2165,UBA2964,UBA2966,UBA6615,UBA8366,UXAT02,WMHbin7,Xanthobacteraceae,Zavarziniaceae
flagella_only	74	4484-95,AABM5-125-24,B3-LCP,B5-G15,B68-G9,BMS3Abin05,BMS3BBIN04,Balneolaceae,CAIMUX01,CAIWAD01,CAIYYT01,CR04bin15,Calditrichaceae,Chitinispirillaceae,Cyclonatronaceae,DREG01,DRLW01,F1-140-MAGs086,FEB-12,Fibrobacteraceae,GCA-2689995,GWA2-58-10,HLUCCA01,HRBIN21,Ignavibacteriaceae,J004,J042,JAABVY01,JAAZOE01,JABDJQ01,JACIZP01,JACNKJ01,JACNLC01,JACZUZ01,JAFGTP01,JAHJOQ01,JAJRUJ01,JAKASW01,Krumholzibacteriaceae,Kryptoniaceae,LZORAL124-64-63,Latescibacteraceae,Melioribacteraceae,NICIL-2,Natronogracilivirgulaceae,PGXB01,QNDG01,RPQS01,Rhodothermaceae,SORT01,Salinibacteraceae,T3Sed10-11,TS1B11,UBA10030,UBA10806,UBA11236,UBA2242,UBA2268,UBA2968,UBA4055,UBA5070,UBA6906,UBA8231,UBA8401,UBA8477,UBA961,UM-FILTER-46-8,WJJG01,WJJR01,WJKA01,WJMI01,WRFX01,WRIO01,Zgenome-0027
flagella_only	74	21-64-14,AK92,AKS1,Acidihalobacteraceae,Ahniellaceae,Algiphilaceae,Aquisalimonadaceae,BW-2,CAIRSR01,CALZJG01,Chromatiaceae,Competibacteraceae,Cycloclasticaceae,DRMK01,DSM-19610,Ectothiorhodospiraceae,GCA-001735895,GCA-2400775,GCA-2729495,GRL18,Ga007554,Ga0077536,Halorhodospiraceae,Halothiobacillaceae,HyVt-429,Immundisolibacteraceae,J044,JAABTG01,JAADGQ01,JAADHS01,JABDKV01,JABDQX01,JABHGC01,JADJWH01,JAFLJP01,JAHJQQ01,JAJPIJ01,Methylococcaceae,Methylomonadaceae,Methylophagaceae,Methylothermaceae,Nevskiaceae,Nitrococcaceae,Nitrosococcaceae,Oceanococcaceae,PWYM01,Rhodanobacteraceae,S012-40,SG8-11,SLND01,SZUA-140,SZUA-152,SZUA-21,SZUA-229,SZUA-76,Sedimenticolaceae,Spongiibacteraceae,Steroidobacteraceae,Tenderiaceae,Thioalkalivibrionaceae,Thiohalobacteraceae,Thiohalomonadaceae,UBA2780,UBA4486,UBA5335,UBA5861,UBA6429,UBA6522,UBA6901,VBWC01,Wenzhouxiangellaceae,Woeseiaceae,XN24,Xanthomonadaceae
gtdb_only	76	21-64-14,AK92,AKS1,Acidihalobacteraceae,Ahniellaceae,Algiphilaceae,Aquisalimonadaceae,BW-2,CAIRSR01,CALZJG01,Chromatiaceae,Competibacteraceae,Cycloclasticaceae,DRMK01,DSM-19610,Ectothiorhodospiraceae,GCA-001735895,GCA-2400775,GCA-2729495,GCF-002020875,GRL18,Ga007554,Ga0077536,Granulosicoccaceae,Halorhodospiraceae,Halothiobacillaceae,J044,JAABTG01,JAADGQ01,JAADHS01,JABDKV01,JABDQX01,JABHGC01,JADJWH01,JAFLJP01,JAHJQQ01,JAJPIJ01,Methylococcaceae,Methylomonadaceae,Methylophagaceae,Methylothermaceae,Nevskiaceae,Nitrococcaceae,Nitrosococcaceae,Oceanococcaceae,PWYM01,QZLD01,Rhodanobacteraceae,S012-40,SG8-11,SLND01,SZUA-140,SZUA-152,SZUA-21,SZUA-229,SZUA-76,Salinisphaeraceae,Sedimenticolaceae,Steroidobacteraceae,Tenderiaceae,Thioalkalivibrionaceae,Thiohalobacteraceae,Thiohalomonadaceae,UBA2780,UBA4486,UBA4575,UBA5335,UBA5861,UBA6429,UBA6522,UWMA-0217,VBWC01,Wenzhouxiangellaceae,Woeseiaceae,XN24,Xanthomonadaceae
gtdb_only	76	Acetivibrionaceae,Acidaminobacteraceae,Acutalibacteraceae,Alkalibacteraceae,Anaerotignaceae,Anaerovoracaceae,BM714,Butyricicoccaceae,CAG-138,CAG-272,CAG-274,CAG-382,CAG-74,Caldicoprobacteraceae,Caloramatoraceae,Caminicellaceae,Cellulosilyticaceae,Ch29,Christensenellaceae,Clostridiaceae,DSM-24629,DSM-27016,DSM-2933,DSM-8532,DTU013,DTU083,DUMB01,DUMC01,DUPL01,Defluviitaleaceae,Ethanoligenenaceae,Eubacteriaceae,Filifactoraceae,Garciellaceae,Gottschalkiaceae,JAAYNZ01,JAAYPU01,JANLFN01,Lachnospiraceae,Lutisporaceae,MES13,Mahellaceae,Natronincolaceae,Oscillospiraceae,Oxobacteraceae,Peptostreptococcaceae,Proteiniboraceae,QPJT01,RGIG9151,Ruminococcaceae,SIT17,SK-Y3,SZUA-584,Sedimentibacteraceae,Sporanaerobacteraceae,T1SED10-28,Tepidimicrobiaceae,Thermohalobacteraceae,Thermotaleaceae,Tindalliaceae,Tissierellaceae,Tissierellaceae_A,Tissierellaceae_B,Tissierellaceae_C,UBA12420,UBA1381,UBA3941,UBA5734,UBA5962,UBA929,UMGS416,Vallitaleaceae,WQUN01,WRAA01,WRAX01,Xylanivirgaceae
flagella_only	76	21-64-14,AK92,AKS1,Acidihalobacteraceae,Ahniellaceae,Algiphilaceae,Aquisalimonadaceae,BW-2,CAIRSR01,CALZJG01,Chromatiaceae,Competibacteraceae,Cycloclasticaceae,DRMK01,DSM-19610,Ectothiorhodospiraceae,GCA-001735895,GCA-2400775,GCA-2729495,GCF-002020875,GRL18,Ga007554,Ga0077536,Halorhodospiraceae,Halothiobacillaceae,HyVt-429,Immundisolibacteraceae,J044,JAABTG01,JAADGQ01,JAADHS01,JABDKV01,JABDQX01,JABHGC01,JADJWH01,JAFLJP01,JAHJQQ01,JAJPIJ01,Methylococcaceae,Methylomonadaceae,Methylophagaceae,Methylothermaceae,Nevskiaceae,Nitrococcaceae,Nitrosococcaceae,Oceanococcaceae,PWYM01,Rhodanobacteraceae,S012-40,SG8-11,SLND01,SZUA-140,SZUA-152,SZUA-21,SZUA-229,SZUA-76,Sedimenticolaceae,Spongiibacteraceae,Steroidobacteraceae,Tenderiaceae,Thioalkalivibrionaceae,Thiohalobacteraceae,Thiohalomonadaceae,Thiomicrospiraceae,UBA2780,UBA4486,UBA5335,UBA5861,UBA6429,UBA6522,UBA6901,VBWC01,Wenzhouxiangellaceae,Woeseiaceae,XN24,Xanthomonadaceae
flagella_only	76	4572-78,70-9,ATM1,Actinomycetaceae,Anaerolineaceae,Baltobacteraceae,CADDYW01,CAIXPF01,CAIYQO01,CAJBBX01,CF-72,CSP1-4,Caldilineaceae,Capsulimonadaceae,Cellulomonadaceae,Chthonomonadaceae,DUEN01,Dermatophilaceae,E44-bin32,EnvOPS12,Euzebyaceae,FEN-1173,FW602-bin22,Fimbriimonadaceae,GBS-DC,Gaiellaceae,Geodermatophilaceae,HRBIN16,HRBIN17,HRBIN32,Ilumatobacteraceae,J111,JAAXVQ01,JAAZEB01,JABUFB01,JACCZL01,JACDGC01,JADMJV01,JAJPHF01,JAJTBE01,JAJYTV01,JAJYVN01,Kineococcaceae,Micrococcaceae,Micromonosporaceae,Microtrichaceae,Miltoncostaeaceae,Motilibacteraceae,Nitriliruptoraceae,Nocardioidaceae,Palsa-688,Pseudonocardiaceae,Quadrisphaeraceae,RAAP-2,RBG-13-55-18,RGZZ01,SCRA01,SZUA-35,Solirubrobacteraceae,Streptosporangiaceae,Sulfobacillaceae,TK06,Tepidiformaceae,Thermoleophilaceae,Thermomicrobiaceae,UBA10988,UBA11657,UBA12225,UBA2979,UBA4823,UBA5352,UBA5829,UBA6077,UBA6663,UBA8190,VGOW01
flagella_only	77	4484-95,AABM5-125-24,B28-G17,B3-LCP,B5-G15,B68-G9,BMS3Abin05,BMS3BBIN04,Balneolaceae,CAIMUX01,CAIWAD01,CAIYYT01,CR04bin15,Calditrichaceae,Chitinispirillaceae,Cyclonatronaceae,DREG01,DRLW01,F1-140-MAGs086,FEB-12,Fibrobacteraceae,GCA-2687025,GCA-2689995,GWA2-58-10,HLUCCA01,HRBIN21,Ignavibacteriaceae,J004,J042,JAABVY01,JAAZOE01,JABDJQ01,JACIZP01,JACNKJ01,JACNLC01,JACZUZ01,JAFGTP01,JAHJOQ01,JAJRUJ01,JAKASW01,Krumholzibacteriaceae,Kryptoniaceae,LZORAL124-64-63,Latescibacteraceae,Melioribacteraceae,NICIL-2,Natronogracilivirgulaceae,PGXB01,QNDG01,RPQS01,Rhodothermaceae,SORT01,Salinibacteraceae,T3Sed10-11,TS1B11,UBA10030,UBA10806,UBA11236,UBA2242,UBA2268,UBA2968,UBA4055,UBA5070,UBA6906,UBA8231,UBA8401,UBA8477,UBA961,UBA9662,UM-FILTER-46-8,WJJG01,WJJR01,WJKA01,WJMI01,WRFX01,WRIO01,Zgenome-0027
flagella_only	77	4572-78,70-9,ATM1,Actinomycetaceae,Anaerolineaceae,Baltobacteraceae,CADDYW01,CAIXPF01,CAIYQO01,CAJBBX01,CF-72,CSP1-4,Caldilineaceae,Capsulimonadaceae,Cellulomonadaceae,Chthonomonadaceae,DUEN01,Dermatophilaceae,E44-bin32,EnvOPS12,Euzebyaceae,FEN-1173,FW602-bin22,Fimbriimonadaceae,GBS-DC,Gaiellaceae,Geodermatophilaceae,HRBIN16,HRBIN17,HRBIN32,Ilumatobacteraceae,J111,JAAXVQ01,JAAZEB01,JABUFB01,JACCZL01,JACDGC01,JADMJV01,JAJPHF01,JAJTBE01,JAJYTV01,JAJYVN01,Kineococcaceae,Micrococcaceae,Micromonosporaceae,Microtrichaceae,Miltoncostaeaceae,Motilibacteraceae,Nitriliruptoraceae,Nocardioidaceae,Palsa-688,Pseudonocardiaceae,Quadrisphaeraceae,RAAP-2,RBG-13-55-18,RGZZ01,SCRA01,SZUA-35,Solirubrobacteraceae,Streptosporangiaceae,Sulfobacillaceae,TK06,Tepidiformaceae,Thermodesulfobiaceae,Thermoleophilaceae,Thermomicrobiaceae,UBA10988,UBA11657,UBA12225,UBA2979,UBA4823,UBA5352,UBA5829,UBA6077,UBA6663,UBA8190,VGOW01
gtdb_only	79	Acetivibrionaceae,Acidaminobacteraceae,Acutalibacteraceae,Alkalibacteraceae,Anaerotignaceae,Anaerovoracaceae,BM714,Butyricicoccaceae,CAG-138,CAG-272,CAG-274,CAG-382,CAG-74,Caldanaerobiaceae,Caldicellulosiruptoraceae,Caldicoprobacteraceae,Caloramatoraceae,Caminicellaceae,Cellulosilyticaceae,Ch29,Christensenellaceae,Clostridiaceae,DSM-24629,DSM-27016,DSM-2933,DSM-8532,DTU013,DTU083,DUMB01,DUMC01,DUPL01,Defluviitaleaceae,Ethanoligenenaceae,Eubacteriaceae,Filifactoraceae,Garciellaceae,Gottschalkiaceae,JAAYNZ01,JAAYPU01,JANLFN01,Lachnospiraceae,Lutisporaceae,MES13,Mahellaceae,Natronincolaceae,Oscillospiraceae,Oxobacteraceae,Peptostreptococcaceae,Proteiniboraceae,QPJT01,RGIG9151,Ruminococcaceae,SIT17,SK-Y3,SZUA-584,Sedimentibacteraceae,Sporanaerobacteraceae,T1SED10-28,Tepidimicrobiaceae,Thermoanaerobacteraceae,Thermohalobacteraceae,Thermotaleaceae,Tindalliaceae,Tissierellaceae,Tissierellaceae_A,Tissierellaceae_B,Tissierellaceae_C,UBA12420,UBA1381,UBA3941,UBA5734,UBA5962,UBA929,UMGS416,Vallitaleaceae,WQUN01,WRAA01,WRAX01,Xylanivirgaceae
flagella_only	79	21-64-14,AK92,AKS1,Acidihalobacteraceae,Ahniellaceae,Algiphilaceae,Aquisalimonadaceae,BW-2,CAIRSR01,CALZJG01,Chromatiaceae,Competibacteraceae,Cycloclasticaceae,DRMK01,DSM-19610,Ectothiorhodospiraceae,GCA-001735895,GCA-2400775,GCA-2729495,GCF-002020875,GRL18,Ga007554,Ga0077536,Granulosicoccaceae,Halorhodospiraceae,Halothiobacillaceae,HyVt-429,Immundisolibacteraceae,J044,JAABTG01,JAADGQ01,JAADHS01,JABDKV01,JABDQX01,JABHGC01,JADJWH01,JAFLJP01,JAHJQQ01,JAJPIJ01,Methylococcaceae,Methylomonadaceae,Methylophagaceae,Methylothermaceae,Nevskiaceae,Nitrococcaceae,Nitrosococcaceae,Oceanococcaceae,PWYM01,Rhodanobacteraceae,S012-40,SG8-11,SLND01,SZUA-140,SZUA-152,SZUA-21,SZUA-229,SZUA-76,Sedimenticolaceae,Spongiibacteraceae,Steroidobacteraceae,Tenderiaceae,Thioalkalivibrionaceae,Thiohalobacteraceae,Thiohalomonadaceae,Thiomicrospiraceae,UBA2780,UBA4486,UBA4575,UBA5335,UBA5861,UBA6429,UBA6522,UBA6901,UWMA-0217,VBWC01,Wenzhouxiangellaceae,Woeseiaceae,XN24,Xanthomonadaceae
gtdb_only	80	4484-95,AABM5-125-24,B3-LCP,B5-G15,B68-G9,BMS3Abin05,BMS3BBIN04,Balneolaceae,CAIMUX01,CAIWAD01,CAIYYT01,CR04bin15,Calditrichaceae,Chitinispirillaceae,Cyclonatronaceae,DREG01,DRLW01,F1-140-MAGs086,FEB-12,Fibrobacteraceae,Flavobacteriaceae,GCA-2689995,GWA2-58-10,GWC2-71-9,Gemmatimonadaceae,HLUCCA01,HRBIN21,Ignavibacteriaceae,J004,J042,JAABVY01,JAAZOE01,JABDJQ01,JACIZP01,JACNKJ01,JACNLC01,JACZUZ01,JAFGTP01,JAHJOQ01,JAJRUJ01,JAKASW01,Krumholzibacteriaceae,Kryptoniaceae,LZORAL124-64-63,Latescibacteraceae,Melioribacteraceae,NICIL-2,Natronogracilivirgulaceae,PGXB01,QNDG01,RBG-16-71-46,RPQS01,RSA9,Rhodothermaceae,SORT01,Salinibacteraceae,T3Sed10-11,TS1B11,UBA10030,UBA10806,UBA11236,UBA2242,UBA2268,UBA2968,UBA4055,UBA5070,UBA6906,UBA6960,UBA8231,UBA8401,UBA8477,UBA961,UM-FILTER-46-8,WJJG01,WJJR01,WJKA01,WJMI01,WRFX01,WRIO01,Zgenome-0027
gtdb_only	80	2-02-FULL-58-16,2-02-FULL-58-16_A,Acetobacteraceae,Ancalomicrobiaceae,Azospirillaceae,Beijerinckiaceae,CACIAM-22H2,CGMCC-115125,Casp-alpha2,Caulobacteraceae,Cohaesibacteraceae,DSM-21159,Devosiaceae,Dongiaceae,Elsteraceae,Emcibacteraceae,Ferrovibrionaceae,GCA-002684695,GCA-2696645,GCA-2717185,GCA-2731375,GCA-2746255,GCA-2746425,Geminicoccaceae,Hyphomonadaceae,Inquilinaceae,J090,J153,JAEULC01,JAJFHC01,Kiloniellaceae,Kordiimonadaceae,Magnetospirillaceae,Magnetovibrionaceae,Maricaulaceae,Methylopilaceae,Micavibrionaceae,Micropepsaceae,Minwuiaceae,OSC116,Oceanibaculaceae,Parvibaculaceae,Parvularculaceae,Phreatobacteraceae,Pleomorphomonadaceae,Puniceispirillaceae,RFNS01,RGZA01,RS24,Rhizobiaceae,Rhodobacteraceae,Rhodobiaceae,Rhodospirillaceae,Rhodothalassiaceae,Rhodovibrionaceae,SHVZ01,SMXQ01,Sneathiellaceae,Sphingomonadaceae,Stappiaceae,Stellaceae,TH1-2,TMED2,Tepidamorphaceae,Terasakiellaceae,Thalassobaculaceae,Thalassospiraceae,Tistrellaceae,UBA1172,UBA2020,UBA2165,UBA2964,UBA2966,UBA6615,UBA8366,UBA9219,UXAT02,WMHbin7,Xanthobacteraceae,Zavarziniaceae
flagella_only	80	4572-78,70-9,ATM1,Actinomycetaceae,Anaerolineaceae,Baltobacteraceae,CADDYW01,CAIXPF01,CAIYQO01,CAJBBX01,CF-72,CSP1-4,Caldilineaceae,Capsulimonadaceae,Cellulomonadaceae,Chthonomonadaceae,DUEN01,Dermatophilaceae,E44-bin32,EnvOPS12,Euzebyaceae,FEN-1173,FW602-bin22,Fimbriimonadaceae,GBS-DC,Gaiellaceae,Geodermatophilaceae,HRBIN16,HRBIN17,HRBIN32,Ilumatobacteraceae,J111,JAAXVQ01,JAAZEB01,JABUFB01,JACCZL01,JACDGC01,JADMJV01,JAJPHF01,JAJTBE01,JAJYTV01,JAJYVN01,Kineococcaceae,Micrococcaceae,Micromonosporaceae,Microtrichaceae,Miltoncostaeaceae,Motilibacteraceae,Nitriliruptoraceae,Nocardioidaceae,Palsa-688,Pseudonocardiaceae,Quadrisphaeraceae,RAAP-2,RBG-13-55-18,RGZZ01,SCRA01,SZUA-35,Solirubrobacteraceae,Streptosporangiaceae,Sulfobacillaceae,TK06,Tepidiformaceae,Thermodesulfobiaceae,Thermoleophilaceae,Thermomicrobiaceae,UBA10988,UBA11657,UBA12225,UBA2979,UBA4093,UBA4823,UBA5352,UBA5829,UBA6077,UBA6663,UBA7694,UBA8190,VGJW01,VGOW01
gtdb_only	82	Acetivibrionaceae,Acidaminobacteraceae,Acutalibacteraceae,Alkalibacteraceae,Anaerotignaceae,Anaerovoracaceae,BM714,Butyricicoccaceae,CAG-138,CAG-272,CAG-274,CAG-382,CAG-74,Caldanaerobiaceae,Caldicellulosiruptoraceae,Caldicoprobacteraceae,Caloramatoraceae,Caminicellaceae,Cellulosilyticaceae,Ch29,Christensenellaceae,Clostridiaceae,DSM-24629,DSM-27016,DSM-2933,DSM-8532,DTU013,DTU083,DUMB01,DUMC01,DUPL01,Defluviitaleaceae,Ethanoligenenaceae,Eubacteriaceae,Filifactoraceae,Garciellaceae,Gottschalkiaceae,JAAYNZ01,JAAYPU01,JANLFN01,Koleobacteraceae,Lachnospiraceae,Lutisporaceae,MES13,Mahellaceae,Natronincolaceae,Oscillospiraceae,Oxobacteraceae,Peptostreptococcaceae,Proteiniboraceae,QPJT01,RGIG9151,Ruminococcaceae,SIT17,SK-Y3,SZUA-584,Sedimentibacteraceae,Sporanaerobacteraceae,T1SED10-28,Tepidanaerobacteraceae,Tepidimicrobiaceae,Thermoanaerobacteraceae,Thermohalobacteraceae,Thermosediminibacteraceae,Thermotaleaceae,Tindalliaceae,Tissierellaceae,Tissierellaceae_A,Tissierellaceae_B,Tissierellaceae_C,UBA12420,UBA1381,UBA3941,UBA5734,UBA5962,UBA929,UMGS416,Vallitaleaceae,WQUN01,WRAA01,WRAX01,Xylanivirgaceae
gtdb_only	82	2-02-FULL-58-16,2-02-FULL-58-16_A,Acetobacteraceae,Ancalomicrobiaceae,Azospirillaceae,Beijerinckiaceae,CACIAM-22H2,CGMCC-115125,Casp-alpha2,Caulobacteraceae,Cohaesibacteraceae,DSM-21159,Devosiaceae,Dongiaceae,Elsteraceae,Emcibacteraceae,Ferrovibrionaceae,GCA-002684695,GCA-2696645,GCA-2717185,GCA-2731375,GCA-2746255,GCA-2746425,Geminicoccaceae,Hyphomonadaceae,Inquilinaceae,J090,J153,JAEULC01,JAJFHC01,Kiloniellaceae,Kordiimonadaceae,Magnetospirillaceae,Magnetovibrionaceae,Maricaulaceae,Methylopilaceae,Micavibrionaceae,Micropepsaceae,Minwuiaceae,OSC116,Oceanibaculaceae,Parvibaculaceae,Parvularculaceae,Phreatobacteraceae,Pleomorphomonadaceae,Puniceispirillaceae,RFNS01,RGZA01,RS24,Rhizobiaceae,Rhodobacteraceae,Rhodobiaceae,Rhodospirillaceae,Rhodothalassiaceae,Rhodovibrionaceae,SHVZ01,SMXQ01,Sneathiellaceae,Sphingomonadaceae,Stappiaceae,Stellaceae,TH1-2,TMED2,Tepidamorphaceae,Terasakiellaceae,Thalassobaculaceae,Thalassospiraceae,Tistrellaceae,UBA1172,UBA1908,UBA2020,UBA2165,UBA2964,UBA2966,UBA6615,UBA8366,UBA9215,UBA9219,UXAT02,WMHbin7,Xanthobacteraceae,Zavarziniaceae
flagella_only	89	2-02-FULL-58-16,2-02-FULL-58-16_A,33-17,Acetobacteraceae,Ancalomicrobiaceae,Azospirillaceae,Beijerinckiaceae,CACIAM-22H2,CACZRW01,CAG-239,CAG-977,CGMCC-115125,Casp-alpha2,Caulobacteraceae,Cohaesibacteraceae,DSM-21159,Devosiaceae,Dongiaceae,Elsteraceae,Emcibacteraceae,Ferrovibrionaceae,GCA-2696645,GCA-2717185,GCA-2731375,GCA-2746255,GCA-2746425,Geminicoccaceae,Hyphomonadaceae,Inquilinaceae,J090,J153,JABCZZ01,JAEULC01,JAJFHC01,Kiloniellaceae,Kordiimonadaceae,Magnetospirillaceae,Magnetovibrionaceae,Maricaulaceae,Methylopilaceae,Micavibrionaceae,Micropepsaceae,Midichloriaceae,Minwuiaceae,OSC116,Oceanibaculaceae,Parvibaculaceae,Parvularculaceae,Phreatobacteraceae,Pleomorphomonadaceae,RFNS01,RGZA01,Rhizobiaceae,Rhodobacteraceae,Rhodobiaceae,Rhodospirillaceae,Rhodothalassiaceae,Rhodovibrionaceae,SHVZ01,SMXQ01,SXRF01,Sneathiellaceae,Stappiaceae,Stellaceae,TH1-2,TMED2,Tepidamorphaceae,Terasakiellaceae,Thalassobaculaceae,Thalassospiraceae,Tistrellaceae,UBA1908,UBA2020,UBA2136,UBA2165,UBA2966,UBA3002,UBA6156,UBA6503,UBA6615,UBA8366,UBA9215,UBA9219,UBA998,UXAT02,VGDC01,WMHbin7,Xanthobacteraceae,Zavarziniaceae
gtdb_only	90	2-02-FULL-58-16,2-02-FULL-58-16_A,33-17,Acetobacteraceae,Ancalomicrobiaceae,Azospirillaceae,Beijerinckiaceae,CACIAM-22H2,CGMCC-115125,Casp-alpha2,Caulobacteraceae,Cohaesibacteraceae,DSM-21159,Devosiaceae,Dongiaceae,Elsteraceae,Emcibacteraceae,Ferrovibrionaceae,GCA-002684695,GCA-2696645,GCA-2717185,GCA-2731375,GCA-2746255,GCA-2746425,Geminicoccaceae,Hyphomonadaceae,Inquilinaceae,J090,J153,JABCZZ01,JAEULC01,JAJFHC01,Kiloniellaceae,Kordiimonadaceae,Magnetospirillaceae,Magnetovibrionaceae,Maricaulaceae,Methylopilaceae,Micavibrionaceae,Micropepsaceae,Midichloriaceae,Minwuiaceae,OSC116,Oceanibaculaceae,Parvibaculaceae,Parvularculaceae,Phreatobacteraceae,Pleomorphomonadaceae,Puniceispirillaceae,RFNS01,RGZA01,RS24,Rhizobiaceae,Rhodobacteraceae,Rhodobiaceae,Rhodospirillaceae,Rhodothalassiaceae,Rhodovibrionaceae,SHVZ01,SMXQ01,SXRF01,Sneathiellaceae,Sphingomonadaceae,Stappiaceae,Stellaceae,TH1-2,TMED127,TMED2,Tepidamorphaceae,Terasakiellaceae,Thalassobaculaceae,Thalassospiraceae,Tistrellaceae,UBA1172,UBA1908,UBA2020,UBA2165,UBA2964,UBA2966,UBA3002,UBA6615,UBA8366,UBA9215,UBA9219,UBA998,UXAT02,VGDC01,WMHbin7,Xanthobacteraceae,Zavarziniaceae
gtdb_only	91	4484-95,AABM5-125-24,B28-G17,B3-LCP,B5-G15,B68-G9,BMS3Abin05,BMS3BBIN04,Balneolaceae,CAIMUX01,CAIWAD01,CAIYYT01,CR04bin15,Calditrichaceae,Chitinispirillaceae,Cyclonatronaceae,DREG01,DRLW01,F1-140-MAGs086,FEB-12,Fibrobacteraceae,Flavobacteriaceae,GCA-2687025,GCA-2689995,GCA-2746185,GWA2-58-10,GWC2-71-9,Gemmatimonadaceae,HLUCCA01,HRBIN21,Ignavibacteriaceae,J004,J042,JAABVY01,JAAZOE01,JABDJQ01,JABWBI01,JACIZP01,JACNKJ01,JACNLC01,JACZUZ01,JAEUWI01,JAFGTP01,JAHJOQ01,JAJRUJ01,JAKASW01,Krumholzibacteriaceae,Kryptoniaceae,LZORAL124-64-63,Latescibacteraceae,Melioribacteraceae,NICIL-2,Natronogracilivirgulaceae,OLB16,PGXB01,QNDG01,RBG-16-71-46,RPQS01,RSA9,Rhodothermaceae,SLHB01,SORT01,SURF-12,SURF-5,Salinibacteraceae,T3Sed10-11,TS1B11,UBA10030,UBA10806,UBA11236,UBA2242,UBA2268,UBA2968,UBA4055,UBA5070,UBA6906,UBA6960,UBA8231,UBA8349,UBA8401,UBA8477,UBA961,UBA9662,UM-FILTER-46-8,WJJG01,WJJR01,WJKA01,WJMI01,WRFX01,WRIO01,Zgenome-0027
gtdb_only	93	2-02-FULL-58-16,2-02-FULL-58-16_A,33-17,Acetobacteraceae,Ancalomicrobiaceae,Azospirillaceae,Beijerinckiaceae,CACIAM-22H2,CACZRW01,CAG-239,CAG-977,CGMCC-115125,Casp-alpha2,Caulobacteraceae,Cohaesibacteraceae,DSM-21159,Devosiaceae,Dongiaceae,Elsteraceae,Emcibacteraceae,Ferrovibrionaceae,GCA-002684695,GCA-2696645,GCA-2717185,GCA-2731375,GCA-2746255,GCA-2746425,Geminicoccaceae,Hyphomonadaceae,Inquilinaceae,J090,J153,JABCZZ01,JAEULC01,JAJFHC01,Kiloniellaceae,Kordiimonadaceae,Magnetospirillaceae,Magnetovibrionaceae,Maricaulaceae,Methylopilaceae,Micavibrionaceae,Micropepsaceae,Midichloriaceae,Minwuiaceae,OSC116,Oceanibaculaceae,Parvibaculaceae,Parvularculaceae,Phreatobacteraceae,Pleomorphomonadaceae,Puniceispirillaceae,RFNS01,RGZA01,RS24,Rhizobiaceae,Rhodobacteraceae,Rhodobiaceae,Rhodospirillaceae,Rhodothalassiaceae,Rhodovibrionaceae,SHVZ01,SMXQ01,SXRF01,Sneathiellaceae,Sphingomonadaceae,Stappiaceae,Stellaceae,TH1-2,TMED127,TMED2,Tepidamorphaceae,Terasakiellaceae,Thalassobaculaceae,Thalassospiraceae,Tistrellaceae,UBA1172,UBA1908,UBA2020,UBA2165,UBA2964,UBA2966,UBA3002,UBA6615,UBA8366,UBA9215,UBA9219,UBA998,UXAT02,VGDC01,WMHbin7,Xanthobacteraceae,Zavarziniaceae
gtdb_only	96	2-02-FULL-58-16,2-02-FULL-58-16_A,33-17,Acetobacteraceae,Ancalomicrobiaceae,Azospirillaceae,Beijerinckiaceae,CACIAM-22H2,CACZRW01,CAG-239,CAG-977,CGMCC-115125,Casp-alpha2,Caulobacteraceae,Cohaesibacteraceae,DSM-21159,Devosiaceae,Dongiaceae,Elsteraceae,Emcibacteraceae,Ferrovibrionaceae,GCA-002684695,GCA-2696645,GCA-2717185,GCA-2731375,GCA-2746255,GCA-2746425,Geminicoccaceae,Hyphomonadaceae,Inquilinaceae,J090,J153,JABCZZ01,JAEULC01,JAJFHC01,Kiloniellaceae,Kordiimonadaceae,Magnetospirillaceae,Magnetovibrionaceae,Maricaulaceae,Methylopilaceae,Micavibrionaceae,Micropepsaceae,Midichloriaceae,Minwuiaceae,OSC116,Oceanibaculaceae,Parvibaculaceae,Parvularculaceae,Phreatobacteraceae,Pleomorphomonadaceae,Puniceispirillaceae,RFNS01,RGZA01,RS24,Rhizobiaceae,Rhodobacteraceae,Rhodobiaceae,Rhodospirillaceae,Rhodothalassiaceae,Rhodovibrionaceae,SHVZ01,SMXQ01,SXRF01,Sneathiellaceae,Sphingomonadaceae,Stappiaceae,Stellaceae,TH1-2,TMED127,TMED2,Tepidamorphaceae,Terasakiellaceae,Thalassobaculaceae,Thalassospiraceae,Tistrellaceae,UBA1172,UBA1908,UBA2020,UBA2136,UBA2165,UBA2964,UBA2966,UBA3002,UBA6156,UBA6503,UBA6615,UBA8366,UBA9215,UBA9219,UBA998,UXAT02,VGDC01,WMHbin7,Xanthobacteraceae,Zavarziniaceae
flagella_only	97	21-64-14,AK92,AKS1,Acidihalobacteraceae,Aeromonadaceae,Ahniellaceae,Algiphilaceae,Alteromonadaceae,Aquisalimonadaceae,BW-2,Berkiellaceae,CAIRSR01,CALZJG01,Celerinatantimonadaceae,Chromatiaceae,Competibacteraceae,Cycloclasticaceae,DRMK01,DSM-103792,DSM-19610,Ectothiorhodospiraceae,GCA-001735895,GCA-002770795,GCA-2400775,GCA-2729495,GCA-2746155,GCF-002020875,GRL18,Ga007554,Ga0077536,Gallaecimonadaceae,Granulosicoccaceae,Halorhodospiraceae,Halothiobacillaceae,HyVt-429,Immundisolibacteraceae,J044,JAABTG01,JAADGQ01,JAADHS01,JABDKV01,JABDQX01,JABHGC01,JADJWH01,JAFLJP01,JAHJQQ01,JAJPIJ01,Kangiellaceae,Methylococcaceae,Methylomonadaceae,Methylophagaceae,Methylothermaceae,Moritellaceae,Neiellaceae,Nevskiaceae,Nitrococcaceae,Nitrosococcaceae,Oceanococcaceae,PWYM01,Piscirickettsiaceae,Psychrobiaceae,Psychromonadaceae,Rhodanobacteraceae,S012-40,SG8-11,SLND01,SZUA-140,SZUA-152,SZUA-21,SZUA-229,SZUA-76,Sedimenticolaceae,Shewanellaceae,Spongiibacteraceae,Steroidobacteraceae,Succinivibrionaceae,Tenderiaceae,Thioalkalivibrionaceae,Thiohalobacteraceae,Thiohalomonadaceae,Thiomicrospiraceae,UBA1113,UBA2780,UBA4486,UBA4575,UBA5335,UBA5861,UBA6429,UBA6522,UBA6901,UWMA-0217,VBWC01,Vibrionaceae,Wenzhouxiangellaceae,Woeseiaceae,XN24,Xanthomonadaceae
flagella_only	115	21-64-14,AK92,AKS1,Acidihalobacteraceae,Aeromonadaceae,Aestuariirhabdaceae,Ahniellaceae,Algiphilaceae,Alteromonadaceae,Aquisalimonadaceae,BW-2,Berkiellaceae,CAIRSR01,CALZJG01,Celerinatantimonadaceae,Cellvibrionaceae,Chromatiaceae,Competibacteraceae,Cycloclasticaceae,DC-out160,DRMK01,DSM-103792,DSM-19610,DSM-21967,DSM-6294,Ectothiorhodospiraceae,GCA-001735895,GCA-002770795,GCA-2400775,GCA-2729495,GCA-2746155,GCF-002020875,GRL18,Ga007554,Ga0077536,Gallaecimonadaceae,Granulosicoccaceae,Halorhodospiraceae,Halothiobacillaceae,HyVt-429,IMCC2047,Immundisolibacteraceae,J044,JAABTG01,JAADGQ01,JAADHS01,JABDKV01,JABDQX01,JABHGC01,JADJWH01,JAFLJP01,JAHJQQ01,JAHRWD01,JAJPIJ01,Kangiellaceae,Ketobacteraceae,Marinomonadaceae,Methylococcaceae,Methylomonadaceae,Methylophagaceae,Methylothermaceae,Moraxellaceae,Moritellaceae,Natronospirillaceae,Neiellaceae,Nevskiaceae,Nitrincolaceae,Nitrococcaceae,Nitrosococcaceae,Oceanococcaceae,Oleiphilaceae,PWYM01,Piscirickettsiaceae,Pseudomonadaceae,Psychrobiaceae,Psychromonadaceae,Rhodanobacteraceae,S012-40,SG8-11,SLND01,SZUA-140,SZUA-152,SZUA-21,SZUA-229,SZUA-76,Sedimenticolaceae,Shewanellaceae,Spongiibacteraceae,Steroidobacteraceae,Succinivibrionaceae,Tenderiaceae,Thioalkalivibrionaceae,Thiohalobacteraceae,Thiohalomonadaceae,Thiomicrospiraceae,UBA1113,UBA2780,UBA3067,UBA4486,UBA4575,UBA5335,UBA5518,UBA5861,UBA6429,UBA6522,UBA6901,UBA7434,UWMA-0217,VBWC01,Vibrionaceae,Wenzhouxiangellaceae,Woeseiaceae,XN24,Xanthomonadaceae,Zooshikellaceae
flagella_only	116	Acetivibrionaceae,Acidaminobacteraceae,Acutalibacteraceae,Aerococcaceae,Alkalibacteraceae,Ammonificaceae,Anaerotignaceae,Anaerovoracaceae,BM714,Butyricicoccaceae,CAG-138,CAG-272,CAG-274,CAG-382,CAG-74,Caldanaerobiaceae,Caldicellulosiruptoraceae,Caldicoprobacteraceae,Caloramatoraceae,Caminicellaceae,Carboxydothermaceae,Carnobacteriaceae,Cellulosilyticaceae,Ch29,Christensenellaceae,Clostridiaceae,DSM-24629,DSM-27016,DSM-2933,DSM-8532,DTU013,DTU022,DTU083,DTU086,DULZ01,DUMB01,DUMC01,DUPL01,Defluviitaleaceae,Desulfallaceae,Desulfitibacteraceae,Desulfocucumaceae,Desulfofarciminaceae,Desulfohalotomaculaceae,Desulforudaceae,Desulfotomaculaceae,Desulfovirgulaceae,Dethiobacteraceae,Enterococcaceae,Erysipelotrichaceae,Ethanoligenenaceae,Eubacteriaceae,Filifactoraceae,Garciellaceae,Gottschalkiaceae,JAAYNZ01,JAAYPU01,JADQBR01,JANLFN01,Koleobacteraceae,Lachnospiraceae,Lactobacillaceae,Lutisporaceae,MES13,Mahellaceae,Moorellaceae,Nap2-2B,Natronincolaceae,Oscillospiraceae,Oxobacteraceae,PH28-bin88,PWPR01,Pelotomaculaceae,Peptostreptococcaceae,Proteiniboraceae,QPJT01,RGIG9151,Ruminococcaceae,SIT17,SK-Y3,SKNC01,SLTJ01,SZUA-584,Sedimentibacteraceae,Sporanaerobacteraceae,T1SED10-28,Tepidanaerobacteraceae,Tepidimicrobiaceae,Thermoanaerobacteraceae,Thermohalobacteraceae,Thermosediminibacteraceae,Thermotaleaceae,Tindalliaceae,Tissierellaceae,Tissierellaceae_A,Tissierellaceae_B,Tissierellaceae_C,UBA12420,UBA1381,UBA3941,UBA4068,UBA5734,UBA5745,UBA5962,UBA8154,UBA929,UBA994,UMGS416,VENG01,Vagococcaceae,Vallitaleaceae,WQUN01,WRAA01,WRAX01,Xylanivirgaceae,Zhaonellaceae
flagella_only	116	21-64-14,AK92,AKS1,Acidihalobacteraceae,Aeromonadaceae,Aestuariirhabdaceae,Ahniellaceae,Algiphilaceae,Alteromonadaceae,Aquisalimonadaceae,BW-2,Berkiellaceae,CAIRSR01,CALZJG01,Celerinatantimonadaceae,Cellvibrionaceae,Chromatiaceae,Competibacteraceae,Cycloclasticaceae,DC-out160,DRMK01,DSM-103792,DSM-19610,DSM-21967,DSM-6294,Ectothiorhodospiraceae,GCA-001735895,GCA-002770795,GCA-2400775,GCA-2729495,GCA-2746155,GCF-002020875,GRL18,Ga007554,Ga0077536,Gallaecimonadaceae,Granulosicoccaceae,Halorhodospiraceae,Halothiobacillaceae,HyVt-429,IMCC2047,Immundisolibacteraceae,J044,JAABTG01,JAADGQ01,JAADHS01,JABDKV01,JABDQX01,JABHGC01,JADJWH01,JAFLJP01,JAHJQQ01,JAHRWD01,JAJPIJ01,Kangiellaceae,Ketobacteraceae,Marinomonadaceae,Methylococcaceae,Methylomonadaceae,Methylophagaceae,Methylothermaceae,Moraxellaceae,Moritellaceae,Natronospirillaceae,Neiellaceae,Nevskiaceae,Nitrincolaceae,Nitrococcaceae,Nitrosococcaceae,Oceanococcaceae,Oleiphilaceae,PWYM01,Piscirickettsiaceae,Pseudomonadaceae,Psychrobiaceae,Psychromonadaceae,QZLD01,Rhodanobacteraceae,S012-40,SG8-11,SLND01,SZUA-140,SZUA-152,SZUA-21,SZUA-229,SZUA-76,Sedimenticolaceae,Shewanellaceae,Spongiibacteraceae,Steroidobacteraceae,Succinivibrionaceae,Tenderiaceae,Thioalkalivibrionaceae,Thiohalobacteraceae,Thiohalomonadaceae,Thiomicrospiraceae,UBA1113,UBA2780,UBA3067,UBA4486,UBA4575,UBA5335,UBA5518,UBA5861,UBA6429,UBA6522,UBA6901,UBA7434,UWMA-0217,VBWC01,Vibrionaceae,Wenzhouxiangellaceae,Woeseiaceae,XN24,Xanthomonadaceae,Zooshikellaceae
gtdb_only	119	2-12-FULL-62-27,AAA164-E04,ARS1246,Alkalispirochaetaceae,Anaerohalosphaeraceae,Anammoxibacteraceae,B11-G9,B62-G9,BJHT01,Borreliaceae,Brachyspiraceae,Breznakiellaceae,Brocadiaceae,CADAEX01,CAIMTB01,CAIVHJ01,CAIYYI01,CALXOJ01,Chthoniobacteraceae,DRHE01,DRQF01,DSM-19205,DSM-6578,DYLW01,FEN-1343,FEN-1346,Fen-1342,Fen-1364,GCA-002686595,GCA-002687715,GCA-002748355,GWE2-31-10,GWF1-51-8,GWF2-45-14,Gemmataceae,J058,J093,JAACEH01,JAAYCJ01,JAAYUW01,JABEVK01,JABLXN01,JACQFD01,JADJEK01,JADJPG01,JAEUIK01,JAFGDQ01,JAFGJZ01,JAFGRV01,JAJFLO01,Lacipirellulaceae,Lentisphaeraceae,Leptonemataceae,Leptospiraceae,Marispirochaetaceae,NGM72-4,Opitutaceae,PNKZ01,PWMO01,PWPN01,PXBQ01,Palsa-1400,Pan216,Phycisphaeraceae,Pirellulaceae,Planctomycetaceae,Pontiellaceae,RI-55,RPPD01,Rectinemataceae,SG8-4,SIBE01,SKKC01,SLAA01,SLST01,SM1A02,SM23-30,SM23-32,SM23-33,SXTU01,SZUA-371,SZUA-567,SZUA-6,Salinispiraceae,Scalinduaceae,Sediminispirochaetaceae,Spirochaetaceae_B,T1Sed10-126,Tepidisphaeraceae,Terrimicrobiaceae,Thermoguttaceae,Treponemataceae,Turneriellaceae,UB4802,UBA1096,UBA1100,UBA11320,UBA11346,UBA11358,UBA12059,UBA12454,UBA1319,UBA1321,UBA1845,UBA1924,UBA2386,UBA2392,UBA5368,UBA5550,UBA5793,UBA8199,UBA9216,UBA9464,UTPLA1,Verruco-01,WQYP01,WRBN01,WSZJ01,Zrk34
flagella_only	122	21-64-14,AK92,AKS1,Acidihalobacteraceae,Aeromonadaceae,Aestuariirhabdaceae,Ahniellaceae,Algiphilaceae,Alteromonadaceae,Aquisalimonadaceae,BW-2,Berkiellaceae,Burkholderiaceae_D,CAIRSR01,CALZJG01,Celerinatantimonadaceae,Cellvibrionaceae,Chromatiaceae,Competibacteraceae,Cycloclasticaceae,DC-out160,DRMK01,DSM-103792,DSM-19610,DSM-21967,DSM-6294,Ectothiorhodospiraceae,GCA-001735895,GCA-002770795,GCA-2400775,GCA-2729495,GCA-2746155,GCF-002020875,GRL18,Ga007554,Ga0077536,Gallaecimonadaceae,Granulosicoccaceae,HTCC2089,Halieaceae,Halorhodospiraceae,Halothiobacillaceae,HyVt-429,IMCC2047,Immundisolibacteraceae,J044,JAABTG01,JAADGQ01,JAADHS01,JABDKV01,JABDQX01,JABHGC01,JADJWH01,JAFLJP01,JAHJQQ01,JAHRWD01,JAJPIJ01,Kangiellaceae,Ketobacteraceae,Litoricolaceae,Marinomonadaceae,Methylococcaceae,Methylomonadaceae,Methylophagaceae,Methylothermaceae,Moraxellaceae,Moritellaceae,Natronospirillaceae,Neiellaceae,Nevskiaceae,Nitrincolaceae,Nitrococcaceae,Nitrosococcaceae,Oceanococcaceae,Oleiphilaceae,PWYM01,Piscirickettsiaceae,Porticoccaceae,Pseudohongiellaceae,Pseudomonadaceae,Psychrobiaceae,Psychromonadaceae,QZLD01,Rhodanobacteraceae,S012-40,SG8-11,SLND01,SZUA-140,SZUA-152,SZUA-21,SZUA-229,SZUA-76,Sedimenticolaceae,Shewanellaceae,Spongiibacteraceae,Steroidobacteraceae,Succinivibrionaceae,Tenderiaceae,Thioalkalivibrionaceae,Thiohalobacteraceae,Thiohalomonadaceae,Thiomicrospiraceae,UBA1113,UBA2780,UBA3067,UBA4486,UBA4575,UBA5335,UBA5518,UBA5861,UBA6429,UBA6522,UBA6901,UBA7434,UWMA-0217,VBWC01,Vibrionaceae,Wenzhouxiangellaceae,Woeseiaceae,XN24,Xanthomonadaceae,Zooshikellaceae
gtdb_only	124	21-64-14,AK92,AKS1,Acidihalobacteraceae,Aeromonadaceae,Aestuariirhabdaceae,Ahniellaceae,Alcanivoracaceae,Algiphilaceae,Alteromonadaceae,Aquisalimonadaceae,BW-2,Berkiellaceae,CAIRSR01,CALZJG01,Celerinatantimonadaceae,Cellvibrionaceae,Chromatiaceae,Competibacteraceae,Cycloclasticaceae,DC-out160,DRMK01,DSM-103792,DSM-16500,DSM-19610,DSM-21967,DSM-6294,Ectothiorhodospiraceae,Endozoicomonadaceae,GCA-001735895,GCA-002770795,GCA-2400775,GCA-2729495,GCA-2746155,GCF-002020875,GRL18,Ga007554,Ga0077536,Gallaecimonadaceae,Granulosicoccaceae,HTCC2089,Halieaceae,Halomonadaceae,Halorhodospiraceae,Halothiobacillaceae,IMCC2047,J044,JAABTG01,JAADGQ01,JAADHS01,JABDKV01,JABDQX01,JABHGC01,JADJWH01,JAFLJP01,JAHJQQ01,JAHRWD01,JAJPIJ01,Kangiellaceae,Ketobacteraceae,Legionellaceae,Litoricolaceae,Marinomonadaceae,Methylococcaceae,Methylomonadaceae,Methylophagaceae,Methylothermaceae,Moraxellaceae,Moritellaceae,Natronospirillaceae,Neiellaceae,Nevskiaceae,Nitrincolaceae,Nitrococcaceae,Nitrosococcaceae,Oceanococcaceae,Oleiphilaceae,PWYM01,Piscirickettsiaceae,Porticoccaceae,Pseudohongiellaceae,Pseudomonadaceae,Psychrobiaceae,Psychromonadaceae,QZLD01,Rhodanobacteraceae,S012-40,SG8-11,SLND01,SZUA-140,SZUA-152,SZUA-21,SZUA-229,SZUA-76,Salinisphaeraceae,Sedimenticolaceae,Shewanellaceae,Spongiibacteraceae,Steroidobacteraceae,Succinivibrionaceae,Tenderiaceae,Thioalkalivibrionaceae,Thiohalobacteraceae,Thiohalomonadaceae,Thiomicrospiraceae,UBA1113,UBA2780,UBA3067,UBA4486,UBA4575,UBA5335,UBA5518,UBA5861,UBA6429,UBA6522,UBA7434,UWMA-0217,VBWC01,Vibrionaceae,Wenzhouxiangellaceae,Woeseiaceae,XN24,Xanthomonadaceae,Zooshikellaceae
flagella_only	124	21-64-14,AK92,AKS1,Acidihalobacteraceae,Aeromonadaceae,Aestuariirhabdaceae,Ahniellaceae,Algiphilaceae,Alteromonadaceae,Aquisalimonadaceae,BW-2,Berkiellaceae,Burkholderiaceae_D,CAIRSR01,CALZJG01,Celerinatantimonadaceae,Cellvibrionaceae,Chromatiaceae,Competibacteraceae,Cycloclasticaceae,DC-out160,DRMK01,DSM-103792,DSM-16500,DSM-19610,DSM-21967,DSM-6294,Ectothiorhodospiraceae,GCA-001735895,GCA-002770795,GCA-2400775,GCA-2729495,GCA-2746155,GCF-002020875,GRL18,Ga007554,Ga0077536,Gallaecimonadaceae,Granulosicoccaceae,HTCC2089,Halieaceae,Halorhodospiraceae,Halothiobacillaceae,HyVt-429,IMCC2047,Immundisolibacteraceae,J044,JAABTG01,JAADGQ01,JAADHS01,JABDKV01,JABDQX01,JABHGC01,JADJWH01,JAFLJP01,JAHJQQ01,JAHRWD01,JAJPIJ01,Kangiellaceae,Ketobacteraceae,Legionellaceae,Litoricolaceae,Marinomonadaceae,Methylococcaceae,Methylomonadaceae,Methylophagaceae,Methylothermaceae,Moraxellaceae,Moritellaceae,Natronospirillaceae,Neiellaceae,Nevskiaceae,Nitrincolaceae,Nitrococcaceae,Nitrosococcaceae,Oceanococcaceae,Oleiphilaceae,PWYM01,Piscirickettsiaceae,Porticoccaceae,Pseudohongiellaceae,Pseudomonadaceae,Psychrobiaceae,Psychromonadaceae,QZLD01,Rhodanobacteraceae,S012-40,SG8-11,SLND01,SZUA-140,SZUA-152,SZUA-21,SZUA-229,SZUA-76,Sedimenticolaceae,Shewanellaceae,Spongiibacteraceae,Steroidobacteraceae,Succinivibrionaceae,Tenderiaceae,Thioalkalivibrionaceae,Thiohalobacteraceae,Thiohalomonadaceae,Thiomicrospiraceae,UBA1113,UBA2780,UBA3067,UBA4486,UBA4575,UBA5335,UBA5518,UBA5861,UBA6429,UBA6522,UBA6901,UBA7434,UWMA-0217,VBWC01,Vibrionaceae,Wenzhouxiangellaceae,Woeseiaceae,XN24,Xanthomonadaceae,Zooshikellaceae
gtdb_only	131	Acetivibrionaceae,Acetonemaceae,Acidaminobacteraceae,Acutalibacteraceae,Alkalibacteraceae,Ammonificaceae,Anaeromusaceae,Anaerotignaceae,Anaerovoracaceae,BICA1-8,BM714,Butyricicoccaceae,CAG-138,CAG-272,CAG-274,CAG-382,CAG-74,CTSoil-072,CTSoil-080,Caldanaerobiaceae,Caldicellulosiruptoraceae,Caldicoprobacteraceae,Caloramatoraceae,Caminicellaceae,Carboxydothermaceae,Cellulosilyticaceae,Ch109,Ch29,Christensenellaceae,Clostridiaceae,DRI-13,DSM-13327,DSM-15969,DSM-24629,DSM-27016,DSM-2933,DSM-8532,DTU013,DTU052,DTU073,DTU083,DTU086,DULZ01,DUMB01,DUMC01,DUPL01,Defluviitaleaceae,Dendrosporobacteraceae,Desulfallaceae,Desulfitibacteraceae,Desulfitobacteriaceae,Desulfocucumaceae,Desulfofarciminaceae,Desulfohalotomaculaceae,Desulforudaceae,Desulfotomaculaceae,Desulfovirgulaceae,Ethanoligenenaceae,Eubacteriaceae,Filifactoraceae,Garciellaceae,Gottschalkiaceae,Heliobacteriaceae,JAAYNZ01,JAAYPU01,JADQBR01,JANLFN01,Koleobacteraceae,Lachnospiraceae,Lutisporaceae,MES13,Mahellaceae,Massilibacillaceae,Moorellaceae,Nap2-2B,Natronincolaceae,Oscillospiraceae,Oxobacteraceae,PH28-bin88,Pelotomaculaceae,Peptostreptococcaceae,Propionisporaceae,Proteiniboraceae,QPJT01,RGIG9151,Ruminococcaceae,SIT17,SK-Y3,SLTJ01,SZUA-584,Sedimentibacteraceae,Selenomonadaceae,Sporanaerobacteraceae,Sporomusaceae,Syntrophobotulaceae,Syntrophomonadaceae,Syntrophothermaceae,T1SED10-28,Tepidanaerobacteraceae,Tepidimicrobiaceae,Thermacetogeniaceae,Thermoanaerobacteraceae,Thermohalobacteraceae,Thermosediminibacteraceae,Thermosinaceae,Thermotaleaceae,Tindalliaceae,Tissierellaceae,Tissierellaceae_A,Tissierellaceae_B,Tissierellaceae_C,UBA12420,UBA1381,UBA1444,UBA2595,UBA3941,UBA4068,UBA5734,UBA5745,UBA5962,UBA7701,UBA929,UMGS1260,UMGS416,VENG01,Vallitaleaceae,WQUN01,WRAA01,WRAX01,Xylanivirgaceae,Zhaonellaceae
gtdb_only	162	21-64-14,AK92,AKS1,Acidihalobacteraceae,Acidithiobacillaceae,Aeromonadaceae,Aestuariirhabdaceae,Ahniellaceae,Alcanivoracaceae,Algiphilaceae,Alteromonadaceae,Aquaspirillaceae,Aquisalimonadaceae,BW-2,Berkiellaceae,Burkholderiaceae,Burkholderiaceae_A,Burkholderiaceae_B,Burkholderiaceae_C,Burkholderiaceae_D,CAIKXV01,CAIRSR01,CALZJG01,Casimicrobiaceae,Celerinatantimonadaceae,Cellvibrionaceae,Chitinibacteraceae,Chitinimonadaceae,Chromatiaceae,Chromobacteriaceae,Competibacteraceae,Cycloclasticaceae,DC-out160,DRMK01,DSM-103792,DSM-16500,DSM-19610,DSM-21967,DSM-6294,Ectothiorhodospiraceae,Endozoicomonadaceae,Ferrovaceae,GCA-001735895,GCA-002770795,GCA-2400775,GCA-2729495,GCA-2746155,GCF-002020875,GRL18,Ga007554,Ga0077523,Ga0077536,Gallaecimonadaceae,Gallionellaceae,Granulosicoccaceae,HTCC2089,Halieaceae,Halomonadaceae,Halorhodospiraceae,Halothiobacillaceae,HyVt-429,IMCC2047,Immundisolibacteraceae,J044,JAABTG01,JAADGQ01,JAADHS01,JABDKV01,JABDQX01,JABEVD01,JABHGC01,JADJWH01,JAEUOS01,JAFLJP01,JAHJQQ01,JAHRWD01,JAJPIJ01,JAJZQI01,JAKAFK01,Kangiellaceae,Ketobacteraceae,Leeiaceae,Legionellaceae,Litoricolaceae,Marinomonadaceae,Methylococcaceae,Methylomonadaceae,Methylophagaceae,Methylophilaceae,Methylothermaceae,Moraxellaceae,Moritellaceae,Natronospirillaceae,Neiellaceae,Nevskiaceae,Nitrincolaceae,Nitrococcaceae,Nitrosococcaceae,Nitrosomonadaceae,Oceanococcaceae,Oleiphilaceae,PWYM01,Piscirickettsiaceae,Porticoccaceae,Pseudohongiellaceae,Pseudomonadaceae,Psychrobiaceae,Psychromonadaceae,QZLD01,RBG-16-58-11,Rhodanobacteraceae,Rhodocyclaceae,S012-40,SCOH01,SG8-11,SG8-39,SG8-41,SHXO01,SLND01,SZUA-140,SZUA-152,SZUA-21,SZUA-229,SZUA-76,Salinisphaeraceae,Sedimenticolaceae,Shewanellaceae,Spongiibacteraceae,Steroidobacteraceae,Succinivibrionaceae,Sulfuricellaceae,Sulfuriferulaceae,Tenderiaceae,Thioalkalivibrionaceae,Thiobacillaceae,Thiohalobacteraceae,Thiohalomonadaceae,Thiomicrospiraceae,UBA1113,UBA2780,UBA3065,UBA3067,UBA4486,UBA4575,UBA5335,UBA5518,UBA5861,UBA6429,UBA6522,UBA6901,UBA7434,UBA9220,UWMA-0217,Usitatibacteraceae,VBWC01,Vibrionaceae,WYBJ01,Wenzhouxiangellaceae,Woeseiaceae,XN24,Xanthomonadaceae,Zooshikellaceae
flagella_only	162	21-64-14,AK92,AKS1,Acidihalobacteraceae,Acidithiobacillaceae,Aeromonadaceae,Aestuariirhabdaceae,Ahniellaceae,Alcanivoracaceae,Algiphilaceae,Alteromonadaceae,Aquaspirillaceae,Aquisalimonadaceae,BW-2,Berkiellaceae,Burkholderiaceae,Burkholderiaceae_A,Burkholderiaceae_B,Burkholderiaceae_C,Burkholderiaceae_D,CAIKXV01,CAIRSR01,CALZJG01,Casimicrobiaceae,Celerinatantimonadaceae,Cellvibrionaceae,Chitinibacteraceae,Chitinimonadaceae,Chromatiaceae,Chromobacteriaceae,Competibacteraceae,Cycloclasticaceae,DC-out160,DRMK01,DSM-103792,DSM-16500,DSM-19610,DSM-21967,DSM-6294,Ectothiorhodospiraceae,Enterobacteriaceae,Ferrovaceae,GCA-001735895,GCA-002770795,GCA-2400775,GCA-2729495,GCA-2746155,GCF-002020875,GRL18,Ga007554,Ga0077523,Ga0077536,Gallaecimonadaceae,Gallionellaceae,Granulosicoccaceae,HTCC2089,Halieaceae,Halomonadaceae,Halorhodospiraceae,Halothiobacillaceae,HyVt-429,IMCC2047,Immundisolibacteraceae,J044,JAABTG01,JAADGQ01,JAADHS01,JABDKV01,JABDQX01,JABEVD01,JABHGC01,JADJWH01,JAEUOS01,JAFLJP01,JAHJQQ01,JAHRWD01,JAJPIJ01,JAJZQI01,JAKAFK01,Kangiellaceae,Ketobacteraceae,Leeiaceae,Legionellaceae,Litoricolaceae,Marinomonadaceae,Methylococcaceae,Methylomonadaceae,Methylophagaceae,Methylophilaceae,Methylothermaceae,Moraxellaceae,Moritellaceae,Natronospirillaceae,Neiellaceae,Nevskiaceae,Nitrincolaceae,Nitrococcaceae,Nitrosococcaceae,Nitrosomonadaceae,Oceanococcaceae,Oleiphilaceae,PWYM01,Piscirickettsiaceae,Porticoccaceae,Pseudohongiellaceae,Pseudomonadaceae,Psychrobiaceae,Psychromonadaceae,QZLD01,RBG-16-58-11,Rhodanobacteraceae,Rhodocyclaceae,S012-40,SCOH01,SG8-11,SG8-39,SG8-41,SHXO01,SLND01,SZUA-140,SZUA-152,SZUA-21,SZUA-229,SZUA-76,Salinisphaeraceae,Sedimenticolaceae,Shewanellaceae,Spongiibacteraceae,Steroidobacteraceae,Succinivibrionaceae,Sulfuricellaceae,Sulfuriferulaceae,Tenderiaceae,Thioalkalivibrionaceae,Thiobacillaceae,Thiohalobacteraceae,Thiohalomonadaceae,Thiomicrospiraceae,UBA1113,UBA2780,UBA3065,UBA3067,UBA4486,UBA4575,UBA5335,UBA5518,UBA5861,UBA6429,UBA6522,UBA6901,UBA7434,UBA9220,UWMA-0217,Usitatibacteraceae,VBWC01,Vibrionaceae,WYBJ01,Wenzhouxiangellaceae,Woeseiaceae,XN24,Xanthomonadaceae,Zooshikellaceae
gtdb_only	168	21-64-14,AK92,AKS1,Acidihalobacteraceae,Acidithiobacillaceae,Aeromonadaceae,Aestuariirhabdaceae,Ahniellaceae,Alcanivoracaceae,Algiphilaceae,Alteromonadaceae,Aquaspirillaceae,Aquisalimonadaceae,BW-2,Berkiellaceae,Burkholderiaceae,Burkholderiaceae_A,Burkholderiaceae_B,Burkholderiaceae_C,Burkholderiaceae_D,CAIKXV01,CAIRSR01,CALZJG01,Casimicrobiaceae,Celerinatantimonadaceae,Cellvibrionaceae,Chitinibacteraceae,Chitinimonadaceae,Chromatiaceae,Chromobacteriaceae,Competibacteraceae,Cycloclasticaceae,DC-out160,DC0425bin3,DRMK01,DSM-103792,DSM-16500,DSM-19610,DSM-21967,DSM-6294,Ectothiorhodospiraceae,Endozoicomonadaceae,Enterobacteriaceae,Ferrovaceae,GCA-001735895,GCA-002770795,GCA-2400775,GCA-2729495,GCA-2746155,GCF-002020875,GRL18,Ga007554,Ga0077523,Ga0077536,Gallaecimonadaceae,Gallionellaceae,Granulosicoccaceae,HTCC2089,Halieaceae,Halomonadaceae,Halorhodospiraceae,Halothiobacillaceae,HyVt-429,IMCC2047,Immundisolibacteraceae,J044,JAABTG01,JAADGQ01,JAADHS01,JABDKV01,JABDQX01,JABEVD01,JABHGC01,JADGCH01,JADJWH01,JAEUOS01,JAFLJP01,JAHJQQ01,JAHRWD01,JAJPIJ01,JAJZQI01,JAKAFK01,Kangiellaceae,Ketobacteraceae,Leeiaceae,Legionellaceae,Litoricolaceae,Magnetaquicoccaceae,Magnetococcaceae,Marinomonadaceae,Methylococcaceae,Methylomonadaceae,Methylophagaceae,Methylophilaceae,Methylothermaceae,Moraxellaceae,Moritellaceae,Natronospirillaceae,Neiellaceae,Nevskiaceae,Nitrincolaceae,Nitrococcaceae,Nitrosococcaceae,Nitrosomonadaceae,Oceanococcaceae,Oleiphilaceae,PWYM01,Piscirickettsiaceae,Porticoccaceae,Pseudohongiellaceae,Pseudomonadaceae,Psychrobiaceae,Psychromonadaceae,QZLD01,RBG-16-58-11,Rhodanobacteraceae,Rhodocyclaceae,S012-40,SCOH01,SG8-11,SG8-39,SG8-41,SHXO01,SLND01,SZUA-140,SZUA-152,SZUA-21,SZUA-229,SZUA-76,Salinisphaeraceae,Sedimenticolaceae,Shewanellaceae,Spongiibacteraceae,Steroidobacteraceae,Succinivibrionaceae,Sulfuricellaceae,Sulfuriferulaceae,Tenderiaceae,Thioalkalivibrionaceae,Thiobacillaceae,Thiohalobacteraceae,Thiohalomonadaceae,Thiomicrospiraceae,UBA1113,UBA2780,UBA3065,UBA3067,UBA4486,UBA4575,UBA5335,UBA5518,UBA5861,UBA6429,UBA6522,UBA6901,UBA7434,UBA8363,UBA9220,UWMA-0217,Usitatibacteraceae,VBWC01,Vibrionaceae,WYBJ01,Wenzhouxiangellaceae,Woeseiaceae,XN24,Xanthomonadaceae,Zooshikellaceae
gtdb_only	170	21-64-14,AK92,AKS1,Acidihalobacteraceae,Acidithiobacillaceae,Aeromonadaceae,Aestuariirhabdaceae,Ahniellaceae,Alcanivoracaceae,Algiphilaceae,Alteromonadaceae,Aquaspirillaceae,Aquisalimonadaceae,BW-2,Berkiellaceae,Burkholderiaceae,Burkholderiaceae_A,Burkholderiaceae_B,Burkholderiaceae_C,Burkholderiaceae_D,CAIKXV01,CAIRSR01,CALZJG01,Casimicrobiaceae,Celerinatantimonadaceae,Cellvibrionaceae,Chitinibacteraceae,Chitinimonadaceae,Chromatiaceae,Chromobacteriaceae,Competibacteraceae,Cycloclasticaceae,DC-out160,DC0425bin3,DRMK01,DSM-103792,DSM-16500,DSM-19610,DSM-21967,DSM-6294,Ectothiorhodospiraceae,Endozoicomonadaceae,Enterobacteriaceae,Ferrovaceae,GCA-001735895,GCA-002770795,GCA-2400775,GCA-2729495,GCA-2746155,GCF-002020875,GRL18,Ga007554,Ga0077523,Ga0077536,Gallaecimonadaceae,Gallionellaceae,Granulosicoccaceae,HTCC2089,Halieaceae,Halomonadaceae,Halorhodospiraceae,Halothiobacillaceae,HyVt-429,IMCC2047,Immundisolibacteraceae,J009,J044,JAABTG01,JAADGQ01,JAADHS01,JABDKV01,JABDQX01,JABEVD01,JABHGC01,JADGCH01,JADJWH01,JAEUOS01,JAFLJP01,JAHJQQ01,JAHRWD01,JAJPIJ01,JAJZQI01,JAKAFK01,Kangiellaceae,Ketobacteraceae,Leeiaceae,Legionellaceae,Litoricolaceae,Magnetaquicoccaceae,Magnetococcaceae,Marinomonadaceae,Mariprofundaceae,Methylococcaceae,Methylomonadaceae,Methylophagaceae,Methylophilaceae,Methylothermaceae,Moraxellaceae,Moritellaceae,Natronospirillaceae,Neiellaceae,Nevskiaceae,Nitrincolaceae,Nitrococcaceae,Nitrosococcaceae,Nitrosomonadaceae,Oceanococcaceae,Oleiphilaceae,PWYM01,Piscirickettsiaceae,Porticoccaceae,Pseudohongiellaceae,Pseudomonadaceae,Psychrobiaceae,Psychromonadaceae,QZLD01,RBG-16-58-11,Rhodanobacteraceae,Rhodocyclaceae,S012-40,SCOH01,SG8-11,SG8-39,SG8-41,SHXO01,SLND01,SZUA-140,SZUA-152,SZUA-21,SZUA-229,SZUA-76,Salinisphaeraceae,Sedimenticolaceae,Shewanellaceae,Spongiibacteraceae,Steroidobacteraceae,Succinivibrionaceae,Sulfuricellaceae,Sulfuriferulaceae,Tenderiaceae,Thioalkalivibrionaceae,Thiobacillaceae,Thiohalobacteraceae,Thiohalomonadaceae,Thiomicrospiraceae,UBA1113,UBA2780,UBA3065,UBA3067,UBA4486,UBA4575,UBA5335,UBA5518,UBA5861,UBA6429,UBA6522,UBA6901,UBA7434,UBA8363,UBA9220,UWMA-0217,Usitatibacteraceae,VBWC01,Vibrionaceae,WYBJ01,Wenzhouxiangellaceae,Woeseiaceae,XN24,Xanthomonadaceae,Zooshikellaceae
flagella_only	171	Acetivibrionaceae,Acidaminobacteraceae,Acidibacillaceae,Acutalibacteraceae,Aeribacillaceae,Aerococcaceae,Alicyclobacillaceae,Alkalibacillaceae,Alkalibacteraceae,Ammonificaceae,Amphibacillaceae,Anaerobacillaceae,Anaerotignaceae,Anaerovoracaceae,Aneurinibacillaceae,Anoxybacillaceae,BH030062,BM714,Bacillaceae,Bacillaceae_B,Bacillaceae_C,Bacillaceae_D,Bacillaceae_F,Bacillaceae_H,Bacillaceae_I,Bacillaceae_J,Bacillaceae_L,Bacillaceae_N,Bacillaceae_O,Brevibacillaceae,Butyricicoccaceae,CAG-138,CAG-272,CAG-274,CAG-382,CAG-74,Caldanaerobiaceae,Caldibacillaceae,Caldicellulosiruptoraceae,Caldicoprobacteraceae,Caloramatoraceae,Caminicellaceae,Carboxydothermaceae,Carnobacteriaceae,Cellulosilyticaceae,Ch29,Christensenellaceae,Clostridiaceae,DSM-1321,DSM-18226,DSM-22653,DSM-24629,DSM-25281,DSM-27016,DSM-28697,DSM-2933,DSM-8532,DTU013,DTU022,DTU083,DTU086,DULZ01,DUMB01,DUMC01,DUPL01,Defluviitaleaceae,Desulfallaceae,Desulfitibacteraceae,Desulfocucumaceae,Desulfofarciminaceae,Desulfohalotomaculaceae,Desulforudaceae,Desulfotomaculaceae,Desulfovirgulaceae,Desulfuribacillaceae,Dethiobacteraceae,Domibacillaceae,Effusibacillaceae,Enterococcaceae,Erysipelotrichaceae,Ethanoligenenaceae,Eubacteriaceae,Exiguobacteraceae,Fictibacillaceae,Filifactoraceae,Garciellaceae,Gottschalkiaceae,HB172195,Halobacillaceae,JAAYNZ01,JAAYPU01,JACDOC01,JADQBR01,JANLFN01,JC228,JCM-10596,Jeotgalibacillaceae,K13,Koleobacteraceae,Kyrpidiaceae,Lachnospiraceae,Lactobacillaceae,Lutisporaceae,MES13,Mahellaceae,Marinococcaceae,Moorellaceae,NBRC-103111,Nap2-2B,Natronincolaceae,Oscillospiraceae,Oxobacteraceae,PH28-bin88,PWPR01,Paenibacillaceae,Pelotomaculaceae,Peptostreptococcaceae,Planococcaceae,Proteiniboraceae,QPJT01,RAOX-1,RGIG9151,Reconciliibacillaceae,Ruminococcaceae,SA4,SCSIO-06110,SIT17,SK-Y3,SKNC01,SLTJ01,SZUA-584,Salisediminibacteriaceae,Sedimentibacteraceae,Sporanaerobacteraceae,Sporolactobacillaceae,T1SED10-28,Tepidanaerobacteraceae,Tepidibacillaceae,Tepidimicrobiaceae,Thermoanaerobacteraceae,Thermohalobacteraceae,Thermosediminibacteraceae,Thermotaleaceae,Tindalliaceae,Tissierellaceae,Tissierellaceae_A,Tissierellaceae_B,Tissierellaceae_C,Tumebacillaceae,UBA12420,UBA1381,UBA3941,UBA4045,UBA4068,UBA5734,UBA5745,UBA5962,UBA6769,UBA8154,UBA929,UBA994,UMGS416,VENG01,Vagococcaceae,Vallitaleaceae,WQUN01,WRAA01,WRAX01,Xylanivirgaceae,YIM-B00363,Zhaonellaceae
flagella_only	171	21-64-14,AK92,AKS1,Acidihalobacteraceae,Acidithiobacillaceae,Aeromonadaceae,Aestuariirhabdaceae,Ahniellaceae,Alcanivoracaceae,Algiphilaceae,Alteromonadaceae,Aquaspirillaceae,Aquisalimonadaceae,BW-2,Berkiellaceae,Burkholderiaceae,Burkholderiaceae_A,Burkholderiaceae_B,Burkholderiaceae_C,Burkholderiaceae_D,CAIKXV01,CAIRSR01,CALZJG01,Casimicrobiaceae,Celerinatantimonadaceae,Cellvibrionaceae,Chitinibacteraceae,Chitinimonadaceae,Chromatiaceae,Chromobacteriaceae,Competibacteraceae,Cycloclasticaceae,DC-out160,DRMK01,DSM-103792,DSM-16500,DSM-19610,DSM-21967,DSM-6294,Ectothiorhodospiraceae,Endozoicomonadaceae,Enterobacteriaceae,Ferrovaceae,Flavobacteriaceae,GCA-001735895,GCA-002684695,GCA-002770795,GCA-2400775,GCA-2729495,GCA-2746155,GCF-002020875,GRL18,Ga007554,Ga0077523,Ga0077536,Gallaecimonadaceae,Gallionellaceae,Granulosicoccaceae,HTCC2089,Halieaceae,Halomonadaceae,Halorhodospiraceae,Halothiobacillaceae,HyVt-429,IMCC2047,Immundisolibacteraceae,J044,JAABTG01,JAADGQ01,JAADHS01,JABDKV01,JABDQX01,JABEVD01,JABHGC01,JADJWH01,JAEUOS01,JAFLJP01,JAHJQQ01,JAHRWD01,JAJPIJ01,JAJZQI01,JAKAFK01,Kangiellaceae,Ketobacteraceae,Leeiaceae,Legionellaceae,Litoricolaceae,Marinomonadaceae,Methylococcaceae,Methylomonadaceae,Methylophagaceae,Methylophilaceae,Methylothermaceae,Moraxellaceae,Moritellaceae,Natronospirillaceae,Neiellaceae,Nevskiaceae,Nitrincolaceae,Nitrococcaceae,Nitrosococcaceae,Nitrosomonadaceae,Oceanococcaceae,Oleiphilaceae,PWYM01,Piscirickettsiaceae,Porticoccaceae,Pseudohongiellaceae,Pseudomonadaceae,Psychrobiaceae,Psychromonadaceae,Puniceispirillaceae,QZLD01,RBG-16-58-11,RS24,Rhodanobacteraceae,Rhodocyclaceae,S012-40,SCOH01,SG8-11,SG8-39,SG8-41,SHXO01,SLND01,SZUA-140,SZUA-152,SZUA-21,SZUA-229,SZUA-76,Salinisphaeraceae,Sedimenticolaceae,Shewanellaceae,Sphingomonadaceae,Spongiibacteraceae,Steroidobacteraceae,Succinivibrionaceae,Sulfuricellaceae,Sulfuriferulaceae,TMED127,Tenderiaceae,Thioalkalivibrionaceae,Thiobacillaceae,Thiohalobacteraceae,Thiohalomonadaceae,Thiomicrospiraceae,UBA1113,UBA1172,UBA2780,UBA2964,UBA3065,UBA3067,UBA4486,UBA4575,UBA5335,UBA5518,UBA5861,UBA6429,UBA6522,UBA6901,UBA7434,UBA9220,UWMA-0217,Usitatibacteraceae,VBWC01,Vibrionaceae,WYBJ01,Wenzhouxiangellaceae,Woeseiaceae,XN24,Xanthomonadaceae,Zooshikellaceae
flagella_only	188	Acetivibrionaceae,Acetonemaceae,Acidaminobacteraceae,Acidibacillaceae,Acutalibacteraceae,Aeribacillaceae,Aerococcaceae,Alicyclobacillaceae,Alkalibacillaceae,Alkalibacteraceae,Ammonificaceae,Amphibacillaceae,Anaerobacillaceae,Anaeromusaceae,Anaerotignaceae,Anaerovoracaceae,Aneurinibacillaceae,Anoxybacillaceae,BH030062,BM714,Bacillaceae,Bacillaceae_B,Bacillaceae_C,Bacillaceae_D,Bacillaceae_F,Bacillaceae_H,Bacillaceae_I,Bacillaceae_J,Bacillaceae_L,Bacillaceae_N,Bacillaceae_O,Brevibacillaceae,Butyricicoccaceae,CAG-138,CAG-272,CAG-274,CAG-382,CAG-74,CTSoil-072,CTSoil-080,Caldanaerobiaceae,Caldibacillaceae,Caldicellulosiruptoraceae,Caldicoprobacteraceae,Caloramatoraceae,Caminicellaceae,Carboxydothermaceae,Carnobacteriaceae,Cellulosilyticaceae,Ch29,Christensenellaceae,Clostridiaceae,DSM-1321,DSM-13327,DSM-15969,DSM-18226,DSM-22653,DSM-24629,DSM-25281,DSM-27016,DSM-28697,DSM-2933,DSM-8532,DTU013,DTU022,DTU083,DTU086,DULZ01,DUMB01,DUMC01,DUPL01,Defluviitaleaceae,Dendrosporobacteraceae,Desulfallaceae,Desulfitibacteraceae,Desulfitobacteriaceae,Desulfocucumaceae,Desulfofarciminaceae,Desulfohalotomaculaceae,Desulforudaceae,Desulfotomaculaceae,Desulfovirgulaceae,Desulfuribacillaceae,Dethiobacteraceae,Domibacillaceae,Effusibacillaceae,Enterococcaceae,Erysipelotrichaceae,Ethanoligenenaceae,Eubacteriaceae,Exiguobacteraceae,Fictibacillaceae,Filifactoraceae,Garciellaceae,Gottschalkiaceae,HB172195,Halobacillaceae,JAAYNZ01,JAAYPU01,JACDOC01,JADQBR01,JANLFN01,JC228,JCM-10596,Jeotgalibacillaceae,K13,Koleobacteraceae,Kyrpidiaceae,Lachnospiraceae,Lactobacillaceae,Lutisporaceae,MES13,Mahellaceae,Marinococcaceae,Massilibacillaceae,Moorellaceae,NBRC-103111,Nap2-2B,Natronincolaceae,Oscillospiraceae,Oxobacteraceae,PH28-bin88,PWPR01,Paenibacillaceae,Pelotomaculaceae,Peptostreptococcaceae,Planococcaceae,Propionisporaceae,Proteiniboraceae,QPJT01,RAOX-1,RGIG9151,Reconciliibacillaceae,Ruminococcaceae,SA4,SCSIO-06110,SIT17,SK-Y3,SKNC01,SLTJ01,SZUA-584,Salisediminibacteriaceae,Sedimentibacteraceae,Selenomonadaceae,Sporanaerobacteraceae,Sporolactobacillaceae,Sporomusaceae,Syntrophobotulaceae,T1SED10-28,Tepidanaerobacteraceae,Tepidibacillaceae,Tepidimicrobiaceae,Thermoanaerobacteraceae,Thermohalobacteraceae,Thermosediminibacteraceae,Thermosinaceae,Thermotaleaceae,Tindalliaceae,Tissierellaceae,Tissierellaceae_A,Tissierellaceae_B,Tissierellaceae_C,Tumebacillaceae,UBA12420,UBA1381,UBA1444,UBA3941,UBA4045,UBA4068,UBA5734,UBA5745,UBA5962,UBA6769,UBA7701,UBA8154,UBA929,UBA994,UMGS1260,UMGS416,VENG01,Vagococcaceae,Vallitaleaceae,WQUN01,WRAA01,WRAX01,Xylanivirgaceae,YIM-B00363,Zhaonellaceae
gtdb_only	204	Acetivibrionaceae,Acetonemaceae,Acidaminobacteraceae,Acidibacillaceae,Acutalibacteraceae,Aeribacillaceae,Aerococcaceae,Alicyclobacillaceae,Alkalibacillaceae,Alkalibacteraceae,Ammonificaceae,Amphibacillaceae,Anaerobacillaceae,Anaeromusaceae,Anaerotignaceae,Anaerovoracaceae,Aneurinibacillaceae,Anoxybacillaceae,BH030062,BICA1-8,BM714,Bacillaceae,Bacillaceae_B,Bacillaceae_C,Bacillaceae_D,Bacillaceae_F,Bacillaceae_G,Bacillaceae_H,Bacillaceae_I,Bacillaceae_J,Bacillaceae_L,Bacillaceae_N,Bacillaceae_O,Brevibacillaceae,Butyricicoccaceae,CAG-138,CAG-272,CAG-274,CAG-382,CAG-74,CTSoil-072,CTSoil-080,Caldanaerobiaceae,Caldibacillaceae,Caldicellulosiruptoraceae,Caldicoprobacteraceae,Caloramatoraceae,Caminicellaceae,Carboxydothermaceae,Carnobacteriaceae,Cellulosilyticaceae,Ch109,Ch29,Christensenellaceae,Clostridiaceae,DRI-13,DSM-1321,DSM-13327,DSM-15969,DSM-18226,DSM-22653,DSM-24629,DSM-25281,DSM-27016,DSM-28697,DSM-2933,DSM-8532,DTU013,DTU022,DTU030,DTU052,DTU073,DTU083,DTU086,DULZ01,DUMB01,DUMC01,DUMP01,DUPL01,Defluviitaleaceae,Dendrosporobacteraceae,Desulfallaceae,Desulfitibacteraceae,Desulfitobacteriaceae,Desulfocucumaceae,Desulfofarciminaceae,Desulfohalotomaculaceae,Desulforudaceae,Desulfotomaculaceae,Desulfovirgulaceae,Desulfuribacillaceae,Dethiobacteraceae,Domibacillaceae,Effusibacillaceae,Enterococcaceae,Erysipelotrichaceae,Ethanoligenenaceae,Eubacteriaceae,Exiguobacteraceae,Fictibacillaceae,Filifactoraceae,Garciellaceae,Gottschalkiaceae,HB172195,Halobacillaceae,Heliobacteriaceae,JAAYNZ01,JAAYPU01,JACDOC01,JADQBR01,JANLFN01,JC228,JCM-10596,Jeotgalibacillaceae,K13,Koleobacteraceae,Kyrpidiaceae,Lachnospiraceae,Lactobacillaceae,Lutisporaceae,MES13,Mahellaceae,Marinococcaceae,Massilibacillaceae,Moorellaceae,NBRC-103111,Nap2-2B,Natranaerobiaceae,Natronincolaceae,Oscillospiraceae,Oxobacteraceae,PH28-bin88,PWPR01,Paenibacillaceae,Pelotomaculaceae,Peptostreptococcaceae,Planococcaceae,Propionisporaceae,Proteiniboraceae,Proteinivoraceae,QPJT01,RAOX-1,RGIG9151,Reconciliibacillaceae,Ruminococcaceae,SA4,SCSIO-06110,SIT17,SK-Y3,SKNC01,SLTJ01,SZUA-584,Salisediminibacteriaceae,Sedimentibacteraceae,Selenomonadaceae,Sporanaerobacteraceae,Sporolactobacillaceae,Sporomusaceae,Syntrophobotulaceae,Syntrophomonadaceae,Syntrophothermaceae,T1SED10-28,Tepidanaerobacteraceae,Tepidibacillaceae,Tepidimicrobiaceae,Thermacetogeniaceae,Thermoanaerobacteraceae,Thermohalobacteraceae,Thermosediminibacteraceae,Thermosinaceae,Thermotaleaceae,Tindalliaceae,Tissierellaceae,Tissierellaceae_A,Tissierellaceae_B,Tissierellaceae_C,Tumebacillaceae,UBA12420,UBA1381,UBA1444,UBA2595,UBA3941,UBA4045,UBA4068,UBA5500,UBA5734,UBA5745,UBA5962,UBA6769,UBA7701,UBA8154,UBA929,UBA994,UMGS1260,UMGS416,VENG01,Vagococcaceae,Vallitaleaceae,WQUN01,WRAA01,WRAX01,Xylanivirgaceae,YIM-B00363,Zhaonellaceae
gtdb_only	211	Acetivibrionaceae,Acetohalobiaceae,Acetonemaceae,Acidaminobacteraceae,Acidibacillaceae,Acutalibacteraceae,Aeribacillaceae,Aerococcaceae,Alicyclobacillaceae,Alkalibacillaceae,Alkalibacteraceae,Ammonificaceae,Amphibacillaceae,Anaerobacillaceae,Anaeromusaceae,Anaerotignaceae,Anaerovoracaceae,Aneurinibacillaceae,Anoxybacillaceae,B1SED10-174,BH030062,BICA1-8,BM714,Bacillaceae,Bacillaceae_B,Bacillaceae_C,Bacillaceae_D,Bacillaceae_F,Bacillaceae_G,Bacillaceae_H,Bacillaceae_I,Bacillaceae_J,Bacillaceae_L,Bacillaceae_N,Bacillaceae_O,Brevibacillaceae,Butyricicoccaceae,CAG-138,CAG-272,CAG-274,CAG-382,CAG-74,CTSoil-072,CTSoil-080,Caldanaerobiaceae,Caldibacillaceae,Caldicellulosiruptoraceae,Caldicoprobacteraceae,Caloramatoraceae,Caminicellaceae,Carboxydothermaceae,Carnobacteriaceae,Cellulosilyticaceae,Ch109,Ch29,Christensenellaceae,Clostridiaceae,DRI-13,DSM-1321,DSM-13327,DSM-15969,DSM-18226,DSM-22653,DSM-24629,DSM-25281,DSM-27016,DSM-28697,DSM-2933,DSM-8532,DTU013,DTU022,DTU029,DTU030,DTU052,DTU073,DTU083,DTU086,DULZ01,DUMB01,DUMC01,DUMP01,DUPL01,DY22613,Defluviitaleaceae,Dendrosporobacteraceae,Desulfallaceae,Desulfitibacteraceae,Desulfitobacteriaceae,Desulfocucumaceae,Desulfofarciminaceae,Desulfohalotomaculaceae,Desulforudaceae,Desulfotomaculaceae,Desulfovirgulaceae,Desulfuribacillaceae,Dethiobacteraceae,Domibacillaceae,Effusibacillaceae,Enterococcaceae,Erysipelotrichaceae,Ethanoligenenaceae,Eubacteriaceae,Exiguobacteraceae,Fictibacillaceae,Filifactoraceae,Garciellaceae,Gottschalkiaceae,HB172195,Halanaerobiaceae,Halarsenatibacteraceae,Halobacillaceae,Halobacteroidaceae,Heliobacteriaceae,JAAYNZ01,JAAYPU01,JACDOC01,JADQBR01,JANLFN01,JC228,JCM-10596,Jeotgalibacillaceae,K13,Koleobacteraceae,Kyrpidiaceae,Lachnospiraceae,Lactobacillaceae,Lutisporaceae,MES13,Mahellaceae,Marinococcaceae,Massilibacillaceae,Moorellaceae,NBRC-103111,Nap2-2B,Natranaerobiaceae,Natronincolaceae,Oscillospiraceae,Oxobacteraceae,PH28-bin88,PWPR01,Paenibacillaceae,Pelotomaculaceae,Peptostreptococcaceae,Planococcaceae,Propionisporaceae,Proteiniboraceae,Proteinivoraceae,QPJT01,RAOX-1,RGIG9151,Reconciliibacillaceae,Ruminococcaceae,SA4,SCSIO-06110,SIT17,SK-Y3,SKNC01,SLTJ01,SZUA-584,Salisediminibacteriaceae,Sedimentibacteraceae,Selenomonadaceae,Sporanaerobacteraceae,Sporolactobacillaceae,Sporomusaceae,Syntrophobotulaceae,Syntrophomonadaceae,Syntrophothermaceae,T1SED10-28,Tepidanaerobacteraceae,Tepidibacillaceae,Tepidimicrobiaceae,Thermacetogeniaceae,Thermoanaerobacteraceae,Thermohalobacteraceae,Thermosediminibacteraceae,Thermosinaceae,Thermotaleaceae,Tindalliaceae,Tissierellaceae,Tissierellaceae_A,Tissierellaceae_B,Tissierellaceae_C,Tumebacillaceae,UBA12420,UBA1381,UBA1444,UBA2595,UBA3941,UBA4045,UBA4068,UBA5500,UBA5734,UBA5745,UBA5962,UBA6769,UBA7701,UBA8154,UBA929,UBA994,UMGS1260,UMGS416,VENG01,Vagococcaceae,Vallitaleaceae,WQUN01,WRAA01,WRAX01,Xylanivirgaceae,YIM-B00363,Zhaonellaceae
gtdb_only	232	Acetivibrionaceae,Acetohalobiaceae,Acetonemaceae,Acidaminobacteraceae,Acidibacillaceae,Acutalibacteraceae,Aeribacillaceae,Aerococcaceae,Alicyclobacillaceae,Alkalibacillaceae,Alkalibacteraceae,Ammonificaceae,Amphibacillaceae,Anaerobacillaceae,Anaeromusaceae,Anaerotignaceae,Anaerovoracaceae,Aneurinibacillaceae,Anoxybacillaceae,B1SED10-159,B1SED10-174,BH030062,BICA1-8,BM714,Bacillaceae,Bacillaceae_B,Bacillaceae_C,Bacillaceae_D,Bacillaceae_F,Bacillaceae_G,Bacillaceae_H,Bacillaceae_I,Bacillaceae_J,Bacillaceae_L,Bacillaceae_N,Bacillaceae_O,Brevibacillaceae,Butyricicoccaceae,CAG-138,CAG-272,CAG-274,CAG-382,CAG-74,CTSoil-072,CTSoil-080,Caldanaerobiaceae,Caldibacillaceae,Caldicellulosiruptoraceae,Caldicoprobacteraceae,Caloramatoraceae,Caminicellaceae,Carboxydothermaceae,Carnobacteriaceae,Cellulosilyticaceae,Ch109,Ch115,Ch29,Christensenellaceae,Clostridiaceae,DRI-13,DSM-1321,DSM-13327,DSM-15969,DSM-18226,DSM-22653,DSM-24629,DSM-25281,DSM-27016,DSM-28697,DSM-2933,DSM-8532,DTU010,DTU012,DTU013,DTU014,DTU022,DTU025,DTU029,DTU030,DTU052,DTU065,DTU073,DTU080,DTU083,DTU084,DTU086,DTU087,DULZ01,DUMB01,DUMC01,DUMP01,DUMU01,DUMW01,DUPL01,DY22613,Defluviitaleaceae,Dendrosporobacteraceae,Desulfallaceae,Desulfitibacteraceae,Desulfitobacteriaceae,Desulfocucumaceae,Desulfofarciminaceae,Desulfohalotomaculaceae,Desulforudaceae,Desulfotomaculaceae,Desulfovirgulaceae,Desulfuribacillaceae,Dethiobacteraceae,Domibacillaceae,Effusibacillaceae,Enterococcaceae,Erysipelotrichaceae,Ethanoligenenaceae,Eubacteriaceae,Exiguobacteraceae,Fictibacillaceae,Filifactoraceae,Garciellaceae,Gottschalkiaceae,HB172195,Halanaerobiaceae,Halarsenatibacteraceae,Halobacillaceae,Halobacteroidaceae,Heliobacteriaceae,JAAYNZ01,JAAYPU01,JAAZLZ01,JABLXJ01,JACDOC01,JADQBR01,JANLFN01,JC228,JCM-10596,Jeotgalibacillaceae,K13,Koleobacteraceae,Kyrpidiaceae,Lachnospiraceae,Lactobacillaceae,Limnochordaceae,Lutisporaceae,MES13,Mahellaceae,Marinococcaceae,Massilibacillaceae,Moorellaceae,NBRC-103111,Nap2-2B,Natranaerobiaceae,Natronincolaceae,Oscillospiraceae,Oxobacteraceae,PH28-bin88,PWPR01,Paenibacillaceae,Pelotomaculaceae,Peptostreptococcaceae,Planococcaceae,Propionisporaceae,Proteiniboraceae,Proteinivoraceae,QPJT01,RAOX-1,RGIG9151,RSA5,Reconciliibacillaceae,Ruminococcaceae,SA4,SCSIO-06110,SIT17,SK-Y3,SKNC01,SLTJ01,SZUA-584,Salisediminibacteriaceae,Sedimentibacteraceae,Selenomonadaceae,Sporanaerobacteraceae,Sporolactobacillaceae,Sporomusaceae,Syntrophobotulaceae,Syntrophomonadaceae,Syntrophothermaceae,T1SED10-28,Tepidanaerobacteraceae,Tepidibacillaceae,Tepidimicrobiaceae,Thermacetogeniaceae,Thermoanaerobacteraceae,Thermohalobacteraceae,Thermosediminibacteraceae,Thermosinaceae,Thermotaleaceae,Tindalliaceae,Tissierellaceae,Tissierellaceae_A,Tissierellaceae_B,Tissierellaceae_C,Tumebacillaceae,UBA10575,UBA12420,UBA1381,UBA1444,UBA2595,UBA3941,UBA4045,UBA4068,UBA4971,UBA5301,UBA5500,UBA5734,UBA5745,UBA5962,UBA6769,UBA7701,UBA8154,UBA8346,UBA929,UBA994,UMGS1260,UMGS416,VENG01,Vagococcaceae,Vallitaleaceae,WQUN01,WRAA01,WRAX01,Xylanivirgaceae,YIM-B00363,ZCTH02-B6,Zhaonellaceae
flagella_only	236	Acetivibrionaceae,Acetohalobiaceae,Acetonemaceae,Acidaminobacteraceae,Acidibacillaceae,Acutalibacteraceae,Aeribacillaceae,Aerococcaceae,Alicyclobacillaceae,Alkalibacillaceae,Alkalibacteraceae,Ammonificaceae,Amphibacillaceae,Anaerobacillaceae,Anaeromusaceae,Anaerotignaceae,Anaerovoracaceae,Aneurinibacillaceae,Anoxybacillaceae,B1SED10-159,B1SED10-174,BH030062,BICA1-8,BM714,Bacillaceae,Bacillaceae_B,Bacillaceae_C,Bacillaceae_D,Bacillaceae_F,Bacillaceae_H,Bacillaceae_I,Bacillaceae_J,Bacillaceae_L,Bacillaceae_N,Bacillaceae_O,Brevibacillaceae,Bu92,Butyricicoccaceae,CAG-138,CAG-272,CAG-274,CAG-382,CAG-74,CTSoil-072,CTSoil-080,Caldanaerobiaceae,Caldibacillaceae,Caldicellulosiruptoraceae,Caldicoprobacteraceae,Caloramatoraceae,Caminicellaceae,Carboxydothermaceae,Carnobacteriaceae,Cellulosilyticaceae,Ch109,Ch29,Christensenellaceae,Clostridiaceae,DRI-13,DSM-1321,DSM-13327,DSM-15969,DSM-18226,DSM-22653,DSM-24629,DSM-25281,DSM-27016,DSM-28697,DSM-2933,DSM-8532,DTU010,DTU012,DTU013,DTU015,DTU022,DTU029,DTU030,DTU052,DTU065,DTU073,DTU080,DTU083,DTU084,DTU086,DTU087,DULZ01,DUMB01,DUMC01,DUMP01,DUMU01,DUMW01,DUPL01,DUSS01,DY22613,Defluviitaleaceae,Dendrosporobacteraceae,Desulfallaceae,Desulfitibacteraceae,Desulfitobacteriaceae,Desulfocucumaceae,Desulfofarciminaceae,Desulfohalotomaculaceae,Desulforudaceae,Desulfotomaculaceae,Desulfovirgulaceae,Desulfuribacillaceae,Dethiobacteraceae,Domibacillaceae,Effusibacillaceae,Enterococcaceae,Erysipelotrichaceae,Ethanoligenenaceae,Eubacteriaceae,Exiguobacteraceae,Fictibacillaceae,Filifactoraceae,Garciellaceae,Gottschalkiaceae,HB172195,Halanaerobiaceae,Halarsenatibacteraceae,Halobacillaceae,Halobacteroidaceae,Heliobacteriaceae,JAAYNZ01,JAAYPU01,JAAZLZ01,JABLXB01,JACDOC01,JADQBR01,JAJZPE01,JANLFN01,JC228,JCM-10596,Jeotgalibacillaceae,K13,Koleobacteraceae,Kyrpidiaceae,Lachnospiraceae,Lactobacillaceae,Limnochordaceae,Lutisporaceae,MES13,Mahellaceae,Marinococcaceae,Massilibacillaceae,Moorellaceae,NBRC-103111,Nap2-2B,Natranaerobiaceae,Natronincolaceae,Oscillospiraceae,Oxobacteraceae,PH28-bin88,PUMD01,PWPR01,Paenibacillaceae,Pelotomaculaceae,Peptostreptococcaceae,Planococcaceae,Propionisporaceae,Proteiniboraceae,Proteinivoraceae,QPJT01,RAOX-1,RGIG9151,RSA5,Reconciliibacillaceae,Ruminococcaceae,SA4,SCSIO-06110,SIT17,SK-Y3,SKNC01,SLMV01,SLTJ01,SZUA-584,Salisediminibacteriaceae,Sedimentibacteraceae,Selenomonadaceae,Sporanaerobacteraceae,Sporolactobacillaceae,Sporomusaceae,Symbiobacteriaceae,Syntrophobotulaceae,Syntrophomonadaceae,Syntrophothermaceae,T1SED10-28,Tepidanaerobacteraceae,Tepidibacillaceae,Tepidimicrobiaceae,Thermacetogeniaceae,Thermaerobacteraceae,Thermoanaerobacteraceae,Thermohalobacteraceae,Thermosediminibacteraceae,Thermosinaceae,Thermotaleaceae,Tindalliaceae,Tissierellaceae,Tissierellaceae_A,Tissierellaceae_B,Tissierellaceae_C,Tumebacillaceae,UBA10575,UBA12420,UBA1381,UBA1444,UBA2595,UBA3941,UBA4045,UBA4068,UBA5301,UBA5500,UBA5734,UBA5745,UBA5962,UBA6769,UBA7701,UBA8154,UBA8346,UBA929,UBA994,UMGS1260,UMGS416,VENG01,Vagococcaceae,Vallitaleaceae,WQUN01,WRAA01,WRAX01,Xylanivirgaceae,YIM-B00363,ZC4RG38,ZCTH02-B6,Zhaonellaceae
gtdb_only	245	Acetivibrionaceae,Acetohalobiaceae,Acetonemaceae,Acidaminobacteraceae,Acidibacillaceae,Acutalibacteraceae,Aeribacillaceae,Aerococcaceae,Alicyclobacillaceae,Alkalibacillaceae,Alkalibacteraceae,Ammonificaceae,Amphibacillaceae,Anaerobacillaceae,Anaeromusaceae,Anaerotignaceae,Anaerovoracaceae,Aneurinibacillaceae,Anoxybacillaceae,B1SED10-159,B1SED10-174,BH030062,BICA1-8,BM714,Bacillaceae,Bacillaceae_B,Bacillaceae_C,Bacillaceae_D,Bacillaceae_F,Bacillaceae_G,Bacillaceae_H,Bacillaceae_I,Bacillaceae_J,Bacillaceae_L,Bacillaceae_N,Bacillaceae_O,Brevibacillaceae,Bu92,Butyricicoccaceae,CAG-138,CAG-272,CAG-274,CAG-382,CAG-74,CTSoil-072,CTSoil-080,Caldanaerobiaceae,Caldibacillaceae,Caldicellulosiruptoraceae,Caldicoprobacteraceae,Caloramatoraceae,Caminicellaceae,Carboxydothermaceae,Carnobacteriaceae,Cellulosilyticaceae,Ch109,Ch115,Ch29,Christensenellaceae,Clostridiaceae,DRI-13,DSM-1321,DSM-13327,DSM-15969,DSM-18226,DSM-22653,DSM-24629,DSM-25281,DSM-27016,DSM-28697,DSM-2933,DSM-8532,DTU010,DTU012,DTU013,DTU014,DTU015,DTU022,DTU025,DTU029,DTU030,DTU052,DTU065,DTU073,DTU080,DTU083,DTU084,DTU086,DTU087,DULZ01,DUMB01,DUMC01,DUMP01,DUMU01,DUMW01,DUPL01,DUSS01,DY22613,Defluviitaleaceae,Dendrosporobacteraceae,Desulfallaceae,Desulfitibacteraceae,Desulfitobacteriaceae,Desulfocucumaceae,Desulfofarciminaceae,Desulfohalotomaculaceae,Desulforudaceae,Desulfotomaculaceae,Desulfovirgulaceae,Desulfuribacillaceae,Dethiobacteraceae,Domibacillaceae,Effusibacillaceae,Enterococcaceae,Erysipelotrichaceae,Ethanoligenenaceae,Eubacteriaceae,Exiguobacteraceae,Fictibacillaceae,Filifactoraceae,Garciellaceae,Gottschalkiaceae,HB172195,Halanaerobiaceae,Halarsenatibacteraceae,Halobacillaceae,Halobacteroidaceae,Heliobacteriaceae,JAAYNZ01,JAAYPU01,JAAZLZ01,JABLXB01,JABLXJ01,JACDOC01,JADQBR01,JAJYTV01,JAJYVN01,JAJZPE01,JANLFN01,JC228,JCM-10596,Jeotgalibacillaceae,K13,Koleobacteraceae,Kyrpidiaceae,Lachnospiraceae,Lactobacillaceae,Limnochordaceae,Lutisporaceae,MES13,Mahellaceae,Marinococcaceae,Massilibacillaceae,Moorellaceae,NBRC-103111,Nap2-2B,Natranaerobiaceae,Natronincolaceae,Oscillospiraceae,Oxobacteraceae,PH28-bin88,PUMD01,PWPR01,Paenibacillaceae,Pelotomaculaceae,Peptostreptococcaceae,Planococcaceae,Propionisporaceae,Proteiniboraceae,Proteinivoraceae,QPJT01,RAOX-1,RGIG9151,RSA5,Reconciliibacillaceae,Ruminococcaceae,SA4,SCSIO-06110,SIT17,SK-Y3,SKNC01,SLMV01,SLTJ01,SZUA-584,Salisediminibacteriaceae,Sedimentibacteraceae,Selenomonadaceae,Sporanaerobacteraceae,Sporolactobacillaceae,Sporomusaceae,Sulfobacillaceae,Symbiobacteriaceae,Syntrophobotulaceae,Syntrophomonadaceae,Syntrophothermaceae,T1SED10-28,Tepidanaerobacteraceae,Tepidibacillaceae,Tepidimicrobiaceae,Thermacetogeniaceae,Thermaerobacteraceae,Thermoanaerobacteraceae,Thermohalobacteraceae,Thermosediminibacteraceae,Thermosinaceae,Thermotaleaceae,Tindalliaceae,Tissierellaceae,Tissierellaceae_A,Tissierellaceae_B,Tissierellaceae_C,Tumebacillaceae,UBA10575,UBA12420,UBA1381,UBA1444,UBA2595,UBA3941,UBA4045,UBA4068,UBA4971,UBA5301,UBA5500,UBA5734,UBA5745,UBA5962,UBA6769,UBA7701,UBA8154,UBA8346,UBA929,UBA994,UMGS1260,UMGS416,VENG01,Vagococcaceae,Vallitaleaceae,WQUN01,WRAA01,WRAX01,Xylanivirgaceae,YIM-B00363,ZC4RG38,ZCTH02-B6,Zhaonellaceae
flagella_only	256	4484-171,Acetivibrionaceae,Acetohalobiaceae,Acetomicrobiaceae,Acetonemaceae,Acidaminobacteraceae,Acidibacillaceae,Acutalibacteraceae,Aeribacillaceae,Aerococcaceae,Alicyclobacillaceae,Alkalibacillaceae,Alkalibacteraceae,Aminiphilaceae,Aminobacteriaceae,Ammonificaceae,Amphibacillaceae,Anaerobacillaceae,Anaeromusaceae,Anaerotignaceae,Anaerovoracaceae,Aneurinibacillaceae,Anoxybacillaceae,Aquicultoraceae,B1SED10-159,B1SED10-174,BH030062,BICA1-8,BM714,Bacillaceae,Bacillaceae_B,Bacillaceae_C,Bacillaceae_D,Bacillaceae_F,Bacillaceae_H,Bacillaceae_I,Bacillaceae_J,Bacillaceae_L,Bacillaceae_N,Bacillaceae_O,Brevibacillaceae,Bu92,Butyricicoccaceae,CAG-138,CAG-272,CAG-274,CAG-382,CAG-74,CTSoil-072,CTSoil-080,Caldanaerobiaceae,Caldatribacteriaceae,Caldibacillaceae,Caldicellulosiruptoraceae,Caldicoprobacteraceae,Caloramatoraceae,Caminicellaceae,Carboxydothermaceae,Carnobacteriaceae,Cellulosilyticaceae,Ch109,Ch115,Ch29,Christensenellaceae,Clostridiaceae,DRI-13,DSM-1321,DSM-13327,DSM-15969,DSM-18226,DSM-22653,DSM-24629,DSM-25281,DSM-27016,DSM-28697,DSM-2933,DSM-8532,DTU010,DTU012,DTU013,DTU014,DTU015,DTU022,DTU025,DTU029,DTU030,DTU052,DTU065,DTU073,DTU080,DTU083,DTU084,DTU086,DTU087,DULZ01,DUMB01,DUMC01,DUMJ01,DUMP01,DUMU01,DUMW01,DUPL01,DUSS01,DY22613,Defluviitaleaceae,Dendrosporobacteraceae,Desulfallaceae,Desulfitibacteraceae,Desulfitobacteriaceae,Desulfocucumaceae,Desulfofarciminaceae,Desulfohalotomaculaceae,Desulforudaceae,Desulfotomaculaceae,Desulfovirgulaceae,Desulfuribacillaceae,Dethiobacteraceae,Dethiosulfovibrionaceae,Domibacillaceae,Effusibacillaceae,Enterococcaceae,Erysipelotrichaceae,Ethanoligenenaceae,Eubacteriaceae,Exiguobacteraceae,Fictibacillaceae,Filifactoraceae,GBS-1,Garciellaceae,Gottschalkiaceae,HB172195,Halanaerobiaceae,Halarsenatibacteraceae,Halobacillaceae,Halobacteroidaceae,Heliobacteriaceae,JAAYNZ01,JAAYPU01,JAAZLZ01,JABLXB01,JABLXJ01,JACDOC01,JADQBR01,JAJZPE01,JANLFN01,JC228,JCM-10596,Jeotgalibacillaceae,K13,Koleobacteraceae,Kyrpidiaceae,Lachnospiraceae,Lactobacillaceae,Limnochordaceae,Lutisporaceae,MES13,Mahellaceae,Marinococcaceae,Massilibacillaceae,Moorellaceae,NBRC-103111,Nap2-2B,Natranaerobiaceae,Natronincolaceae,Oscillospiraceae,Oxobacteraceae,PH28-bin88,PUMD01,PWPR01,Paenibacillaceae,Palsa-1178,Pelotomaculaceae,Peptostreptococcaceae,Planococcaceae,Propionisporaceae,Proteiniboraceae,Proteinivoraceae,QPJT01,RAOX-1,RGIG9151,RSA5,Reconciliibacillaceae,Ruminococcaceae,SA4,SCSIO-06110,SIT17,SK-Y3,SKNC01,SLMV01,SLTJ01,SV1-B22,SZUA-584,Salisediminibacteriaceae,Sedimentibacteraceae,Selenomonadaceae,Sporanaerobacteraceae,Sporolactobacillaceae,Sporomusaceae,Symbiobacteriaceae,Synergistaceae,Syntrophobotulaceae,Syntrophomonadaceae,Syntrophothermaceae,T1SED10-28,Tepidanaerobacteraceae,Tepidibacillaceae,Tepidimicrobiaceae,Thermacetogeniaceae,Thermaerobacteraceae,Thermoanaerobacteraceae,Thermohalobacteraceae,Thermosediminibacteraceae,Thermosinaceae,Thermosynergistaceae,Thermotaleaceae,Thermovirgaceae,Tindalliaceae,Tissierellaceae,Tissierellaceae_A,Tissierellaceae_B,Tissierellaceae_C,Tumebacillaceae,UBA10575,UBA12420,UBA1381,UBA1444,UBA2595,UBA3941,UBA4045,UBA4068,UBA4971,UBA5301,UBA5500,UBA5734,UBA5745,UBA5962,UBA6099,UBA6769,UBA7701,UBA8154,UBA8346,UBA929,UBA994,UMGS1260,UMGS416,VENG01,Vagococcaceae,Vallitaleaceae,WQUN01,WRAA01,WRAX01,Xylanivirgaceae,YIM-B00363,ZC4RG38,ZCTH02-B6,Zhaonellaceae
flagella_only	260	2-02-FULL-58-16,2-02-FULL-58-16_A,21-64-14,33-17,AK92,AKS1,Acetobacteraceae,Acidihalobacteraceae,Acidithiobacillaceae,Aeromonadaceae,Aestuariirhabdaceae,Ahniellaceae,Alcanivoracaceae,Algiphilaceae,Alteromonadaceae,Ancalomicrobiaceae,Aquaspirillaceae,Aquisalimonadaceae,Azospirillaceae,BW-2,Beijerinckiaceae,Berkiellaceae,Burkholderiaceae,Burkholderiaceae_A,Burkholderiaceae_B,Burkholderiaceae_C,Burkholderiaceae_D,CACIAM-22H2,CACZRW01,CAG-239,CAG-977,CAIKXV01,CAIRSR01,CALZJG01,CGMCC-115125,Casimicrobiaceae,Casp-alpha2,Caulobacteraceae,Celerinatantimonadaceae,Cellvibrionaceae,Chitinibacteraceae,Chitinimonadaceae,Chromatiaceae,Chromobacteriaceae,Cohaesibacteraceae,Competibacteraceae,Cycloclasticaceae,DC-out160,DRMK01,DSM-103792,DSM-16500,DSM-19610,DSM-21159,DSM-21967,DSM-6294,Devosiaceae,Dongiaceae,Ectothiorhodospiraceae,Elsteraceae,Emcibacteraceae,Endozoicomonadaceae,Enterobacteriaceae,Ferrovaceae,Ferrovibrionaceae,Flavobacteriaceae,GCA-001735895,GCA-002684695,GCA-002770795,GCA-2400775,GCA-2696645,GCA-2717185,GCA-2729495,GCA-2731375,GCA-2746155,GCA-2746255,GCA-2746425,GCF-002020875,GRL18,Ga007554,Ga0077523,Ga0077536,Gallaecimonadaceae,Gallionellaceae,Geminicoccaceae,Granulosicoccaceae,HTCC2089,Halieaceae,Halomonadaceae,Halorhodospiraceae,Halothiobacillaceae,HyVt-429,Hyphomonadaceae,IMCC2047,Immundisolibacteraceae,Inquilinaceae,J044,J090,J153,JAABTG01,JAADGQ01,JAADHS01,JABCZZ01,JABDKV01,JABDQX01,JABEVD01,JABHGC01,JADJWH01,JAEULC01,JAEUOS01,JAFLJP01,JAHJQQ01,JAHRWD01,JAJFHC01,JAJPIJ01,JAJZQI01,JAKAFK01,Kangiellaceae,Ketobacteraceae,Kiloniellaceae,Kordiimonadaceae,Leeiaceae,Legionellaceae,Litoricolaceae,Magnetospirillaceae,Magnetovibrionaceae,Maricaulaceae,Marinomonadaceae,Methylococcaceae,Methylomonadaceae,Methylophagaceae,Methylophilaceae,Methylopilaceae,Methylothermaceae,Micavibrionaceae,Micropepsaceae,Midichloriaceae,Minwuiaceae,Moraxellaceae,Moritellaceae,Natronospirillaceae,Neiellaceae,Nevskiaceae,Nitrincolaceae,Nitrococcaceae,Nitrosococcaceae,Nitrosomonadaceae,OSC116,Oceanibaculaceae,Oceanococcaceae,Oleiphilaceae,PWYM01,Parvibaculaceae,Parvularculaceae,Phreatobacteraceae,Piscirickettsiaceae,Pleomorphomonadaceae,Porticoccaceae,Pseudohongiellaceae,Pseudomonadaceae,Psychrobiaceae,Psychromonadaceae,Puniceispirillaceae,QZLD01,RBG-16-58-11,RFNS01,RGZA01,RS24,Rhizobiaceae,Rhodanobacteraceae,Rhodobacteraceae,Rhodobiaceae,Rhodocyclaceae,Rhodospirillaceae,Rhodothalassiaceae,Rhodovibrionaceae,S012-40,SCOH01,SG8-11,SG8-39,SG8-41,SHVZ01,SHXO01,SLND01,SMXQ01,SXRF01,SZUA-140,SZUA-152,SZUA-21,SZUA-229,SZUA-76,Salinisphaeraceae,Sedimenticolaceae,Shewanellaceae,Sneathiellaceae,Sphingomonadaceae,Spongiibacteraceae,Stappiaceae,Stellaceae,Steroidobacteraceae,Succinivibrionaceae,Sulfuricellaceae,Sulfuriferulaceae,TH1-2,TMED127,TMED2,Tenderiaceae,Tepidamorphaceae,Terasakiellaceae,Thalassobaculaceae,Thalassospiraceae,Thioalkalivibrionaceae,Thiobacillaceae,Thiohalobacteraceae,Thiohalomonadaceae,Thiomicrospiraceae,Tistrellaceae,UBA1113,UBA1172,UBA1908,UBA2020,UBA2136,UBA2165,UBA2780,UBA2964,UBA2966,UBA3002,UBA3065,UBA3067,UBA4486,UBA4575,UBA5335,UBA5518,UBA5861,UBA6156,UBA6429,UBA6503,UBA6522,UBA6615,UBA6901,UBA7434,UBA8366,UBA9215,UBA9219,UBA9220,UBA998,UWMA-0217,UXAT02,Usitatibacteraceae,VBWC01,VGDC01,Vibrionaceae,WMHbin7,WYBJ01,Wenzhouxiangellaceae,Woeseiaceae,XN24,Xanthobacteraceae,Xanthomonadaceae,Zavarziniaceae,Zooshikellaceae
gtdb_only	266	2-02-FULL-58-16,2-02-FULL-58-16_A,21-64-14,33-17,AK92,AKS1,Acetobacteraceae,Acidihalobacteraceae,Acidithiobacillaceae,Aeromonadaceae,Aestuariirhabdaceae,Ahniellaceae,Alcanivoracaceae,Algiphilaceae,Alteromonadaceae,Ancalomicrobiaceae,Aquaspirillaceae,Aquisalimonadaceae,Azospirillaceae,BW-2,Beijerinckiaceae,Berkiellaceae,Burkholderiaceae,Burkholderiaceae_A,Burkholderiaceae_B,Burkholderiaceae_C,Burkholderiaceae_D,CACIAM-22H2,CACZRW01,CAG-239,CAG-977,CAIKXV01,CAIRSR01,CALZJG01,CGMCC-115125,Casimicrobiaceae,Casp-alpha2,Caulobacteraceae,Celerinatantimonadaceae,Cellvibrionaceae,Chitinibacteraceae,Chitinimonadaceae,Chromatiaceae,Chromobacteriaceae,Cohaesibacteraceae,Competibacteraceae,Cycloclasticaceae,DC-out160,DC0425bin3,DRMK01,DSM-103792,DSM-16500,DSM-19610,DSM-21159,DSM-21967,DSM-6294,Devosiaceae,Dongiaceae,Ectothiorhodospiraceae,Elsteraceae,Emcibacteraceae,Endozoicomonadaceae,Enterobacteriaceae,Ferrovaceae,Ferrovibrionaceae,GCA-001735895,GCA-002684695,GCA-002770795,GCA-2400775,GCA-2696645,GCA-2717185,GCA-2729495,GCA-2731375,GCA-2746155,GCA-2746255,GCA-2746425,GCF-002020875,GRL18,Ga007554,Ga0077523,Ga0077536,Gallaecimonadaceae,Gallionellaceae,Geminicoccaceae,Granulosicoccaceae,HTCC2089,Halieaceae,Halomonadaceae,Halorhodospiraceae,Halothiobacillaceae,HyVt-429,Hyphomonadaceae,IMCC2047,Immundisolibacteraceae,Inquilinaceae,J009,J044,J090,J153,JAABTG01,JAADGQ01,JAADHS01,JABCZZ01,JABDKV01,JABDQX01,JABEVD01,JABHGC01,JADGCH01,JADJWH01,JAEULC01,JAEUOS01,JAFLJP01,JAHJQQ01,JAHRWD01,JAJFHC01,JAJPIJ01,JAJZQI01,JAKAFK01,Kangiellaceae,Ketobacteraceae,Kiloniellaceae,Kordiimonadaceae,Leeiaceae,Legionellaceae,Litoricolaceae,Magnetaquicoccaceae,Magnetococcaceae,Magnetospirillaceae,Magnetovibrionaceae,Maricaulaceae,Marinomonadaceae,Mariprofundaceae,Methylococcaceae,Methylomonadaceae,Methylophagaceae,Methylophilaceae,Methylopilaceae,Methylothermaceae,Micavibrionaceae,Micropepsaceae,Midichloriaceae,Minwuiaceae,Moraxellaceae,Moritellaceae,Natronospirillaceae,Neiellaceae,Nevskiaceae,Nitrincolaceae,Nitrococcaceae,Nitrosococcaceae,Nitrosomonadaceae,OSC116,Oceanibaculaceae,Oceanococcaceae,Oleiphilaceae,PWYM01,Parvibaculaceae,Parvularculaceae,Phreatobacteraceae,Piscirickettsiaceae,Pleomorphomonadaceae,Porticoccaceae,Pseudohongiellaceae,Pseudomonadaceae,Psychrobiaceae,Psychromonadaceae,Puniceispirillaceae,QZLD01,RBG-16-58-11,RFNS01,RGZA01,RS24,Rhizobiaceae,Rhodanobacteraceae,Rhodobacteraceae,Rhodobiaceae,Rhodocyclaceae,Rhodospirillaceae,Rhodothalassiaceae,Rhodovibrionaceae,S012-40,SCOH01,SG8-11,SG8-39,SG8-41,SHVZ01,SHXO01,SLND01,SMXQ01,SXRF01,SZUA-140,SZUA-152,SZUA-21,SZUA-229,SZUA-76,Salinisphaeraceae,Sedimenticolaceae,Shewanellaceae,Sneathiellaceae,Sphingomonadaceae,Spongiibacteraceae,Stappiaceae,Stellaceae,Steroidobacteraceae,Succinivibrionaceae,Sulfuricellaceae,Sulfuriferulaceae,TH1-2,TMED127,TMED2,Tenderiaceae,Tepidamorphaceae,Terasakiellaceae,Thalassobaculaceae,Thalassospiraceae,Thioalkalivibrionaceae,Thiobacillaceae,Thiohalobacteraceae,Thiohalomonadaceae,Thiomicrospiraceae,Tistrellaceae,UBA1113,UBA1172,UBA1908,UBA2020,UBA2136,UBA2165,UBA2780,UBA2964,UBA2966,UBA3002,UBA3065,UBA3067,UBA4486,UBA4575,UBA5335,UBA5518,UBA5861,UBA6156,UBA6429,UBA6503,UBA6522,UBA6615,UBA6901,UBA7434,UBA8363,UBA8366,UBA9215,UBA9219,UBA9220,UBA998,UWMA-0217,UXAT02,Usitatibacteraceae,VBWC01,VGDC01,Vibrionaceae,WMHbin7,WYBJ01,Wenzhouxiangellaceae,Woeseiaceae,XN24,Xanthobacteraceae,Xanthomonadaceae,Zavarziniaceae,Zooshikellaceae
gtdb_only	267	2-02-FULL-58-16,2-02-FULL-58-16_A,21-64-14,33-17,AK92,AKS1,Acetobacteraceae,Acidihalobacteraceae,Acidithiobacillaceae,Aeromonadaceae,Aestuariirhabdaceae,Ahniellaceae,Alcanivoracaceae,Algiphilaceae,Alteromonadaceae,Ancalomicrobiaceae,Aquaspirillaceae,Aquisalimonadaceae,Azospirillaceae,BW-2,Beijerinckiaceae,Berkiellaceae,Burkholderiaceae,Burkholderiaceae_A,Burkholderiaceae_B,Burkholderiaceae_C,Burkholderiaceae_D,CACIAM-22H2,CACZRW01,CAG-239,CAG-977,CAIKXV01,CAIRSR01,CALZJG01,CGMCC-115125,Casimicrobiaceae,Casp-alpha2,Caulobacteraceae,Celerinatantimonadaceae,Cellvibrionaceae,Chitinibacteraceae,Chitinimonadaceae,Chromatiaceae,Chromobacteriaceae,Cohaesibacteraceae,Competibacteraceae,Cycloclasticaceae,DC-out160,DC0425bin3,DRMK01,DSM-103792,DSM-16500,DSM-19610,DSM-21159,DSM-21967,DSM-6294,Devosiaceae,Dongiaceae,Ectothiorhodospiraceae,Elsteraceae,Emcibacteraceae,Endozoicomonadaceae,Enterobacteriaceae,Ferrovaceae,Ferrovibrionaceae,GCA-001735895,GCA-002684695,GCA-002770795,GCA-2400775,GCA-2696645,GCA-2717185,GCA-2729495,GCA-2731375,GCA-2746155,GCA-2746255,GCA-2746425,GCF-002020875,GRL18,Ga007554,Ga0077523,Ga0077536,Gallaecimonadaceae,Gallionellaceae,Geminicoccaceae,Granulosicoccaceae,HTCC2089,Halieaceae,Halomonadaceae,Halorhodospiraceae,Halothiobacillaceae,HyVt-429,Hyphomonadaceae,IMCC2047,Immundisolibacteraceae,Inquilinaceae,J009,J044,J090,J153,JAABTG01,JAADGQ01,JAADHS01,JABCZZ01,JABDKV01,JABDQX01,JABEVD01,JABHGC01,JADGCH01,JADJWH01,JAEULC01,JAEUOS01,JAFLJP01,JAHJQQ01,JAHRWD01,JAJFHC01,JAJPIJ01,JAJZQI01,JAKAFK01,Kangiellaceae,Ketobacteraceae,Kiloniellaceae,Kordiimonadaceae,Leeiaceae,Legionellaceae,Leptospirillaceae,Litoricolaceae,Magnetaquicoccaceae,Magnetococcaceae,Magnetospirillaceae,Magnetovibrionaceae,Maricaulaceae,Marinomonadaceae,Mariprofundaceae,Methylococcaceae,Methylomonadaceae,Methylophagaceae,Methylophilaceae,Methylopilaceae,Methylothermaceae,Micavibrionaceae,Micropepsaceae,Midichloriaceae,Minwuiaceae,Moraxellaceae,Moritellaceae,Natronospirillaceae,Neiellaceae,Nevskiaceae,Nitrincolaceae,Nitrococcaceae,Nitrosococcaceae,Nitrosomonadaceae,OSC116,Oceanibaculaceae,Oceanococcaceae,Oleiphilaceae,PWYM01,Parvibaculaceae,Parvularculaceae,Phreatobacteraceae,Piscirickettsiaceae,Pleomorphomonadaceae,Porticoccaceae,Pseudohongiellaceae,Pseudomonadaceae,Psychrobiaceae,Psychromonadaceae,Puniceispirillaceae,QZLD01,RBG-16-58-11,RFNS01,RGZA01,RS24,Rhizobiaceae,Rhodanobacteraceae,Rhodobacteraceae,Rhodobiaceae,Rhodocyclaceae,Rhodospirillaceae,Rhodothalassiaceae,Rhodovibrionaceae,S012-40,SCOH01,SG8-11,SG8-39,SG8-41,SHVZ01,SHXO01,SLND01,SMXQ01,SXRF01,SZUA-140,SZUA-152,SZUA-21,SZUA-229,SZUA-76,Salinisphaeraceae,Sedimenticolaceae,Shewanellaceae,Sneathiellaceae,Sphingomonadaceae,Spongiibacteraceae,Stappiaceae,Stellaceae,Steroidobacteraceae,Succinivibrionaceae,Sulfuricellaceae,Sulfuriferulaceae,TH1-2,TMED127,TMED2,Tenderiaceae,Tepidamorphaceae,Terasakiellaceae,Thalassobaculaceae,Thalassospiraceae,Thioalkalivibrionaceae,Thiobacillaceae,Thiohalobacteraceae,Thiohalomonadaceae,Thiomicrospiraceae,Tistrellaceae,UBA1113,UBA1172,UBA1908,UBA2020,UBA2136,UBA2165,UBA2780,UBA2964,UBA2966,UBA3002,UBA3065,UBA3067,UBA4486,UBA4575,UBA5335,UBA5518,UBA5861,UBA6156,UBA6429,UBA6503,UBA6522,UBA6615,UBA6901,UBA7434,UBA8363,UBA8366,UBA9215,UBA9219,UBA9220,UBA998,UWMA-0217,UXAT02,Usitatibacteraceae,VBWC01,VGDC01,Vibrionaceae,WMHbin7,WYBJ01,Wenzhouxiangellaceae,Woeseiaceae,XN24,Xanthobacteraceae,Xanthomonadaceae,Zavarziniaceae,Zooshikellaceae
gtdb_only	288	4572-78,ATM1,Acetivibrionaceae,Acetohalobiaceae,Acetonemaceae,Acidaminobacteraceae,Acidibacillaceae,Acutalibacteraceae,Aeribacillaceae,Aerococcaceae,Alicyclobacillaceae,Alkalibacillaceae,Alkalibacteraceae,Ammonificaceae,Amphibacillaceae,Anaerobacillaceae,Anaerolineaceae,Anaeromusaceae,Anaerotignaceae,Anaerovoracaceae,Aneurinibacillaceae,Anoxybacillaceae,B1SED10-159,B1SED10-174,BH030062,BICA1-8,BM714,Bacillaceae,Bacillaceae_B,Bacillaceae_C,Bacillaceae_D,Bacillaceae_F,Bacillaceae_G,Bacillaceae_H,Bacillaceae_I,Bacillaceae_J,Bacillaceae_L,Bacillaceae_N,Bacillaceae_O,Baltobacteraceae,Brevibacillaceae,Bu92,Butyricicoccaceae,CADDYW01,CAG-138,CAG-272,CAG-274,CAG-382,CAG-74,CAIYQO01,CAJBBX01,CF-72,CSP1-4,CTSoil-072,CTSoil-080,Caldanaerobiaceae,Caldibacillaceae,Caldicellulosiruptoraceae,Caldicoprobacteraceae,Caldilineaceae,Caloramatoraceae,Caminicellaceae,Capsulimonadaceae,Carboxydothermaceae,Carnobacteriaceae,Cellulosilyticaceae,Ch109,Ch115,Ch29,Christensenellaceae,Chthonomonadaceae,Clostridiaceae,DRI-13,DSM-1321,DSM-13327,DSM-15969,DSM-18226,DSM-22653,DSM-24629,DSM-25281,DSM-27016,DSM-28697,DSM-2933,DSM-8532,DTU010,DTU012,DTU013,DTU014,DTU015,DTU022,DTU025,DTU029,DTU030,DTU052,DTU065,DTU073,DTU080,DTU083,DTU084,DTU086,DTU087,DUEN01,DULZ01,DUMB01,DUMC01,DUMP01,DUMU01,DUMW01,DUPL01,DUSS01,DY22613,Defluviitaleaceae,Dendrosporobacteraceae,Desulfallaceae,Desulfitibacteraceae,Desulfitobacteriaceae,Desulfocucumaceae,Desulfofarciminaceae,Desulfohalotomaculaceae,Desulforudaceae,Desulfotomaculaceae,Desulfovirgulaceae,Desulfuribacillaceae,Dethiobacteraceae,Domibacillaceae,E44-bin32,Effusibacillaceae,Enterococcaceae,EnvOPS12,Erysipelotrichaceae,Ethanoligenenaceae,Eubacteriaceae,Exiguobacteraceae,FW602-bin22,Fictibacillaceae,Filifactoraceae,Fimbriimonadaceae,GBS-DC,Garciellaceae,Gottschalkiaceae,HB172195,HRBIN16,HRBIN17,HRBIN32,Halanaerobiaceae,Halarsenatibacteraceae,Halobacillaceae,Halobacteroidaceae,Heliobacteriaceae,J111,JAAYNZ01,JAAYPU01,JAAZEB01,JAAZLZ01,JABLXB01,JABLXJ01,JABUFB01,JACCZL01,JACDGC01,JACDOC01,JADMJV01,JADQBR01,JAJPHF01,JAJTBE01,JAJYTV01,JAJYVN01,JAJZPE01,JANLFN01,JC228,JCM-10596,Jeotgalibacillaceae,K13,Koleobacteraceae,Kyrpidiaceae,Lachnospiraceae,Lactobacillaceae,Limnochordaceae,Lutisporaceae,MES13,Mahellaceae,Marinococcaceae,Massilibacillaceae,Moorellaceae,NBRC-103111,Nap2-2B,Natranaerobiaceae,Natronincolaceae,Oscillospiraceae,Oxobacteraceae,PH28-bin88,PUMD01,PWPR01,Paenibacillaceae,Pelotomaculaceae,Peptostreptococcaceae,Planococcaceae,Propionisporaceae,Proteiniboraceae,Proteinivoraceae,QPJT01,RAOX-1,RGIG9151,RGZZ01,RSA5,Reconciliibacillaceae,Ruminococcaceae,SA4,SCRA01,SCSIO-06110,SIT17,SK-Y3,SKNC01,SLMV01,SLTJ01,SZUA-584,Salisediminibacteriaceae,Sedimentibacteraceae,Selenomonadaceae,Sporanaerobacteraceae,Sporolactobacillaceae,Sporomusaceae,Sulfobacillaceae,Symbiobacteriaceae,Syntrophobotulaceae,Syntrophomonadaceae,Syntrophothermaceae,T1SED10-28,Tepidanaerobacteraceae,Tepidibacillaceae,Tepidiformaceae,Tepidimicrobiaceae,Thermacetogeniaceae,Thermaerobacteraceae,Thermoanaerobacteraceae,Thermohalobacteraceae,Thermomicrobiaceae,Thermosediminibacteraceae,Thermosinaceae,Thermotaleaceae,Tindalliaceae,Tissierellaceae,Tissierellaceae_A,Tissierellaceae_B,Tissierellaceae_C,Tumebacillaceae,UBA10575,UBA10988,UBA11657,UBA12225,UBA12420,UBA1381,UBA1444,UBA2595,UBA2979,UBA3941,UBA4045,UBA4068,UBA4823,UBA4971,UBA5301,UBA5352,UBA5500,UBA5734,UBA5745,UBA5829,UBA5962,UBA6077,UBA6663,UBA6769,UBA7701,UBA8154,UBA8346,UBA929,UBA994,UMGS1260,UMGS416,VENG01,VGOW01,Vagococcaceae,Vallitaleaceae,WQUN01,WRAA01,WRAX01,Xylanivirgaceae,YIM-B00363,ZC4RG38,ZCTH02-B6,Zhaonellaceae
gtdb_only	299	2-02-FULL-58-16,2-02-FULL-58-16_A,21-64-14,33-17,AK92,AKS1,Acetobacteraceae,Acidihalobacteraceae,Acidithiobacillaceae,Acidulodesulfobacteraceae,Aeromonadaceae,Aestuariirhabdaceae,Ahniellaceae,Alcanivoracaceae,Algiphilaceae,Alteromonadaceae,Ancalomicrobiaceae,Aquaspirillaceae,Aquificaceae,Aquisalimonadaceae,Arcobacteraceae,Azospirillaceae,BB28,BW-2,Beijerinckiaceae,Berkiellaceae,Burkholderiaceae,Burkholderiaceae_A,Burkholderiaceae_B,Burkholderiaceae_C,Burkholderiaceae_D,CACIAM-22H2,CACZRW01,CAG-239,CAG-977,CAIKXV01,CAIRSR01,CALZJG01,CGMCC-115125,Calditerrivibrionaceae,Calescibacteriaceae,Campylobacteraceae,Casimicrobiaceae,Casp-alpha2,Caulobacteraceae,Celerinatantimonadaceae,Cellvibrionaceae,Chitinibacteraceae,Chitinimonadaceae,Chromatiaceae,Chromobacteriaceae,Chrysiogenaceae,Cohaesibacteraceae,Competibacteraceae,Cycloclasticaceae,DC-out160,DC0425bin3,DRMK01,DSM-103792,DSM-16500,DSM-19610,DSM-21159,DSM-21967,DSM-6294,Deferribacteraceae,Deferrivibrionaceae,Denitrovibrionaceae,Desulfurellaceae,Desulfurobacteriaceae,Devosiaceae,Dongiaceae,Ectothiorhodospiraceae,Elsteraceae,Emcibacteraceae,Endozoicomonadaceae,Enterobacteriaceae,Ferrovaceae,Ferrovibrionaceae,GCA-001735895,GCA-002684695,GCA-002770795,GCA-2400775,GCA-2696645,GCA-2717185,GCA-2729495,GCA-2731375,GCA-2746155,GCA-2746255,GCA-2746425,GCF-002020875,GRL18,Ga007554,Ga0077523,Ga0077536,Gallaecimonadaceae,Gallionellaceae,Geminicoccaceae,Granulosicoccaceae,HTCC2089,Halieaceae,Halomonadaceae,Halorhodospiraceae,Halothiobacillaceae,Helicobacteraceae,Hippeaceae,HyVt-429,Hydrogenimonadaceae,Hydrogenobaculaceae,Hydrogenothermaceae,Hyphomonadaceae,IMCC2047,Immundisolibacteraceae,Inquilinaceae,J009,J044,J090,J153,JAABTG01,JAADGQ01,JAADHS01,JABCZZ01,JABDKV01,JABDQX01,JABEVD01,JABHGC01,JADGCH01,JADJWH01,JAEULC01,JAEUOS01,JAFLJP01,JAHJQQ01,JAHRWD01,JAJFHC01,JAJPIJ01,JAJZQI01,JAKAFK01,Kangiellaceae,Ketobacteraceae,Kiloniellaceae,Kordiimonadaceae,Leeiaceae,Legionellaceae,Leptospirillaceae,Litoricolaceae,Magnetaquicoccaceae,Magnetococcaceae,Magnetospirillaceae,Magnetovibrionaceae,Maricaulaceae,Marinomonadaceae,Mariprofundaceae,Methylococcaceae,Methylomonadaceae,Methylophagaceae,Methylophilaceae,Methylopilaceae,Methylothermaceae,Micavibrionaceae,Micropepsaceae,Midichloriaceae,Minwuiaceae,Moraxellaceae,Moritellaceae,Mucispirillaceae,Natronospirillaceae,Nautiliaceae,Neiellaceae,Nevskiaceae,Nitratiruptoraceae,Nitrincolaceae,Nitrococcaceae,Nitrosococcaceae,Nitrosomonadaceae,OSC116,Oceanibaculaceae,Oceanococcaceae,Oleiphilaceae,PWYM01,Parvibaculaceae,Parvularculaceae,Phreatobacteraceae,Piscirickettsiaceae,Pleomorphomonadaceae,Porticoccaceae,Pseudohongiellaceae,Pseudomonadaceae,Psychrobiaceae,Psychromonadaceae,Puniceispirillaceae,QNZT01,QOAS01,QZLD01,RBG-16-58-11,RFNS01,RGZA01,RS24,Rhizobiaceae,Rhodanobacteraceae,Rhodobacteraceae,Rhodobiaceae,Rhodocyclaceae,Rhodospirillaceae,Rhodothalassiaceae,Rhodovibrionaceae,S012-40,SCOH01,SG8-11,SG8-39,SG8-41,SHVZ01,SHXO01,SLND01,SMXQ01,SXRF01,SZUA-140,SZUA-152,SZUA-21,SZUA-229,SZUA-545,SZUA-76,Salinisphaeraceae,Sedimenticolaceae,Shewanellaceae,Sneathiellaceae,Sphingomonadaceae,Spongiibacteraceae,Stappiaceae,Stellaceae,Steroidobacteraceae,Succinivibrionaceae,Sulfuricellaceae,Sulfuriferulaceae,Sulfurimonadaceae,Sulfurospirillaceae,Syntrophorhabdaceae,TH1-2,TMED127,TMED2,Tenderiaceae,Tepidamorphaceae,Terasakiellaceae,Thalassobaculaceae,Thalassospiraceae,Thermosulfidibacteraceae,Thioalkalivibrionaceae,Thiobacillaceae,Thiohalobacteraceae,Thiohalomonadaceae,Thiomicrospiraceae,Thiovulaceae,Tistrellaceae,UBA1113,UBA1172,UBA1877,UBA1908,UBA2020,UBA2136,UBA2165,UBA2780,UBA2964,UBA2966,UBA3002,UBA3065,UBA3067,UBA4486,UBA4575,UBA5335,UBA5518,UBA5861,UBA6016,UBA6156,UBA6429,UBA6503,UBA6522,UBA6615,UBA6901,UBA7434,UBA8363,UBA8366,UBA9215,UBA9219,UBA9220,UBA998,UWMA-0217,UXAT02,Usitatibacteraceae,VBWC01,VGDC01,Vibrionaceae,WCHB1-27,WMHbin7,WYBJ01,Wenzhouxiangellaceae,Woeseiaceae,XN24,Xanthobacteraceae,Xanthomonadaceae,Zavarziniaceae,Zooshikellaceae
flagella_only	308	2-02-FULL-58-16,2-02-FULL-58-16_A,21-64-14,33-17,40CM-4-68-19,AK92,AKS1,Acetobacteraceae,Acidihalobacteraceae,Acidithiobacillaceae,Aeromonadaceae,Aestuariirhabdaceae,Ahniellaceae,Alcanivoracaceae,Algiphilaceae,Alteromonadaceae,Anaeromyxobacteraceae,Ancalomicrobiaceae,Aquaspirillaceae,Aquisalimonadaceae,Azospirillaceae,B64-G9,BW-2,Beijerinckiaceae,Berkiellaceae,Bradymonadaceae,Burkholderiaceae,Burkholderiaceae_A,Burkholderiaceae_B,Burkholderiaceae_C,Burkholderiaceae_D,CACIAM-22H2,CACZRW01,CAG-239,CAG-977,CAIKXV01,CAIRSR01,CAJQPC01,CALZJG01,CGMCC-115125,Casimicrobiaceae,Casp-alpha2,Caulobacteraceae,Celerinatantimonadaceae,Cellvibrionaceae,Chitinibacteraceae,Chitinimonadaceae,Chromatiaceae,Chromobacteriaceae,Cohaesibacteraceae,Competibacteraceae,Cycloclasticaceae,DC-out160,DC0425bin3,DP-6,DRMK01,DSM-103792,DSM-16500,DSM-19610,DSM-21159,DSM-21967,DSM-6294,Devosiaceae,Dongiaceae,Ectothiorhodospiraceae,Elsteraceae,Emcibacteraceae,Endozoicomonadaceae,Enterobacteriaceae,Fen-1088,Ferrovaceae,Ferrovibrionaceae,Flavobacteriaceae,GCA-001735895,GCA-002684695,GCA-002770795,GCA-2400775,GCA-2696645,GCA-2717185,GCA-2729495,GCA-2731375,GCA-2746155,GCA-2746255,GCA-2746425,GCA-2862545,GCA-2863065,GCF-002020875,GRL18,Ga007554,Ga0077523,Ga0077536,Ga0077539,Gallaecimonadaceae,Gallionellaceae,Geminicoccaceae,Granulosicoccaceae,HGW-17,HTCC2089,Haliangiaceae,Halieaceae,Halomonadaceae,Halorhodospiraceae,Halothiobacillaceae,HyVt-429,Hyphomonadaceae,IMCC2047,Immundisolibacteraceae,Inquilinaceae,J009,J044,J090,J153,JAABTG01,JAADGQ01,JAADHS01,JAAYKL01,JABCZZ01,JABDKV01,JABDQX01,JABEVD01,JABHGC01,JADGCH01,JADJMO01,JADJWH01,JAEULC01,JAEUOS01,JAFLCA01,JAFLJP01,JAHJQQ01,JAHRWD01,JAJFHC01,JAJPIJ01,JAJZQI01,JAKAFK01,JAKLHH01,Kangiellaceae,Ketobacteraceae,Kiloniellaceae,Kordiimonadaceae,Leeiaceae,Legionellaceae,Litoricolaceae,Magnetaquicoccaceae,Magnetococcaceae,Magnetospirillaceae,Magnetovibrionaceae,Maricaulaceae,Marinomonadaceae,Mariprofundaceae,Methylococcaceae,Methylomonadaceae,Methylophagaceae,Methylophilaceae,Methylopilaceae,Methylothermaceae,Micavibrionaceae,Micropepsaceae,Midichloriaceae,Minwuiaceae,Moraxellaceae,Moritellaceae,Myxococcaceae,Nannocystaceae,Natronospirillaceae,Neiellaceae,Nevskiaceae,Nitrincolaceae,Nitrococcaceae,Nitrosococcaceae,Nitrosomonadaceae,OMII01,OSC116,Oceanibaculaceae,Oceanococcaceae,Oleiphilaceae,PHBI01,PR03,PWYM01,Palsa-1104,Parvibaculaceae,Parvularculaceae,Phreatobacteraceae,Piscirickettsiaceae,Pleomorphomonadaceae,Polyangiaceae,Porticoccaceae,Pseudohongiellaceae,Pseudomonadaceae,Psychrobiaceae,Psychromonadaceae,Puniceispirillaceae,QZLD01,RBG-16-58-11,RFNS01,RFPC01,RGZA01,RS24,Rhizobiaceae,Rhodanobacteraceae,Rhodobacteraceae,Rhodobiaceae,Rhodocyclaceae,Rhodospirillaceae,Rhodothalassiaceae,Rhodovibrionaceae,S012-40,SCOH01,SG8-11,SG8-39,SG8-41,SHVZ01,SHXO01,SLND01,SMXQ01,SXON01,SXRF01,SZUA-140,SZUA-149,SZUA-152,SZUA-21,SZUA-229,SZUA-336,SZUA-76,Salinisphaeraceae,Sandaracinaceae,Sedimenticolaceae,Shewanellaceae,Sneathiellaceae,Sphingomonadaceae,Spongiibacteraceae,Stappiaceae,Stellaceae,Steroidobacteraceae,Succinivibrionaceae,Sulfuricellaceae,Sulfuriferulaceae,TH1-2,TMED127,TMED2,Tenderiaceae,Tepidamorphaceae,Terasakiellaceae,Thalassobaculaceae,Thalassospiraceae,Thioalkalivibrionaceae,Thiobacillaceae,Thiohalobacteraceae,Thiohalomonadaceae,Thiomicrospiraceae,Tistrellaceae,UBA1113,UBA1172,UBA12015,UBA1532,UBA1908,UBA2020,UBA2136,UBA2165,UBA2385,UBA2780,UBA2964,UBA2966,UBA3002,UBA3065,UBA3067,UBA4151,UBA4427,UBA4486,UBA4575,UBA5335,UBA5518,UBA5861,UBA6156,UBA6429,UBA6503,UBA6522,UBA6615,UBA6901,UBA6930,UBA7434,UBA796,UBA8363,UBA8366,UBA9215,UBA9219,UBA9220,UBA9615,UBA9968,UBA998,UTPRO1,UWMA-0217,UXAT02,Usitatibacteraceae,VBWC01,VGDC01,VGSZ01,Vibrionaceae,WMHbin7,WYAZ01,WYBJ01,Wenzhouxiangellaceae,Woeseiaceae,XN24,XYA12-FULL-58-9,Xanthobacteraceae,Xanthomonadaceae,Zavarziniaceae,Zooshikellaceae
flagella_only	315	2-12-FULL-62-27,4484-171,ARS1246,Acetivibrionaceae,Acetohalobiaceae,Acetomicrobiaceae,Acetonemaceae,Acidaminobacteraceae,Acidibacillaceae,Acutalibacteraceae,Aeribacillaceae,Aerococcaceae,Alicyclobacillaceae,Alkalibacillaceae,Alkalibacteraceae,Alkalispirochaetaceae,Aminiphilaceae,Aminobacteriaceae,Ammonificaceae,Amphibacillaceae,Anaerobacillaceae,Anaeromusaceae,Anaerotignaceae,Anaerovoracaceae,Aneurinibacillaceae,Anoxybacillaceae,Aquicultoraceae,B11-G9,B1SED10-159,B1SED10-174,B3-G13,B62-G9,BH030062,BICA1-8,BM714,Bacillaceae,Bacillaceae_B,Bacillaceae_C,Bacillaceae_D,Bacillaceae_F,Bacillaceae_H,Bacillaceae_I,Bacillaceae_J,Bacillaceae_L,Bacillaceae_N,Bacillaceae_O,Borreliaceae,Brachyspiraceae,Brevibacillaceae,Breznakiellaceae,Bu92,Butyricicoccaceae,CADAEX01,CAG-138,CAG-272,CAG-274,CAG-382,CAG-74,CALXOJ01,CTSoil-072,CTSoil-080,Caldanaerobiaceae,Caldatribacteriaceae,Caldibacillaceae,Caldicellulosiruptoraceae,Caldicoprobacteraceae,Caloramatoraceae,Caminicellaceae,Carboxydothermaceae,Carnobacteriaceae,Cellulosilyticaceae,Ch109,Ch115,Ch29,Christensenellaceae,Clostridiaceae,DRHE01,DRI-13,DSM-1321,DSM-13327,DSM-15969,DSM-18226,DSM-19205,DSM-22653,DSM-24629,DSM-25281,DSM-27016,DSM-28697,DSM-2933,DSM-5069,DSM-6578,DSM-8532,DTU010,DTU012,DTU013,DTU014,DTU015,DTU022,DTU025,DTU029,DTU030,DTU052,DTU065,DTU073,DTU080,DTU083,DTU084,DTU086,DTU087,DULZ01,DUMB01,DUMC01,DUMJ01,DUMP01,DUMU01,DUMW01,DUPL01,DUSS01,DY22613,DYLW01,Defluviitaleaceae,Dendrosporobacteraceae,Desulfallaceae,Desulfitibacteraceae,Desulfitobacteriaceae,Desulfocucumaceae,Desulfofarciminaceae,Desulfohalotomaculaceae,Desulforudaceae,Desulfotomaculaceae,Desulfovirgulaceae,Desulfuribacillaceae,Dethiobacteraceae,Dethiosulfovibrionaceae,Domibacillaceae,Effusibacillaceae,Enterococcaceae,Erysipelotrichaceae,Ethanoligenenaceae,Eubacteriaceae,Exiguobacteraceae,Fen-1364,Fervidobacteriaceae,Fictibacillaceae,Filifactoraceae,Fusobacteriaceae,GBS-1,GWE2-31-10,GWF1-51-8,Garciellaceae,Gottschalkiaceae,HB172195,Halanaerobiaceae,Halarsenatibacteraceae,Halobacillaceae,Halobacteroidaceae,Heliobacteriaceae,JAAYNZ01,JAAYPU01,JAAYUW01,JAAZLZ01,JABEVK01,JABLXB01,JABLXJ01,JABLXN01,JACDOC01,JADQBR01,JAFGDQ01,JAFGJZ01,JAFGRV01,JAJZPE01,JANLFN01,JC228,JCM-10596,Jeotgalibacillaceae,K13,Koleobacteraceae,Kyrpidiaceae,Lachnospiraceae,Lactobacillaceae,Leptonemataceae,Leptospiraceae,Limnochordaceae,Lutisporaceae,MES13,MWEM01,Mahellaceae,Marinococcaceae,Marispirochaetaceae,Massilibacillaceae,Mesoaciditogaceae,Moorellaceae,Muirbacteriaceae,NBRC-103111,Nap2-2B,Natranaerobiaceae,Natronincolaceae,Oscillospiraceae,Oxobacteraceae,Ozemobacteraceae,PH28-bin88,PUMD01,PWMO01,PWPR01,PXBQ01,Paenibacillaceae,Palsa-1178,Pelotomaculaceae,Peptostreptococcaceae,Petrotogaceae,Planococcaceae,Propionisporaceae,Proteiniboraceae,Proteinivoraceae,QPJT01,RAOX-1,RGIG9151,RPPD01,RSA5,Reconciliibacillaceae,Rectinemataceae,Ruminococcaceae,SA4,SCSIO-06110,SIT17,SK-Y3,SKKC01,SKNC01,SLAA01,SLMV01,SLST01,SLTJ01,SV1-B22,SZUA-584,SZUA-6,Salinispiraceae,Salisediminibacteriaceae,Sedimentibacteraceae,Sediminispirochaetaceae,Selenomonadaceae,Spirochaetaceae_B,Sporanaerobacteraceae,Sporolactobacillaceae,Sporomusaceae,Symbiobacteriaceae,Synergistaceae,Syntrophobotulaceae,Syntrophomonadaceae,Syntrophothermaceae,T1SED10-28,T1Sed10-126,Tepidanaerobacteraceae,Tepidibacillaceae,Tepidimicrobiaceae,Thermacetogeniaceae,Thermaerobacteraceae,Thermoanaerobacteraceae,Thermohalobacteraceae,Thermosediminibacteraceae,Thermosinaceae,Thermosynergistaceae,Thermotaleaceae,Thermotogaceae,Thermovirgaceae,Tindalliaceae,Tissierellaceae,Tissierellaceae_A,Tissierellaceae_B,Tissierellaceae_C,Treponemataceae,Tumebacillaceae,Turneriellaceae,UB4802,UBA10575,UBA12059,UBA12178,UBA12420,UBA1381,UBA1444,UBA2595,UBA3941,UBA4045,UBA4068,UBA4971,UBA5301,UBA5368,UBA5500,UBA5550,UBA5734,UBA5745,UBA5962,UBA6099,UBA6191,UBA6769,UBA7701,UBA8154,UBA8346,UBA9216,UBA929,UBA994,UBA9980,UMGS1260,UMGS416,VENG01,Vagococcaceae,Vallitaleaceae,WQUN01,WRAA01,WRAX01,WRBN01,Xylanivirgaceae,YIM-B00363,ZC4RG38,ZCTH02-B6,Zhaonellaceae
flagella_only	317	2-12-FULL-62-27,4484-171,ARS1246,Acetivibrionaceae,Acetohalobiaceae,Acetomicrobiaceae,Acetonemaceae,Acidaminobacteraceae,Acidibacillaceae,Acutalibacteraceae,Aeribacillaceae,Aerococcaceae,Alicyclobacillaceae,Alkalibacillaceae,Alkalibacteraceae,Alkalispirochaetaceae,Aminiphilaceae,Aminobacteriaceae,Ammonificaceae,Amphibacillaceae,Anaerobacillaceae,Anaeromusaceae,Anaerotignaceae,Anaerovoracaceae,Aneurinibacillaceae,Anoxybacillaceae,Aquicultoraceae,B11-G9,B1SED10-159,B1SED10-174,B3-G13,B62-G9,BH030062,BICA1-8,BM714,Bacillaceae,Bacillaceae_B,Bacillaceae_C,Bacillaceae_D,Bacillaceae_F,Bacillaceae_H,Bacillaceae_I,Bacillaceae_J,Bacillaceae_L,Bacillaceae_N,Bacillaceae_O,Borreliaceae,Brachyspiraceae,Brevibacillaceae,Breznakiellaceae,Bu92,Butyricicoccaceae,CADAEX01,CAG-138,CAG-272,CAG-274,CAG-382,CAG-74,CALXOJ01,CTSoil-072,CTSoil-080,Caldanaerobiaceae,Caldatribacteriaceae,Caldibacillaceae,Caldicellulosiruptoraceae,Caldicoprobacteraceae,Caloramatoraceae,Caminicellaceae,Carboxydothermaceae,Carnobacteriaceae,Cellulosilyticaceae,Ch109,Ch115,Ch29,Christensenellaceae,Clostridiaceae,DRHE01,DRI-13,DSM-1321,DSM-13327,DSM-15969,DSM-18226,DSM-19205,DSM-22653,DSM-24629,DSM-25281,DSM-27016,DSM-28697,DSM-2933,DSM-5069,DSM-6578,DSM-8532,DTU010,DTU012,DTU013,DTU014,DTU015,DTU022,DTU025,DTU029,DTU030,DTU052,DTU065,DTU073,DTU080,DTU083,DTU084,DTU086,DTU087,DULZ01,DUMB01,DUMC01,DUMJ01,DUMP01,DUMU01,DUMW01,DUPL01,DUSS01,DY22613,DYLW01,Defluviitaleaceae,Dendrosporobacteraceae,Desulfallaceae,Desulfitibacteraceae,Desulfitobacteriaceae,Desulfocucumaceae,Desulfofarciminaceae,Desulfohalotomaculaceae,Desulforudaceae,Desulfotomaculaceae,Desulfovirgulaceae,Desulfuribacillaceae,Dethiobacteraceae,Dethiosulfovibrionaceae,Domibacillaceae,Effusibacillaceae,Enterococcaceae,Erysipelotrichaceae,Ethanoligenenaceae,Eubacteriaceae,Exiguobacteraceae,Fen-1364,Fervidobacteriaceae,Fictibacillaceae,Filifactoraceae,Fusobacteriaceae,GBS-1,GWE2-31-10,GWF1-51-8,Garciellaceae,Gottschalkiaceae,HB172195,Halanaerobiaceae,Halarsenatibacteraceae,Halobacillaceae,Halobacteroidaceae,Heliobacteriaceae,Humimicrobiaceae,JAAYNZ01,JAAYPU01,JAAYUW01,JAAZLZ01,JABEVK01,JABLXB01,JABLXJ01,JABLXN01,JACDOC01,JADQBR01,JAFGCY01,JAFGDQ01,JAFGJZ01,JAFGRV01,JAJZPE01,JANLFN01,JC228,JCM-10596,Jeotgalibacillaceae,K13,Koleobacteraceae,Kyrpidiaceae,Lachnospiraceae,Lactobacillaceae,Leptonemataceae,Leptospiraceae,Limnochordaceae,Lutisporaceae,MES13,MWEM01,Mahellaceae,Marinococcaceae,Marispirochaetaceae,Massilibacillaceae,Mesoaciditogaceae,Moorellaceae,Muirbacteriaceae,NBRC-103111,Nap2-2B,Natranaerobiaceae,Natronincolaceae,Oscillospiraceae,Oxobacteraceae,Ozemobacteraceae,PH28-bin88,PUMD01,PWMO01,PWPR01,PXBQ01,Paenibacillaceae,Palsa-1178,Pelotomaculaceae,Peptostreptococcaceae,Petrotogaceae,Planococcaceae,Propionisporaceae,Proteiniboraceae,Proteinivoraceae,QPJT01,RAOX-1,RGIG9151,RPPD01,RSA5,Reconciliibacillaceae,Rectinemataceae,Ruminococcaceae,SA4,SCSIO-06110,SIT17,SK-Y3,SKKC01,SKNC01,SLAA01,SLMV01,SLST01,SLTJ01,SV1-B22,SZUA-584,SZUA-6,Salinispiraceae,Salisediminibacteriaceae,Sedimentibacteraceae,Sediminispirochaetaceae,Selenomonadaceae,Spirochaetaceae_B,Sporanaerobacteraceae,Sporolactobacillaceae,Sporomusaceae,Symbiobacteriaceae,Synergistaceae,Syntrophobotulaceae,Syntrophomonadaceae,Syntrophothermaceae,T1SED10-28,T1Sed10-126,Tepidanaerobacteraceae,Tepidibacillaceae,Tepidimicrobiaceae,Thermacetogeniaceae,Thermaerobacteraceae,Thermoanaerobacteraceae,Thermohalobacteraceae,Thermosediminibacteraceae,Thermosinaceae,Thermosynergistaceae,Thermotaleaceae,Thermotogaceae,Thermovirgaceae,Tindalliaceae,Tissierellaceae,Tissierellaceae_A,Tissierellaceae_B,Tissierellaceae_C,Treponemataceae,Tumebacillaceae,Turneriellaceae,UB4802,UBA10575,UBA12059,UBA12178,UBA12420,UBA1381,UBA1444,UBA2595,UBA3941,UBA4045,UBA4068,UBA4971,UBA5301,UBA5368,UBA5500,UBA5550,UBA5734,UBA5745,UBA5962,UBA6099,UBA6191,UBA6769,UBA7701,UBA8154,UBA8346,UBA9216,UBA929,UBA994,UBA9980,UMGS1260,UMGS416,VENG01,Vagococcaceae,Vallitaleaceae,WQUN01,WRAA01,WRAX01,WRBN01,Xylanivirgaceae,YIM-B00363,ZC4RG38,ZCTH02-B6,Zhaonellaceae
gtdb_only	318	4572-78,70-9,ATM1,Acetivibrionaceae,Acetohalobiaceae,Acetonemaceae,Acidaminobacteraceae,Acidibacillaceae,Actinomycetaceae,Acutalibacteraceae,Aeribacillaceae,Aerococcaceae,Alicyclobacillaceae,Alkalibacillaceae,Alkalibacteraceae,Ammonificaceae,Amphibacillaceae,Anaerobacillaceae,Anaerolineaceae,Anaeromusaceae,Anaerotignaceae,Anaerovoracaceae,Aneurinibacillaceae,Anoxybacillaceae,Aquicultoraceae,B1SED10-159,B1SED10-174,BH030062,BICA1-8,BM714,Bacillaceae,Bacillaceae_B,Bacillaceae_C,Bacillaceae_D,Bacillaceae_F,Bacillaceae_G,Bacillaceae_H,Bacillaceae_I,Bacillaceae_J,Bacillaceae_L,Bacillaceae_N,Bacillaceae_O,Baltobacteraceae,Brevibacillaceae,Bu92,Butyricicoccaceae,CADDYW01,CAG-138,CAG-272,CAG-274,CAG-382,CAG-74,CAIXPF01,CAIYQO01,CAJBBX01,CF-72,CSP1-4,CTSoil-072,CTSoil-080,Caldanaerobiaceae,Caldibacillaceae,Caldicellulosiruptoraceae,Caldicoprobacteraceae,Caldilineaceae,Caloramatoraceae,Caminicellaceae,Capsulimonadaceae,Carboxydothermaceae,Carnobacteriaceae,Cellulomonadaceae,Cellulosilyticaceae,Ch109,Ch115,Ch29,Christensenellaceae,Chthonomonadaceae,Clostridiaceae,DRI-13,DSM-1321,DSM-13327,DSM-15969,DSM-18226,DSM-22653,DSM-24629,DSM-25281,DSM-27016,DSM-28697,DSM-2933,DSM-8532,DTU010,DTU012,DTU013,DTU014,DTU015,DTU022,DTU025,DTU029,DTU030,DTU052,DTU065,DTU073,DTU080,DTU083,DTU084,DTU086,DTU087,DUEN01,DULZ01,DUMB01,DUMC01,DUMP01,DUMU01,DUMW01,DUPL01,DUSS01,DY22613,Defluviitaleaceae,Dendrosporobacteraceae,Dermatophilaceae,Desulfallaceae,Desulfitibacteraceae,Desulfitobacteriaceae,Desulfocucumaceae,Desulfofarciminaceae,Desulfohalotomaculaceae,Desulforudaceae,Desulfotomaculaceae,Desulfovirgulaceae,Desulfuribacillaceae,Dethiobacteraceae,Domibacillaceae,E44-bin32,Effusibacillaceae,Enterococcaceae,EnvOPS12,Erysipelotrichaceae,Ethanoligenenaceae,Eubacteriaceae,Euzebyaceae,Exiguobacteraceae,FW602-bin22,Fictibacillaceae,Filifactoraceae,Fimbriimonadaceae,GBS-DC,Gaiellaceae,Garciellaceae,Geodermatophilaceae,Gottschalkiaceae,HB172195,HRBIN16,HRBIN17,HRBIN32,Halanaerobiaceae,Halarsenatibacteraceae,Halobacillaceae,Halobacteroidaceae,Heliobacteriaceae,Humimicrobiaceae,Ilumatobacteraceae,J111,JAAYNZ01,JAAYPU01,JAAZEB01,JAAZLZ01,JABLXB01,JABLXJ01,JABUFB01,JACCZL01,JACDGC01,JACDOC01,JADMJV01,JADQBR01,JAJPHF01,JAJTBE01,JAJYTV01,JAJYVN01,JAJZPE01,JANLFN01,JC228,JCM-10596,Jeotgalibacillaceae,K13,Kineococcaceae,Koleobacteraceae,Kyrpidiaceae,Lachnospiraceae,Lactobacillaceae,Limnochordaceae,Lutisporaceae,MES13,Mahellaceae,Marinococcaceae,Massilibacillaceae,Micrococcaceae,Micromonosporaceae,Microtrichaceae,Miltoncostaeaceae,Moorellaceae,Motilibacteraceae,NBRC-103111,Nap2-2B,Natranaerobiaceae,Natronincolaceae,Nitriliruptoraceae,Nocardioidaceae,Oscillospiraceae,Oxobacteraceae,PH28-bin88,PUMD01,PWPR01,Paenibacillaceae,Palsa-688,Pelotomaculaceae,Peptostreptococcaceae,Planococcaceae,Propionisporaceae,Proteiniboraceae,Proteinivoraceae,Pseudonocardiaceae,QPJT01,Quadrisphaeraceae,RAAP-2,RAOX-1,RBG-13-55-18,RGIG9151,RGZZ01,RSA5,Reconciliibacillaceae,Ruminococcaceae,SA4,SCRA01,SCSIO-06110,SIT17,SK-Y3,SKNC01,SLMV01,SLTJ01,SZUA-35,SZUA-584,Salisediminibacteriaceae,Sedimentibacteraceae,Selenomonadaceae,Solirubrobacteraceae,Sporanaerobacteraceae,Sporolactobacillaceae,Sporomusaceae,Streptosporangiaceae,Sulfobacillaceae,Symbiobacteriaceae,Syntrophobotulaceae,Syntrophomonadaceae,Syntrophothermaceae,T1SED10-28,TK06,Tepidanaerobacteraceae,Tepidibacillaceae,Tepidiformaceae,Tepidimicrobiaceae,Thermacetogeniaceae,Thermaerobacteraceae,Thermoanaerobacteraceae,Thermohalobacteraceae,Thermoleophilaceae,Thermomicrobiaceae,Thermosediminibacteraceae,Thermosinaceae,Thermotaleaceae,Tindalliaceae,Tissierellaceae,Tissierellaceae_A,Tissierellaceae_B,Tissierellaceae_C,Tumebacillaceae,UBA10575,UBA10988,UBA11657,UBA12225,UBA12420,UBA1381,UBA1444,UBA2595,UBA2979,UBA3941,UBA4045,UBA4068,UBA4823,UBA4971,UBA5301,UBA5352,UBA5500,UBA5734,UBA5745,UBA5829,UBA5962,UBA6077,UBA6663,UBA6769,UBA7701,UBA8154,UBA8190,UBA8346,UBA929,UBA994,UMGS1260,UMGS416,VENG01,VGOW01,Vagococcaceae,Vallitaleaceae,WQUN01,WRAA01,WRAX01,Xylanivirgaceae,YIM-B00363,ZC4RG38,ZCTH02-B6,Zhaonellaceae
gtdb_only	328	4572-78,70-9,ATM1,Acetivibrionaceae,Acetohalobiaceae,Acetonemaceae,Acidaminobacteraceae,Acidibacillaceae,Actinomycetaceae,Acutalibacteraceae,Aeribacillaceae,Aerococcaceae,Alicyclobacillaceae,Alkalibacillaceae,Alkalibacteraceae,Ammonificaceae,Amphibacillaceae,Anaerobacillaceae,Anaerolineaceae,Anaeromusaceae,Anaerotignaceae,Anaerovoracaceae,Aneurinibacillaceae,Anoxybacillaceae,Aquicultoraceae,B1SED10-159,B1SED10-174,BH030062,BICA1-8,BM714,Bacillaceae,Bacillaceae_B,Bacillaceae_C,Bacillaceae_D,Bacillaceae_F,Bacillaceae_G,Bacillaceae_H,Bacillaceae_I,Bacillaceae_J,Bacillaceae_L,Bacillaceae_N,Bacillaceae_O,Baltobacteraceae,Brevibacillaceae,Bu92,Butyricicoccaceae,CADDYW01,CAG-138,CAG-272,CAG-274,CAG-382,CAG-74,CAIXPF01,CAIYQO01,CAJBBX01,CAJFVJ01,CF-72,CSP1-4,CTSoil-072,CTSoil-080,Caldanaerobiaceae,Caldibacillaceae,Caldicellulosiruptoraceae,Caldicoprobacteraceae,Caldilineaceae,Caloramatoraceae,Caminicellaceae,Capsulimonadaceae,Carboxydothermaceae,Carnobacteriaceae,Cellulomonadaceae,Cellulosilyticaceae,Ch109,Ch115,Ch29,Christensenellaceae,Chthonomonadaceae,Clostridiaceae,DRI-13,DSM-1321,DSM-13327,DSM-15969,DSM-18226,DSM-22653,DSM-24629,DSM-25281,DSM-27016,DSM-28697,DSM-2933,DSM-8532,DTU010,DTU012,DTU013,DTU014,DTU015,DTU022,DTU025,DTU029,DTU030,DTU052,DTU065,DTU073,DTU080,DTU083,DTU084,DTU086,DTU087,DUEN01,DULZ01,DUMB01,DUMC01,DUMP01,DUMU01,DUMW01,DUPL01,DUSS01,DY22613,Defluviitaleaceae,Dendrosporobacteraceae,Dermatophilaceae,Desulfallaceae,Desulfitibacteraceae,Desulfitobacteriaceae,Desulfocucumaceae,Desulfofarciminaceae,Desulfohalotomaculaceae,Desulforudaceae,Desulfotomaculaceae,Desulfovirgulaceae,Desulfuribacillaceae,Dethiobacteraceae,Domibacillaceae,E44-bin32,Effusibacillaceae,Enterococcaceae,EnvOPS12,Erysipelotrichaceae,Ethanoligenenaceae,Eubacteriaceae,Euzebyaceae,Exiguobacteraceae,FW602-bin22,Fictibacillaceae,Filifactoraceae,Fimbriimonadaceae,GBS-DC,GWF2-35-9,Gaiellaceae,Garciellaceae,Gastranaerophilaceae,Geodermatophilaceae,Gottschalkiaceae,HB172195,HRBIN16,HRBIN17,HRBIN32,Halanaerobiaceae,Halarsenatibacteraceae,Halobacillaceae,Halobacteroidaceae,Heliobacteriaceae,Humimicrobiaceae,Ilumatobacteraceae,J111,JAAYNZ01,JAAYPU01,JAAZEB01,JAAZLZ01,JABLXB01,JABLXJ01,JABUFB01,JACCZL01,JACDGC01,JACDOC01,JADMJV01,JADQBR01,JAJPHF01,JAJTBE01,JAJYTV01,JAJYVN01,JAJZPE01,JANLFN01,JC228,JCM-10596,Jeotgalibacillaceae,K13,Kineococcaceae,Koleobacteraceae,Kyrpidiaceae,LMEP-6097,Lachnospiraceae,Lactobacillaceae,Limnochordaceae,Lutisporaceae,MES13,Mahellaceae,Marinococcaceae,Massilibacillaceae,Micrococcaceae,Micromonosporaceae,Microtrichaceae,Miltoncostaeaceae,Moorellaceae,Motilibacteraceae,NBRC-103111,Nap2-2B,Natranaerobiaceae,Natronincolaceae,Nitriliruptoraceae,Nocardioidaceae,Oscillospiraceae,Oxobacteraceae,PH28-bin88,PUMD01,PWPR01,Paenibacillaceae,Palsa-688,Pelotomaculaceae,Peptostreptococcaceae,Planococcaceae,Propionisporaceae,Proteiniboraceae,Proteinivoraceae,Pseudonocardiaceae,QPJT01,Quadrisphaeraceae,RAAP-2,RAOX-1,RBG-13-55-18,RGIG9151,RGZZ01,RSA5,RUG14156,Reconciliibacillaceae,Ruminococcaceae,SA4,SCRA01,SCSIO-06110,SIT17,SK-Y3,SKNC01,SLMV01,SLTJ01,SZUA-35,SZUA-584,Salisediminibacteriaceae,Sedimentibacteraceae,Selenomonadaceae,Solirubrobacteraceae,Sporanaerobacteraceae,Sporolactobacillaceae,Sporomusaceae,Streptosporangiaceae,Sulfobacillaceae,Symbiobacteriaceae,Syntrophobotulaceae,Syntrophomonadaceae,Syntrophothermaceae,T1SED10-28,TK06,Tepidanaerobacteraceae,Tepidibacillaceae,Tepidiformaceae,Tepidimicrobiaceae,Thermacetogeniaceae,Thermaerobacteraceae,Thermoanaerobacteraceae,Thermohalobacteraceae,Thermoleophilaceae,Thermomicrobiaceae,Thermosediminibacteraceae,Thermosinaceae,Thermotaleaceae,Tindalliaceae,Tissierellaceae,Tissierellaceae_A,Tissierellaceae_B,Tissierellaceae_C,Tumebacillaceae,UBA10575,UBA10988,UBA11657,UBA12225,UBA12420,UBA1381,UBA1444,UBA2595,UBA2979,UBA3941,UBA4045,UBA4068,UBA4093,UBA4823,UBA4971,UBA5301,UBA5352,UBA5500,UBA5734,UBA5745,UBA5829,UBA5962,UBA6077,UBA6663,UBA6769,UBA7694,UBA7701,UBA8154,UBA8190,UBA8346,UBA929,UBA994,UBA9971,UMGS1260,UMGS416,VENG01,VGJW01,VGOW01,Vagococcaceae,Vallitaleaceae,Vampirovibrionaceae,WQUN01,WRAA01,WRAX01,Xylanivirgaceae,YIM-B00363,ZC4RG38,ZCTH02-B6,Zhaonellaceae
flagella_only	328	2-02-FULL-58-16,2-02-FULL-58-16_A,20CM-2-55-15,21-64-14,33-17,40CM-4-68-19,AK92,AKS1,Acanthopleuribacteraceae,Acetobacteraceae,Acidihalobacteraceae,Acidithiobacillaceae,Acidobacteriaceae,Aeromonadaceae,Aestuariirhabdaceae,Ahniellaceae,Alcanivoracaceae,Algiphilaceae,Alteromonadaceae,Anaeromyxobacteraceae,Ancalomicrobiaceae,Aquaspirillaceae,Aquisalimonadaceae,Azospirillaceae,B64-G9,BW-2,Beijerinckiaceae,Berkiellaceae,Bradymonadaceae,Bryobacteraceae,Burkholderiaceae,Burkholderiaceae_A,Burkholderiaceae_B,Burkholderiaceae_C,Burkholderiaceae_D,CACIAM-22H2,CACZRW01,CAG-239,CAG-977,CAIKXV01,CAIRSR01,CAIWXX01,CAJQPC01,CALZJG01,CGMCC-115125,Casimicrobiaceae,Casp-alpha2,Caulobacteraceae,Celerinatantimonadaceae,Cellvibrionaceae,Chitinibacteraceae,Chitinimonadaceae,Chromatiaceae,Chromobacteriaceae,Cohaesibacteraceae,Competibacteraceae,Cycloclasticaceae,DC-out160,DC0425bin3,DP-6,DRMK01,DSM-103792,DSM-16500,DSM-19610,DSM-21159,DSM-21967,DSM-6294,Devosiaceae,Dongiaceae,Ectothiorhodospiraceae,Elsteraceae,Emcibacteraceae,Endozoicomonadaceae,Enterobacteriaceae,Fen-1088,Ferrovaceae,Ferrovibrionaceae,Flavobacteriaceae,GCA-001735895,GCA-002684695,GCA-002770795,GCA-2400775,GCA-2696645,GCA-2717185,GCA-2729495,GCA-2731375,GCA-2746155,GCA-2746255,GCA-2746425,GCA-2862545,GCA-2863065,GCF-002020875,GRL18,Ga007554,Ga0077523,Ga0077536,Ga0077539,Gallaecimonadaceae,Gallionellaceae,Geminicoccaceae,Granulosicoccaceae,HGW-17,HTCC2089,Haliangiaceae,Halieaceae,Halomonadaceae,Halorhodospiraceae,Halothiobacillaceae,Holophagaceae,HyVt-429,Hyphomonadaceae,IMCC2047,Immundisolibacteraceae,Inquilinaceae,J009,J044,J045,J090,J153,JAABTG01,JAADGQ01,JAADHS01,JAAYKL01,JABCZZ01,JABDKV01,JABDQX01,JABEVD01,JABHGC01,JADGCH01,JADJMO01,JADJWH01,JAEULC01,JAEUOS01,JAFLCA01,JAFLJP01,JAFNAJ01,JAHJQQ01,JAHRWD01,JAJFHC01,JAJPIJ01,JAJZQI01,JAKAFK01,JAKLHH01,Kangiellaceae,Ketobacteraceae,Kiloniellaceae,Kordiimonadaceae,Koribacteraceae,Leeiaceae,Legionellaceae,Litoricolaceae,Magnetaquicoccaceae,Magnetococcaceae,Magnetospirillaceae,Magnetovibrionaceae,Maricaulaceae,Marinomonadaceae,Mariprofundaceae,Methylococcaceae,Methylomonadaceae,Methylophagaceae,Methylophilaceae,Methylopilaceae,Methylothermaceae,Micavibrionaceae,Micropepsaceae,Midichloriaceae,Minwuiaceae,Moraxellaceae,Moritellaceae,Myxococcaceae,Nannocystaceae,Natronospirillaceae,Neiellaceae,Nevskiaceae,Nitrincolaceae,Nitrococcaceae,Nitrosococcaceae,Nitrosomonadaceae,OMII01,OSC116,Oceanibaculaceae,Oceanococcaceae,Oleiphilaceae,PHBI01,PR03,PWYM01,Palsa-1104,Parvibaculaceae,Parvularculaceae,Phreatobacteraceae,Piscirickettsiaceae,Pleomorphomonadaceae,Polarisedimenticolaceae,Polyangiaceae,Porticoccaceae,Pseudohongiellaceae,Pseudomonadaceae,Psychrobiaceae,Psychromonadaceae,Puniceispirillaceae,Pyrinomonadaceae,QZLD01,RBC074,RBG-16-58-11,RFNS01,RFPC01,RGZA01,RS24,Rhizobiaceae,Rhodanobacteraceae,Rhodobacteraceae,Rhodobiaceae,Rhodocyclaceae,Rhodospirillaceae,Rhodothalassiaceae,Rhodovibrionaceae,S012-40,SCN-69-37,SCOH01,SCQP01,SG8-11,SG8-39,SG8-41,SHVZ01,SHXO01,SLND01,SMXQ01,SXON01,SXRF01,SZUA-140,SZUA-149,SZUA-152,SZUA-21,SZUA-229,SZUA-336,SZUA-76,Salinisphaeraceae,Sandaracinaceae,SbA1,Sedimenticolaceae,Shewanellaceae,Sneathiellaceae,Sphingomonadaceae,Spongiibacteraceae,Stappiaceae,Stellaceae,Steroidobacteraceae,Succinivibrionaceae,Sulfuricellaceae,Sulfuriferulaceae,TH1-2,TMED127,TMED2,Tenderiaceae,Tepidamorphaceae,Terasakiellaceae,Thalassobaculaceae,Thalassospiraceae,Thioalkalivibrionaceae,Thiobacillaceae,Thiohalobacteraceae,Thiohalomonadaceae,Thiomicrospiraceae,Tistrellaceae,UBA1113,UBA1172,UBA12015,UBA1532,UBA1908,UBA2020,UBA2136,UBA2165,UBA2385,UBA2780,UBA2964,UBA2966,UBA2999,UBA3002,UBA3065,UBA3067,UBA4151,UBA4427,UBA4486,UBA4575,UBA5335,UBA5518,UBA5861,UBA6156,UBA6429,UBA6503,UBA6522,UBA6615,UBA6901,UBA6911,UBA6930,UBA7434,UBA7540,UBA7541,UBA796,UBA8363,UBA8366,UBA9215,UBA9219,UBA9220,UBA9615,UBA9968,UBA998,UTPRO1,UWMA-0217,UXAT02,Usitatibacteraceae,VBWC01,VGDC01,VGSZ01,Vibrionaceae,Vicinamibacteraceae,WMHbin7,WYAZ01,WYBJ01,Wenzhouxiangellaceae,Woeseiaceae,XN24,XYA12-FULL-58-9,Xanthobacteraceae,Xanthomonadaceae,Zavarziniaceae,Zooshikellaceae
gtdb_only	348	4572-78,70-9,ATM1,Acetivibrionaceae,Acetohalobiaceae,Acetomicrobiaceae,Acetonemaceae,Acidaminobacteraceae,Acidibacillaceae,Actinomycetaceae,Acutalibacteraceae,Aeribacillaceae,Aerococcaceae,Alicyclobacillaceae,Alkalibacillaceae,Alkalibacteraceae,Aminiphilaceae,Aminobacteriaceae,Ammonificaceae,Amphibacillaceae,Anaerobacillaceae,Anaerolineaceae,Anaeromusaceae,Anaerotignaceae,Anaerovoracaceae,Aneurinibacillaceae,Anoxybacillaceae,Aquicultoraceae,B1SED10-159,B1SED10-174,B3-G13,BH030062,BICA1-8,BM714,Bacillaceae,Bacillaceae_B,Bacillaceae_C,Bacillaceae_D,Bacillaceae_F,Bacillaceae_G,Bacillaceae_H,Bacillaceae_I,Bacillaceae_J,Bacillaceae_L,Bacillaceae_N,Bacillaceae_O,Baltobacteraceae,Brevibacillaceae,Bu92,Butyricicoccaceae,CADDYW01,CAG-138,CAG-272,CAG-274,CAG-382,CAG-74,CAIXPF01,CAIYQO01,CAJBBX01,CAJFVJ01,CF-72,CSP1-4,CTSoil-072,CTSoil-080,Caldanaerobiaceae,Caldatribacteriaceae,Caldibacillaceae,Caldicellulosiruptoraceae,Caldicoprobacteraceae,Caldilineaceae,Caloramatoraceae,Caminicellaceae,Capsulimonadaceae,Carboxydothermaceae,Carnobacteriaceae,Cellulomonadaceae,Cellulosilyticaceae,Ch109,Ch115,Ch29,Christensenellaceae,Chthonomonadaceae,Clostridiaceae,DRI-13,DSM-1321,DSM-13327,DSM-15969,DSM-18226,DSM-22653,DSM-24629,DSM-25281,DSM-27016,DSM-28697,DSM-2933,DSM-5069,DSM-8532,DTU010,DTU012,DTU013,DTU014,DTU015,DTU022,DTU025,DTU029,DTU030,DTU052,DTU065,DTU073,DTU080,DTU083,DTU084,DTU086,DTU087,DUEN01,DULZ01,DUMB01,DUMC01,DUMJ01,DUMP01,DUMU01,DUMW01,DUPL01,DUSS01,DY22613,Defluviitaleaceae,Dendrosporobacteraceae,Dermatophilaceae,Desulfallaceae,Desulfitibacteraceae,Desulfitobacteriaceae,Desulfocucumaceae,Desulfofarciminaceae,Desulfohalotomaculaceae,Desulforudaceae,Desulfotomaculaceae,Desulfovirgulaceae,Desulfuribacillaceae,Dethiobacteraceae,Dethiosulfovibrionaceae,Domibacillaceae,E44-bin32,Effusibacillaceae,Enterococcaceae,EnvOPS12,Erysipelotrichaceae,Ethanoligenenaceae,Eubacteriaceae,Euzebyaceae,Exiguobacteraceae,FW602-bin22,Fervidobacteriaceae,Fictibacillaceae,Filifactoraceae,Fimbriimonadaceae,GBS-1,GBS-DC,GWF2-35-9,Gaiellaceae,Garciellaceae,Gastranaerophilaceae,Geodermatophilaceae,Gottschalkiaceae,HB172195,HRBIN16,HRBIN17,HRBIN32,Halanaerobiaceae,Halarsenatibacteraceae,Halobacillaceae,Halobacteroidaceae,Heliobacteriaceae,Humimicrobiaceae,Ilumatobacteraceae,J111,JAAYNZ01,JAAYPU01,JAAZEB01,JAAZLZ01,JABLXB01,JABLXJ01,JABUFB01,JACCZL01,JACDGC01,JACDOC01,JADMJV01,JADQBR01,JAJPHF01,JAJTBE01,JAJYTV01,JAJYVN01,JAJZPE01,JANLFN01,JC228,JCM-10596,Jeotgalibacillaceae,K13,Kineococcaceae,Koleobacteraceae,Kyrpidiaceae,LMEP-6097,Lachnospiraceae,Lactobacillaceae,Limnochordaceae,Lutisporaceae,MES13,MWEM01,Mahellaceae,Marinococcaceae,Massilibacillaceae,Mesoaciditogaceae,Micrococcaceae,Micromonosporaceae,Microtrichaceae,Miltoncostaeaceae,Moorellaceae,Motilibacteraceae,NBRC-103111,Nap2-2B,Natranaerobiaceae,Natronincolaceae,Nitriliruptoraceae,Nocardioidaceae,Oscillospiraceae,Oxobacteraceae,PH28-bin88,PUMD01,PWPR01,Paenibacillaceae,Palsa-688,Pelotomaculaceae,Peptostreptococcaceae,Petrotogaceae,Planococcaceae,Propionisporaceae,Proteiniboraceae,Proteinivoraceae,Pseudonocardiaceae,QPJT01,Quadrisphaeraceae,RAAP-2,RAOX-1,RBG-13-55-18,RGIG9151,RGZZ01,RSA5,RUG14156,Reconciliibacillaceae,Ruminococcaceae,SA4,SCRA01,SCSIO-06110,SIT17,SK-Y3,SKNC01,SLMV01,SLTJ01,SV1-B22,SZUA-35,SZUA-584,Salisediminibacteriaceae,Sedimentibacteraceae,Selenomonadaceae,Solirubrobacteraceae,Sporanaerobacteraceae,Sporolactobacillaceae,Sporomusaceae,Streptosporangiaceae,Sulfobacillaceae,Symbiobacteriaceae,Synergistaceae,Syntrophobotulaceae,Syntrophomonadaceae,Syntrophothermaceae,T1SED10-28,TK06,Tepidanaerobacteraceae,Tepidibacillaceae,Tepidiformaceae,Tepidimicrobiaceae,Thermacetogeniaceae,Thermaerobacteraceae,Thermoanaerobacteraceae,Thermodesulfobiaceae,Thermohalobacteraceae,Thermoleophilaceae,Thermomicrobiaceae,Thermosediminibacteraceae,Thermosinaceae,Thermosynergistaceae,Thermotaleaceae,Thermotogaceae,Thermovirgaceae,Tindalliaceae,Tissierellaceae,Tissierellaceae_A,Tissierellaceae_B,Tissierellaceae_C,Tumebacillaceae,UBA10575,UBA10988,UBA11657,UBA12178,UBA12225,UBA12420,UBA1381,UBA1444,UBA2595,UBA2979,UBA3941,UBA4045,UBA4068,UBA4093,UBA4823,UBA4971,UBA5301,UBA5352,UBA5500,UBA5734,UBA5745,UBA5829,UBA5962,UBA6077,UBA6663,UBA6769,UBA7694,UBA7701,UBA8154,UBA8190,UBA8346,UBA929,UBA994,UBA9971,UMGS1260,UMGS416,VENG01,VGJW01,VGOW01,Vagococcaceae,Vallitaleaceae,Vampirovibrionaceae,WQUN01,WRAA01,WRAX01,Xylanivirgaceae,YIM-B00363,ZC4RG38,ZCTH02-B6,Zhaonellaceae
gtdb_only	355	4572-78,70-9,ATM1,Acetivibrionaceae,Acetohalobiaceae,Acetomicrobiaceae,Acetonemaceae,Acidaminobacteraceae,Acidibacillaceae,Actinomycetaceae,Acutalibacteraceae,Aeribacillaceae,Aerococcaceae,Alicyclobacillaceae,Alkalibacillaceae,Alkalibacteraceae,Aminiphilaceae,Aminobacteriaceae,Ammonificaceae,Amphibacillaceae,Anaerobacillaceae,Anaerolineaceae,Anaeromusaceae,Anaerotignaceae,Anaerovoracaceae,Aneurinibacillaceae,Anoxybacillaceae,Aquicultoraceae,B1SED10-159,B1SED10-174,B3-G13,BH030062,BICA1-8,BM714,Bacillaceae,Bacillaceae_B,Bacillaceae_C,Bacillaceae_D,Bacillaceae_F,Bacillaceae_G,Bacillaceae_H,Bacillaceae_I,Bacillaceae_J,Bacillaceae_L,Bacillaceae_N,Bacillaceae_O,Baltobacteraceae,Brevibacillaceae,Bu92,Butyricicoccaceae,CADDYW01,CAG-138,CAG-272,CAG-274,CAG-382,CAG-74,CAIXPF01,CAIYQO01,CAJBBX01,CAJFVJ01,CF-72,CSP1-4,CTSoil-072,CTSoil-080,Caldanaerobiaceae,Caldatribacteriaceae,Caldibacillaceae,Caldicellulosiruptoraceae,Caldicoprobacteraceae,Caldilineaceae,Caloramatoraceae,Caminicellaceae,Capsulimonadaceae,Carboxydothermaceae,Carnobacteriaceae,Cellulomonadaceae,Cellulosilyticaceae,Ch109,Ch115,Ch29,Christensenellaceae,Chthonomonadaceae,Clostridiaceae,DRI-13,DSM-1321,DSM-13327,DSM-15969,DSM-18226,DSM-22653,DSM-24629,DSM-25281,DSM-27016,DSM-28697,DSM-2933,DSM-5069,DSM-8532,DTU010,DTU012,DTU013,DTU014,DTU015,DTU022,DTU025,DTU029,DTU030,DTU052,DTU065,DTU073,DTU080,DTU083,DTU084,DTU086,DTU087,DUEN01,DULZ01,DUMB01,DUMC01,DUMJ01,DUMP01,DUMU01,DUMW01,DUPL01,DUSS01,DY22613,Defluviitaleaceae,Dendrosporobacteraceae,Dermatophilaceae,Desulfallaceae,Desulfitibacteraceae,Desulfitobacteriaceae,Desulfocucumaceae,Desulfofarciminaceae,Desulfohalotomaculaceae,Desulforudaceae,Desulfotomaculaceae,Desulfovirgulaceae,Desulfuribacillaceae,Dethiobacteraceae,Dethiosulfovibrionaceae,Domibacillaceae,E44-bin32,Effusibacillaceae,Enterococcaceae,EnvOPS12,Erysipelotrichaceae,Ethanoligenenaceae,Eubacteriaceae,Euzebyaceae,Exiguobacteraceae,FW602-bin22,Fervidobacteriaceae,Fictibacillaceae,Filifactoraceae,Fimbriimonadaceae,Fusobacteriaceae,GBS-1,GBS-DC,GWF2-35-9,Gaiellaceae,Garciellaceae,Gastranaerophilaceae,Geodermatophilaceae,Gottschalkiaceae,HB172195,HRBIN16,HRBIN17,HRBIN32,Halanaerobiaceae,Halarsenatibacteraceae,Halobacillaceae,Halobacteroidaceae,Heliobacteriaceae,Humimicrobiaceae,Ilumatobacteraceae,J111,JAAYNZ01,JAAYPU01,JAAZEB01,JAAZLZ01,JABLXB01,JABLXJ01,JABUFB01,JACCZL01,JACDGC01,JACDOC01,JADMJV01,JADQBR01,JAFGCY01,JAJPHF01,JAJTBE01,JAJYTV01,JAJYVN01,JAJZPE01,JANLFN01,JC228,JCM-10596,Jeotgalibacillaceae,K13,Kineococcaceae,Koleobacteraceae,Kyrpidiaceae,LMEP-6097,Lachnospiraceae,Lactobacillaceae,Limnochordaceae,Lutisporaceae,MES13,MWEM01,Mahellaceae,Marinococcaceae,Massilibacillaceae,Mesoaciditogaceae,Micrococcaceae,Micromonosporaceae,Microtrichaceae,Miltoncostaeaceae,Moorellaceae,Motilibacteraceae,Muirbacteriaceae,NBRC-103111,Nap2-2B,Natranaerobiaceae,Natronincolaceae,Nitriliruptoraceae,Nocardioidaceae,Oscillospiraceae,Oxobacteraceae,Ozemobacteraceae,PH28-bin88,PUMD01,PWPR01,Paenibacillaceae,Palsa-688,Pelotomaculaceae,Peptostreptococcaceae,Petrotogaceae,Planococcaceae,Propionisporaceae,Proteiniboraceae,Proteinivoraceae,Pseudonocardiaceae,QPJT01,Quadrisphaeraceae,RAAP-2,RAOX-1,RBG-13-55-18,RGIG9151,RGZZ01,RSA5,RUG14156,Reconciliibacillaceae,Ruminococcaceae,SA4,SCRA01,SCSIO-06110,SIT17,SK-Y3,SKNC01,SLMV01,SLTJ01,SV1-B22,SZUA-35,SZUA-584,Salisediminibacteriaceae,Sedimentibacteraceae,Selenomonadaceae,Solirubrobacteraceae,Sporanaerobacteraceae,Sporolactobacillaceae,Sporomusaceae,Streptosporangiaceae,Sulfobacillaceae,Symbiobacteriaceae,Synergistaceae,Syntrophobotulaceae,Syntrophomonadaceae,Syntrophothermaceae,T1SED10-28,TK06,Tepidanaerobacteraceae,Tepidibacillaceae,Tepidiformaceae,Tepidimicrobiaceae,Thermacetogeniaceae,Thermaerobacteraceae,Thermoanaerobacteraceae,Thermodesulfobiaceae,Thermohalobacteraceae,Thermoleophilaceae,Thermomicrobiaceae,Thermosediminibacteraceae,Thermosinaceae,Thermosynergistaceae,Thermotaleaceae,Thermotogaceae,Thermovirgaceae,Tindalliaceae,Tissierellaceae,Tissierellaceae_A,Tissierellaceae_B,Tissierellaceae_C,Tumebacillaceae,UBA10575,UBA10988,UBA11657,UBA12178,UBA12225,UBA12420,UBA1381,UBA1444,UBA2595,UBA2979,UBA3941,UBA4045,UBA4068,UBA4093,UBA4823,UBA4971,UBA5301,UBA5352,UBA5500,UBA5734,UBA5745,UBA5829,UBA5962,UBA6077,UBA6099,UBA6191,UBA6663,UBA6769,UBA7694,UBA7701,UBA8154,UBA8190,UBA8346,UBA929,UBA994,UBA9971,UBA9980,UMGS1260,UMGS416,VENG01,VGJW01,VGOW01,Vagococcaceae,Vallitaleaceae,Vampirovibrionaceae,WQUN01,WRAA01,WRAX01,Xylanivirgaceae,YIM-B00363,ZC4RG38,ZCTH02-B6,Zhaonellaceae
gtdb_only	363	4484-171,4572-78,70-9,AE-B3A,ATM1,Acetivibrionaceae,Acetohalobiaceae,Acetomicrobiaceae,Acetonemaceae,Acidaminobacteraceae,Acidibacillaceae,Actinomycetaceae,Acutalibacteraceae,Aeribacillaceae,Aerococcaceae,Alicyclobacillaceae,Alkalibacillaceae,Alkalibacteraceae,Aminiphilaceae,Aminobacteriaceae,Ammonificaceae,Amphibacillaceae,Anaerobacillaceae,Anaerolineaceae,Anaeromusaceae,Anaerotignaceae,Anaerovoracaceae,Aneurinibacillaceae,Anoxybacillaceae,Aquicultoraceae,Auribacteraceae,B1SED10-159,B1SED10-174,B3-G13,B3-G15,BH030062,BICA1-8,BM714,Bacillaceae,Bacillaceae_B,Bacillaceae_C,Bacillaceae_D,Bacillaceae_F,Bacillaceae_G,Bacillaceae_H,Bacillaceae_I,Bacillaceae_J,Bacillaceae_L,Bacillaceae_N,Bacillaceae_O,Baltobacteraceae,Brevibacillaceae,Bu92,Butyricicoccaceae,CADDYW01,CAG-138,CAG-272,CAG-274,CAG-382,CAG-74,CAIXPF01,CAIYQO01,CAJBBX01,CAJFVJ01,CF-72,CSP1-4,CTSoil-072,CTSoil-080,Caldanaerobiaceae,Caldatribacteriaceae,Caldibacillaceae,Caldicellulosiruptoraceae,Caldicoprobacteraceae,Caldilineaceae,Caloramatoraceae,Caminicellaceae,Capsulimonadaceae,Carboxydothermaceae,Carnobacteriaceae,Cellulomonadaceae,Cellulosilyticaceae,Ch109,Ch115,Ch29,Christensenellaceae,Chthonomonadaceae,Clostridiaceae,DRI-13,DSM-1321,DSM-13327,DSM-15969,DSM-18226,DSM-22653,DSM-24629,DSM-25281,DSM-27016,DSM-28697,DSM-2933,DSM-5069,DSM-8532,DTU010,DTU012,DTU013,DTU014,DTU015,DTU022,DTU025,DTU029,DTU030,DTU052,DTU065,DTU073,DTU080,DTU083,DTU084,DTU086,DTU087,DUEN01,DULZ01,DUMB01,DUMC01,DUMJ01,DUMP01,DUMU01,DUMW01,DUPL01,DUSS01,DY22613,Defluviitaleaceae,Dendrosporobacteraceae,Dermatophilaceae,Desulfallaceae,Desulfitibacteraceae,Desulfitobacteriaceae,Desulfocucumaceae,Desulfofarciminaceae,Desulfohalotomaculaceae,Desulforudaceae,Desulfotomaculaceae,Desulfovirgulaceae,Desulfuribacillaceae,Dethiobacteraceae,Dethiosulfovibrionaceae,Domibacillaceae,E44-bin32,Effusibacillaceae,Enterococcaceae,EnvOPS12,Erysipelotrichaceae,Ethanoligenenaceae,Eubacteriaceae,Euzebyaceae,Exiguobacteraceae,FEN-1173,FW602-bin22,Fervidobacteriaceae,Fictibacillaceae,Filifactoraceae,Fimbriimonadaceae,Fusobacteriaceae,GBS-1,GBS-DC,GWF2-35-9,Gaiellaceae,Garciellaceae,Gastranaerophilaceae,Geodermatophilaceae,Gottschalkiaceae,HB172195,HRBIN16,HRBIN17,HRBIN32,Halanaerobiaceae,Halarsenatibacteraceae,Halobacillaceae,Halobacteroidaceae,Heliobacteriaceae,Humimicrobiaceae,Ilumatobacteraceae,J111,JAAXVQ01,JAAYNZ01,JAAYPU01,JAAZEB01,JAAZLZ01,JABLXB01,JABLXJ01,JABUFB01,JACCZL01,JACDGC01,JACDOC01,JADMJV01,JADQBR01,JAFGCY01,JAJPHF01,JAJTBE01,JAJYTV01,JAJYVN01,JAJZPE01,JANLFN01,JC228,JCM-10596,Jeotgalibacillaceae,K13,Kineococcaceae,Koleobacteraceae,Kyrpidiaceae,LMEP-6097,Lachnospiraceae,Lactobacillaceae,Limnochordaceae,Lutisporaceae,MES13,MWEM01,Mahellaceae,Marinococcaceae,Massilibacillaceae,Mesoaciditogaceae,Micrococcaceae,Micromonosporaceae,Microtrichaceae,Miltoncostaeaceae,Moorellaceae,Motilibacteraceae,Muirbacteriaceae,NBRC-103111,Nap2-2B,Natranaerobiaceae,Natronincolaceae,Nitriliruptoraceae,Nocardioidaceae,Oscillospiraceae,Oxobacteraceae,Ozemobacteraceae,PH28-bin88,PUMD01,PWPR01,Paenibacillaceae,Palsa-1178,Palsa-688,Pelotomaculaceae,Peptostreptococcaceae,Petrotogaceae,Planococcaceae,Propionisporaceae,Proteiniboraceae,Proteinivoraceae,Pseudonocardiaceae,QPJT01,Quadrisphaeraceae,RAAP-2,RAOX-1,RBG-13-55-18,RGIG9151,RGZZ01,RSA5,RUG14156,Reconciliibacillaceae,Ruminococcaceae,S143-82,SA4,SCRA01,SCSIO-06110,SIT17,SK-Y3,SKNC01,SLMV01,SLTJ01,SV1-B22,SZUA-35,SZUA-584,Salisediminibacteriaceae,Sedimentibacteraceae,Selenomonadaceae,Solirubrobacteraceae,Sporanaerobacteraceae,Sporolactobacillaceae,Sporomusaceae,Streptosporangiaceae,Sulfobacillaceae,Symbiobacteriaceae,Synergistaceae,Syntrophobotulaceae,Syntrophomonadaceae,Syntrophothermaceae,T1SED10-28,TK06,Tepidanaerobacteraceae,Tepidibacillaceae,Tepidiformaceae,Tepidimicrobiaceae,Thermacetogeniaceae,Thermaerobacteraceae,Thermoanaerobacteraceae,Thermodesulfobiaceae,Thermohalobacteraceae,Thermoleophilaceae,Thermomicrobiaceae,Thermosediminibacteraceae,Thermosinaceae,Thermosynergistaceae,Thermotaleaceae,Thermotogaceae,Thermovirgaceae,Tindalliaceae,Tissierellaceae,Tissierellaceae_A,Tissierellaceae_B,Tissierellaceae_C,Tumebacillaceae,UBA10575,UBA10988,UBA11657,UBA12178,UBA12225,UBA12420,UBA1381,UBA1444,UBA2595,UBA2979,UBA3941,UBA4045,UBA4068,UBA4093,UBA4823,UBA4971,UBA5301,UBA5352,UBA5500,UBA5734,UBA5745,UBA5829,UBA5962,UBA6077,UBA6099,UBA6191,UBA6663,UBA6769,UBA7694,UBA7701,UBA8154,UBA8190,UBA8346,UBA929,UBA994,UBA9971,UBA9980,UMGS1260,UMGS416,VENG01,VGJW01,VGOW01,Vagococcaceae,Vallitaleaceae,Vampirovibrionaceae,WQUN01,WRAA01,WRAX01,Xylanivirgaceae,YIM-B00363,ZC4RG38,ZCTH02-B6,Zhaonellaceae
flagella_only	397	2-12-FULL-62-27,4484-171,4572-78,70-9,ARS1246,ATM1,Acetivibrionaceae,Acetohalobiaceae,Acetomicrobiaceae,Acetonemaceae,Acidaminobacteraceae,Acidibacillaceae,Actinomycetaceae,Acutalibacteraceae,Aeribacillaceae,Aerococcaceae,Alicyclobacillaceae,Alkalibacillaceae,Alkalibacteraceae,Alkalispirochaetaceae,Aminiphilaceae,Aminobacteriaceae,Ammonificaceae,Amphibacillaceae,Anaerobacillaceae,Anaerolineaceae,Anaeromusaceae,Anaerotignaceae,Anaerovoracaceae,Aneurinibacillaceae,Anoxybacillaceae,Aquicultoraceae,B11-G9,B1SED10-159,B1SED10-174,B3-G13,B62-G9,BH030062,BICA1-8,BM714,Bacillaceae,Bacillaceae_B,Bacillaceae_C,Bacillaceae_D,Bacillaceae_F,Bacillaceae_H,Bacillaceae_I,Bacillaceae_J,Bacillaceae_L,Bacillaceae_N,Bacillaceae_O,Baltobacteraceae,Borreliaceae,Brachyspiraceae,Brevibacillaceae,Breznakiellaceae,Bu92,Butyricicoccaceae,CADAEX01,CADDYW01,CAG-138,CAG-272,CAG-274,CAG-382,CAG-74,CAIXPF01,CAIYQO01,CAJBBX01,CALXOJ01,CF-72,CSP1-4,CTSoil-072,CTSoil-080,Caldanaerobiaceae,Caldatribacteriaceae,Caldibacillaceae,Caldicellulosiruptoraceae,Caldicoprobacteraceae,Caldilineaceae,Caloramatoraceae,Caminicellaceae,Capsulimonadaceae,Carboxydothermaceae,Carnobacteriaceae,Cellulomonadaceae,Cellulosilyticaceae,Ch109,Ch115,Ch29,Christensenellaceae,Chthonomonadaceae,Clostridiaceae,DRHE01,DRI-13,DSM-1321,DSM-13327,DSM-15969,DSM-18226,DSM-19205,DSM-22653,DSM-24629,DSM-25281,DSM-27016,DSM-28697,DSM-2933,DSM-5069,DSM-6578,DSM-8532,DTU010,DTU012,DTU013,DTU014,DTU015,DTU022,DTU025,DTU029,DTU030,DTU052,DTU065,DTU073,DTU080,DTU083,DTU084,DTU086,DTU087,DUEN01,DULZ01,DUMB01,DUMC01,DUMJ01,DUMP01,DUMU01,DUMW01,DUPL01,DUSS01,DY22613,DYLW01,Defluviitaleaceae,Dendrosporobacteraceae,Dermatophilaceae,Desulfallaceae,Desulfitibacteraceae,Desulfitobacteriaceae,Desulfocucumaceae,Desulfofarciminaceae,Desulfohalotomaculaceae,Desulforudaceae,Desulfotomaculaceae,Desulfovirgulaceae,Desulfuribacillaceae,Dethiobacteraceae,Dethiosulfovibrionaceae,Domibacillaceae,E44-bin32,Effusibacillaceae,Enterococcaceae,EnvOPS12,Erysipelotrichaceae,Ethanoligenenaceae,Eubacteriaceae,Euzebyaceae,Exiguobacteraceae,FEN-1173,FW602-bin22,Fen-1364,Fervidobacteriaceae,Fictibacillaceae,Filifactoraceae,Fimbriimonadaceae,Fusobacteriaceae,GBS-1,GBS-DC,GWE2-31-10,GWF1-51-8,Gaiellaceae,Garciellaceae,Geodermatophilaceae,Gottschalkiaceae,HB172195,HRBIN16,HRBIN17,HRBIN32,Halanaerobiaceae,Halarsenatibacteraceae,Halobacillaceae,Halobacteroidaceae,Heliobacteriaceae,Humimicrobiaceae,Ilumatobacteraceae,J111,JAAXVQ01,JAAYNZ01,JAAYPU01,JAAYUW01,JAAZEB01,JAAZLZ01,JABEVK01,JABLXB01,JABLXJ01,JABLXN01,JABUFB01,JACCZL01,JACDGC01,JACDOC01,JADMJV01,JADQBR01,JAFGCY01,JAFGDQ01,JAFGJZ01,JAFGRV01,JAJPHF01,JAJTBE01,JAJYTV01,JAJYVN01,JAJZPE01,JANLFN01,JC228,JCM-10596,Jeotgalibacillaceae,K13,Kineococcaceae,Koleobacteraceae,Kyrpidiaceae,Lachnospiraceae,Lactobacillaceae,Leptonemataceae,Leptospiraceae,Limnochordaceae,Lutisporaceae,MES13,MWEM01,Mahellaceae,Marinococcaceae,Marispirochaetaceae,Massilibacillaceae,Mesoaciditogaceae,Micrococcaceae,Micromonosporaceae,Microtrichaceae,Miltoncostaeaceae,Moorellaceae,Motilibacteraceae,Muirbacteriaceae,NBRC-103111,Nap2-2B,Natranaerobiaceae,Natronincolaceae,Nitriliruptoraceae,Nocardioidaceae,Oscillospiraceae,Oxobacteraceae,Ozemobacteraceae,PH28-bin88,PUMD01,PWMO01,PWPR01,PXBQ01,Paenibacillaceae,Palsa-1178,Palsa-688,Pelotomaculaceae,Peptostreptococcaceae,Petrotogaceae,Planococcaceae,Propionisporaceae,Proteiniboraceae,Proteinivoraceae,Pseudonocardiaceae,QPJT01,Quadrisphaeraceae,RAAP-2,RAOX-1,RBG-13-55-18,RGIG9151,RGZZ01,RPPD01,RSA5,Reconciliibacillaceae,Rectinemataceae,Ruminococcaceae,SA4,SCRA01,SCSIO-06110,SIT17,SK-Y3,SKKC01,SKNC01,SLAA01,SLMV01,SLST01,SLTJ01,SV1-B22,SZUA-35,SZUA-584,SZUA-6,Salinispiraceae,Salisediminibacteriaceae,Sedimentibacteraceae,Sediminispirochaetaceae,Selenomonadaceae,Solirubrobacteraceae,Spirochaetaceae_B,Sporanaerobacteraceae,Sporolactobacillaceae,Sporomusaceae,Streptosporangiaceae,Sulfobacillaceae,Symbiobacteriaceae,Synergistaceae,Syntrophobotulaceae,Syntrophomonadaceae,Syntrophothermaceae,T1SED10-28,T1Sed10-126,TK06,Tepidanaerobacteraceae,Tepidibacillaceae,Tepidiformaceae,Tepidimicrobiaceae,Thermacetogeniaceae,Thermaerobacteraceae,Thermoanaerobacteraceae,Thermodesulfobiaceae,Thermohalobacteraceae,Thermoleophilaceae,Thermomicrobiaceae,Thermosediminibacteraceae,Thermosinaceae,Thermosynergistaceae,Thermotaleaceae,Thermotogaceae,Thermovirgaceae,Tindalliaceae,Tissierellaceae,Tissierellaceae_A,Tissierellaceae_B,Tissierellaceae_C,Treponemataceae,Tumebacillaceae,Turneriellaceae,UB4802,UBA10575,UBA10988,UBA11657,UBA12059,UBA12178,UBA12225,UBA12420,UBA1381,UBA1444,UBA2595,UBA2979,UBA3941,UBA4045,UBA4068,UBA4093,UBA4823,UBA4971,UBA5301,UBA5352,UBA5368,UBA5500,UBA5550,UBA5734,UBA5745,UBA5829,UBA5962,UBA6077,UBA6099,UBA6191,UBA6663,UBA6769,UBA7694,UBA7701,UBA8154,UBA8190,UBA8346,UBA9216,UBA929,UBA994,UBA9980,UMGS1260,UMGS416,VENG01,VGJW01,VGOW01,Vagococcaceae,Vallitaleaceae,WQUN01,WRAA01,WRAX01,WRBN01,Xylanivirgaceae,YIM-B00363,ZC4RG38,ZCTH02-B6,Zhaonellaceae
flagella_only	404	2-12-FULL-62-27,4484-171,4572-78,70-9,ARS1246,ATM1,Acetivibrionaceae,Acetohalobiaceae,Acetomicrobiaceae,Acetonemaceae,Acidaminobacteraceae,Acidibacillaceae,Actinomycetaceae,Acutalibacteraceae,Aeribacillaceae,Aerococcaceae,Alicyclobacillaceae,Alkalibacillaceae,Alkalibacteraceae,Alkalispirochaetaceae,Aminiphilaceae,Aminobacteriaceae,Ammonificaceae,Amphibacillaceae,Anaerobacillaceae,Anaerolineaceae,Anaeromusaceae,Anaerotignaceae,Anaerovoracaceae,Aneurinibacillaceae,Anoxybacillaceae,Aquicultoraceae,B11-G9,B1SED10-159,B1SED10-174,B3-G13,B62-G9,BH030062,BICA1-8,BM714,Bacillaceae,Bacillaceae_B,Bacillaceae_C,Bacillaceae_D,Bacillaceae_F,Bacillaceae_G,Bacillaceae_H,Bacillaceae_I,Bacillaceae_J,Bacillaceae_L,Bacillaceae_N,Bacillaceae_O,Baltobacteraceae,Borreliaceae,Brachyspiraceae,Brevibacillaceae,Breznakiellaceae,Bu92,Butyricicoccaceae,CADAEX01,CADDYW01,CAG-138,CAG-272,CAG-274,CAG-382,CAG-74,CAIXPF01,CAIYQO01,CAJBBX01,CAJFVJ01,CALXOJ01,CF-72,CSP1-4,CTSoil-072,CTSoil-080,Caldanaerobiaceae,Caldatribacteriaceae,Caldibacillaceae,Caldicellulosiruptoraceae,Caldicoprobacteraceae,Caldilineaceae,Caloramatoraceae,Caminicellaceae,Capsulimonadaceae,Carboxydothermaceae,Carnobacteriaceae,Cellulomonadaceae,Cellulosilyticaceae,Ch109,Ch115,Ch29,Christensenellaceae,Chthonomonadaceae,Clostridiaceae,DRHE01,DRI-13,DSM-1321,DSM-13327,DSM-15969,DSM-18226,DSM-19205,DSM-22653,DSM-24629,DSM-25281,DSM-27016,DSM-28697,DSM-2933,DSM-5069,DSM-6578,DSM-8532,DTU010,DTU012,DTU013,DTU014,DTU015,DTU022,DTU025,DTU029,DTU030,DTU052,DTU065,DTU073,DTU080,DTU083,DTU084,DTU086,DTU087,DUEN01,DULZ01,DUMB01,DUMC01,DUMJ01,DUMP01,DUMU01,DUMW01,DUPL01,DUSS01,DY22613,DYLW01,Defluviitaleaceae,Dendrosporobacteraceae,Dermatophilaceae,Desulfallaceae,Desulfitibacteraceae,Desulfitobacteriaceae,Desulfocucumaceae,Desulfofarciminaceae,Desulfohalotomaculaceae,Desulforudaceae,Desulfotomaculaceae,Desulfovirgulaceae,Desulfuribacillaceae,Dethiobacteraceae,Dethiosulfovibrionaceae,Domibacillaceae,E44-bin32,Effusibacillaceae,Enterococcaceae,EnvOPS12,Erysipelotrichaceae,Ethanoligenenaceae,Eubacteriaceae,Euzebyaceae,Exiguobacteraceae,FEN-1173,FW602-bin22,Fen-1364,Fervidobacteriaceae,Fictibacillaceae,Filifactoraceae,Fimbriimonadaceae,Fusobacteriaceae,GBS-1,GBS-DC,GWE2-31-10,GWF1-51-8,Gaiellaceae,Garciellaceae,Gastranaerophilaceae,Geodermatophilaceae,Gottschalkiaceae,HB172195,HRBIN16,HRBIN17,HRBIN32,Halanaerobiaceae,Halarsenatibacteraceae,Halobacillaceae,Halobacteroidaceae,Heliobacteriaceae,Humimicrobiaceae,Ilumatobacteraceae,J111,JAAXVQ01,JAAYNZ01,JAAYPU01,JAAYUW01,JAAZEB01,JAAZLZ01,JABEVK01,JABLXB01,JABLXJ01,JABLXN01,JABUFB01,JACCZL01,JACDGC01,JACDOC01,JADMJV01,JADQBR01,JAFGCY01,JAFGDQ01,JAFGJZ01,JAFGRV01,JAJPHF01,JAJTBE01,JAJYTV01,JAJYVN01,JAJZPE01,JANLFN01,JC228,JCM-10596,Jeotgalibacillaceae,K13,Kineococcaceae,Koleobacteraceae,Kyrpidiaceae,LMEP-6097,Lachnospiraceae,Lactobacillaceae,Leptonemataceae,Leptospiraceae,Limnochordaceae,Lutisporaceae,MES13,MWEM01,Mahellaceae,Marinococcaceae,Marispirochaetaceae,Massilibacillaceae,Mesoaciditogaceae,Micrococcaceae,Micromonosporaceae,Microtrichaceae,Miltoncostaeaceae,Moorellaceae,Motilibacteraceae,Muirbacteriaceae,NBRC-103111,Nap2-2B,Natranaerobiaceae,Natronincolaceae,Nitriliruptoraceae,Nocardioidaceae,Oscillospiraceae,Oxobacteraceae,Ozemobacteraceae,PH28-bin88,PUMD01,PWMO01,PWPR01,PXBQ01,Paenibacillaceae,Palsa-1178,Palsa-688,Pelotomaculaceae,Peptostreptococcaceae,Petrotogaceae,Planococcaceae,Propionisporaceae,Proteiniboraceae,Proteinivoraceae,Pseudonocardiaceae,QPJT01,Quadrisphaeraceae,RAAP-2,RAOX-1,RBG-13-55-18,RGIG9151,RGZZ01,RPPD01,RSA5,RUG14156,Reconciliibacillaceae,Rectinemataceae,Ruminococcaceae,SA4,SCRA01,SCSIO-06110,SIT17,SK-Y3,SKKC01,SKNC01,SLAA01,SLMV01,SLST01,SLTJ01,SV1-B22,SZUA-35,SZUA-584,SZUA-6,Salinispiraceae,Salisediminibacteriaceae,Sedimentibacteraceae,Sediminispirochaetaceae,Selenomonadaceae,Solirubrobacteraceae,Spirochaetaceae_B,Sporanaerobacteraceae,Sporolactobacillaceae,Sporomusaceae,Streptosporangiaceae,Sulfobacillaceae,Symbiobacteriaceae,Synergistaceae,Syntrophobotulaceae,Syntrophomonadaceae,Syntrophothermaceae,T1SED10-28,T1Sed10-126,TK06,Tepidanaerobacteraceae,Tepidibacillaceae,Tepidiformaceae,Tepidimicrobiaceae,Thermacetogeniaceae,Thermaerobacteraceae,Thermoanaerobacteraceae,Thermodesulfobiaceae,Thermohalobacteraceae,Thermoleophilaceae,Thermomicrobiaceae,Thermosediminibacteraceae,Thermosinaceae,Thermosynergistaceae,Thermotaleaceae,Thermotogaceae,Thermovirgaceae,Tindalliaceae,Tissierellaceae,Tissierellaceae_A,Tissierellaceae_B,Tissierellaceae_C,Treponemataceae,Tumebacillaceae,Turneriellaceae,UB4802,UBA10575,UBA10988,UBA11657,UBA12059,UBA12178,UBA12225,UBA12420,UBA1381,UBA1444,UBA2595,UBA2979,UBA3941,UBA4045,UBA4068,UBA4093,UBA4823,UBA4971,UBA5301,UBA5352,UBA5368,UBA5500,UBA5550,UBA5734,UBA5745,UBA5829,UBA5962,UBA6077,UBA6099,UBA6191,UBA6663,UBA6769,UBA7694,UBA7701,UBA8154,UBA8190,UBA8346,UBA9216,UBA929,UBA994,UBA9971,UBA9980,UMGS1260,UMGS416,VENG01,VGJW01,VGOW01,Vagococcaceae,Vallitaleaceae,Vampirovibrionaceae,WQUN01,WRAA01,WRAX01,WRBN01,Xylanivirgaceae,YIM-B00363,ZC4RG38,ZCTH02-B6,Zhaonellaceae
flagella_only	405	2-12-FULL-62-27,4484-171,4572-78,70-9,ARS1246,ATM1,Acetivibrionaceae,Acetohalobiaceae,Acetomicrobiaceae,Acetonemaceae,Acidaminobacteraceae,Acidibacillaceae,Actinomycetaceae,Acutalibacteraceae,Aeribacillaceae,Aerococcaceae,Alicyclobacillaceae,Alkalibacillaceae,Alkalibacteraceae,Alkalispirochaetaceae,Aminiphilaceae,Aminobacteriaceae,Ammonificaceae,Amphibacillaceae,Anaerobacillaceae,Anaerolineaceae,Anaeromusaceae,Anaerotignaceae,Anaerovoracaceae,Aneurinibacillaceae,Anoxybacillaceae,Aquicultoraceae,B11-G9,B1SED10-159,B1SED10-174,B3-G13,B62-G9,BH030062,BICA1-8,BM714,Bacillaceae,Bacillaceae_B,Bacillaceae_C,Bacillaceae_D,Bacillaceae_F,Bacillaceae_G,Bacillaceae_H,Bacillaceae_I,Bacillaceae_J,Bacillaceae_L,Bacillaceae_N,Bacillaceae_O,Baltobacteraceae,Borreliaceae,Brachyspiraceae,Brevibacillaceae,Breznakiellaceae,Bu92,Butyricicoccaceae,CADAEX01,CADDYW01,CAG-138,CAG-272,CAG-274,CAG-382,CAG-74,CAIXPF01,CAIYQO01,CAJBBX01,CAJFVJ01,CALXOJ01,CF-72,CSP1-4,CTSoil-072,CTSoil-080,Caldanaerobiaceae,Caldatribacteriaceae,Caldibacillaceae,Caldicellulosiruptoraceae,Caldicoprobacteraceae,Caldilineaceae,Caloramatoraceae,Caminicellaceae,Capsulimonadaceae,Carboxydothermaceae,Carnobacteriaceae,Cellulomonadaceae,Cellulosilyticaceae,Ch109,Ch115,Ch29,Christensenellaceae,Chthonomonadaceae,Clostridiaceae,DRHE01,DRI-13,DSM-1321,DSM-13327,DSM-15969,DSM-18226,DSM-19205,DSM-22653,DSM-24629,DSM-25281,DSM-27016,DSM-28697,DSM-2933,DSM-5069,DSM-6578,DSM-8532,DTU010,DTU012,DTU013,DTU014,DTU015,DTU022,DTU025,DTU029,DTU030,DTU052,DTU065,DTU073,DTU080,DTU083,DTU084,DTU086,DTU087,DUEN01,DULZ01,DUMB01,DUMC01,DUMJ01,DUMP01,DUMU01,DUMW01,DUPL01,DUSS01,DY22613,DYLW01,Defluviitaleaceae,Dendrosporobacteraceae,Dermatophilaceae,Desulfallaceae,Desulfitibacteraceae,Desulfitobacteriaceae,Desulfocucumaceae,Desulfofarciminaceae,Desulfohalotomaculaceae,Desulforudaceae,Desulfotomaculaceae,Desulfovirgulaceae,Desulfuribacillaceae,Dethiobacteraceae,Dethiosulfovibrionaceae,Domibacillaceae,E44-bin32,Effusibacillaceae,Enterococcaceae,EnvOPS12,Erysipelotrichaceae,Ethanoligenenaceae,Eubacteriaceae,Euzebyaceae,Exiguobacteraceae,FEN-1173,FW602-bin22,Fen-1364,Fervidobacteriaceae,Fictibacillaceae,Filifactoraceae,Fimbriimonadaceae,Fusobacteriaceae,GBS-1,GBS-DC,GWE2-31-10,GWF1-51-8,GWF2-35-9,Gaiellaceae,Garciellaceae,Gastranaerophilaceae,Geodermatophilaceae,Gottschalkiaceae,HB172195,HRBIN16,HRBIN17,HRBIN32,Halanaerobiaceae,Halarsenatibacteraceae,Halobacillaceae,Halobacteroidaceae,Heliobacteriaceae,Humimicrobiaceae,Ilumatobacteraceae,J111,JAAXVQ01,JAAYNZ01,JAAYPU01,JAAYUW01,JAAZEB01,JAAZLZ01,JABEVK01,JABLXB01,JABLXJ01,JABLXN01,JABUFB01,JACCZL01,JACDGC01,JACDOC01,JADMJV01,JADQBR01,JAFGCY01,JAFGDQ01,JAFGJZ01,JAFGRV01,JAJPHF01,JAJTBE01,JAJYTV01,JAJYVN01,JAJZPE01,JANLFN01,JC228,JCM-10596,Jeotgalibacillaceae,K13,Kineococcaceae,Koleobacteraceae,Kyrpidiaceae,LMEP-6097,Lachnospiraceae,Lactobacillaceae,Leptonemataceae,Leptospiraceae,Limnochordaceae,Lutisporaceae,MES13,MWEM01,Mahellaceae,Marinococcaceae,Marispirochaetaceae,Massilibacillaceae,Mesoaciditogaceae,Micrococcaceae,Micromonosporaceae,Microtrichaceae,Miltoncostaeaceae,Moorellaceae,Motilibacteraceae,Muirbacteriaceae,NBRC-103111,Nap2-2B,Natranaerobiaceae,Natronincolaceae,Nitriliruptoraceae,Nocardioidaceae,Oscillospiraceae,Oxobacteraceae,Ozemobacteraceae,PH28-bin88,PUMD01,PWMO01,PWPR01,PXBQ01,Paenibacillaceae,Palsa-1178,Palsa-688,Pelotomaculaceae,Peptostreptococcaceae,Petrotogaceae,Planococcaceae,Propionisporaceae,Proteiniboraceae,Proteinivoraceae,Pseudonocardiaceae,QPJT01,Quadrisphaeraceae,RAAP-2,RAOX-1,RBG-13-55-18,RGIG9151,RGZZ01,RPPD01,RSA5,RUG14156,Reconciliibacillaceae,Rectinemataceae,Ruminococcaceae,SA4,SCRA01,SCSIO-06110,SIT17,SK-Y3,SKKC01,SKNC01,SLAA01,SLMV01,SLST01,SLTJ01,SV1-B22,SZUA-35,SZUA-584,SZUA-6,Salinispiraceae,Salisediminibacteriaceae,Sedimentibacteraceae,Sediminispirochaetaceae,Selenomonadaceae,Solirubrobacteraceae,Spirochaetaceae_B,Sporanaerobacteraceae,Sporolactobacillaceae,Sporomusaceae,Streptosporangiaceae,Sulfobacillaceae,Symbiobacteriaceae,Synergistaceae,Syntrophobotulaceae,Syntrophomonadaceae,Syntrophothermaceae,T1SED10-28,T1Sed10-126,TK06,Tepidanaerobacteraceae,Tepidibacillaceae,Tepidiformaceae,Tepidimicrobiaceae,Thermacetogeniaceae,Thermaerobacteraceae,Thermoanaerobacteraceae,Thermodesulfobiaceae,Thermohalobacteraceae,Thermoleophilaceae,Thermomicrobiaceae,Thermosediminibacteraceae,Thermosinaceae,Thermosynergistaceae,Thermotaleaceae,Thermotogaceae,Thermovirgaceae,Tindalliaceae,Tissierellaceae,Tissierellaceae_A,Tissierellaceae_B,Tissierellaceae_C,Treponemataceae,Tumebacillaceae,Turneriellaceae,UB4802,UBA10575,UBA10988,UBA11657,UBA12059,UBA12178,UBA12225,UBA12420,UBA1381,UBA1444,UBA2595,UBA2979,UBA3941,UBA4045,UBA4068,UBA4093,UBA4823,UBA4971,UBA5301,UBA5352,UBA5368,UBA5500,UBA5550,UBA5734,UBA5745,UBA5829,UBA5962,UBA6077,UBA6099,UBA6191,UBA6663,UBA6769,UBA7694,UBA7701,UBA8154,UBA8190,UBA8346,UBA9216,UBA929,UBA994,UBA9971,UBA9980,UMGS1260,UMGS416,VENG01,VGJW01,VGOW01,Vagococcaceae,Vallitaleaceae,Vampirovibrionaceae,WQUN01,WRAA01,WRAX01,WRBN01,Xylanivirgaceae,YIM-B00363,ZC4RG38,ZCTH02-B6,Zhaonellaceae
flagella_only	444	2-12-FULL-62-27,4484-171,4572-78,70-9,AE-B3A,ARS1246,ATM1,Acetivibrionaceae,Acetohalobiaceae,Acetomicrobiaceae,Acetonemaceae,Acidaminobacteraceae,Acidibacillaceae,Actinomycetaceae,Acutalibacteraceae,Aeribacillaceae,Aerococcaceae,Alicyclobacillaceae,Alkalibacillaceae,Alkalibacteraceae,Alkalispirochaetaceae,Aminiphilaceae,Aminobacteriaceae,Ammonificaceae,Amphibacillaceae,Anaerobacillaceae,Anaerolineaceae,Anaeromusaceae,Anaerotignaceae,Anaerovoracaceae,Anammoxibacteraceae,Aneurinibacillaceae,Anoxybacillaceae,Aquicultoraceae,Auribacteraceae,B11-G9,B1SED10-159,B1SED10-174,B3-G13,B3-G15,B62-G9,BH030062,BICA1-8,BM714,Bacillaceae,Bacillaceae_B,Bacillaceae_C,Bacillaceae_D,Bacillaceae_F,Bacillaceae_G,Bacillaceae_H,Bacillaceae_I,Bacillaceae_J,Bacillaceae_L,Bacillaceae_N,Bacillaceae_O,Baltobacteraceae,Borreliaceae,Brachyspiraceae,Brevibacillaceae,Breznakiellaceae,Brocadiaceae,Bu92,Butyricicoccaceae,CADAEX01,CADDYW01,CAG-138,CAG-272,CAG-274,CAG-382,CAG-74,CAIVHJ01,CAIXPF01,CAIYQO01,CAJBBX01,CAJFVJ01,CALXOJ01,CF-72,CSP1-4,CTSoil-072,CTSoil-080,Caldanaerobiaceae,Caldatribacteriaceae,Caldibacillaceae,Caldicellulosiruptoraceae,Caldicoprobacteraceae,Caldilineaceae,Caloramatoraceae,Caminicellaceae,Capsulimonadaceae,Carboxydothermaceae,Carnobacteriaceae,Cellulomonadaceae,Cellulosilyticaceae,Ch109,Ch115,Ch29,Christensenellaceae,Chthonomonadaceae,Clostridiaceae,DRHE01,DRI-13,DSM-1321,DSM-13327,DSM-15969,DSM-18226,DSM-19205,DSM-22653,DSM-24629,DSM-25281,DSM-27016,DSM-28697,DSM-2933,DSM-5069,DSM-6578,DSM-8532,DTU010,DTU012,DTU013,DTU014,DTU015,DTU022,DTU025,DTU029,DTU030,DTU052,DTU065,DTU073,DTU080,DTU083,DTU084,DTU086,DTU087,DUEN01,DULZ01,DUMB01,DUMC01,DUMJ01,DUMP01,DUMU01,DUMW01,DUPL01,DUSS01,DY22613,DYLW01,Defluviitaleaceae,Dendrosporobacteraceae,Dermatophilaceae,Desulfallaceae,Desulfitibacteraceae,Desulfitobacteriaceae,Desulfocucumaceae,Desulfofarciminaceae,Desulfohalotomaculaceae,Desulforudaceae,Desulfotomaculaceae,Desulfovirgulaceae,Desulfuribacillaceae,Dethiobacteraceae,Dethiosulfovibrionaceae,Domibacillaceae,E44-bin32,Effusibacillaceae,Enterococcaceae,EnvOPS12,Erysipelotrichaceae,Ethanoligenenaceae,Eubacteriaceae,Euzebyaceae,Exiguobacteraceae,FEN-1173,FEN-1343,FW602-bin22,Fen-1342,Fen-1364,Fervidobacteriaceae,Fictibacillaceae,Filifactoraceae,Fimbriimonadaceae,Fusobacteriaceae,GBS-1,GBS-DC,GCA-2746185,GWE2-31-10,GWF1-51-8,GWF2-35-9,Gaiellaceae,Garciellaceae,Gastranaerophilaceae,Geodermatophilaceae,Gottschalkiaceae,HB172195,HRBIN16,HRBIN17,HRBIN32,Halanaerobiaceae,Halarsenatibacteraceae,Halobacillaceae,Halobacteroidaceae,Heliobacteriaceae,Humimicrobiaceae,Ilumatobacteraceae,J111,JAACEH01,JAAXVQ01,JAAYCJ01,JAAYNZ01,JAAYPU01,JAAYUW01,JAAZEB01,JAAZLZ01,JABEVK01,JABLXB01,JABLXJ01,JABLXN01,JABUFB01,JACCZL01,JACDGC01,JACDOC01,JADMJV01,JADQBR01,JAEUIK01,JAEUWI01,JAFGCY01,JAFGDQ01,JAFGJZ01,JAFGRV01,JAJPHF01,JAJTBE01,JAJYTV01,JAJYVN01,JAJZPE01,JANLFN01,JC228,JCM-10596,Jeotgalibacillaceae,K13,Kineococcaceae,Koleobacteraceae,Kyrpidiaceae,LMEP-6097,Lachnospiraceae,Lacipirellulaceae,Lactobacillaceae,Leptonemataceae,Leptospiraceae,Limnochordaceae,Lutisporaceae,MES13,MWEM01,Mahellaceae,Marinococcaceae,Marispirochaetaceae,Massilibacillaceae,Mesoaciditogaceae,Micrococcaceae,Micromonosporaceae,Microtrichaceae,Miltoncostaeaceae,Moorellaceae,Motilibacteraceae,Muirbacteriaceae,NBRC-103111,Nap2-2B,Natranaerobiaceae,Natronincolaceae,Nitriliruptoraceae,Nocardioidaceae,OLB16,Oscillospiraceae,Oxobacteraceae,Ozemobacteraceae,PH28-bin88,PNKZ01,PUMD01,PWMO01,PWPN01,PWPR01,PXBQ01,Paenibacillaceae,Palsa-1178,Palsa-688,Pan216,Pelotomaculaceae,Peptostreptococcaceae,Petrotogaceae,Phycisphaeraceae,Pirellulaceae,Planctomycetaceae,Planococcaceae,Propionisporaceae,Proteiniboraceae,Proteinivoraceae,Pseudonocardiaceae,QPJT01,Quadrisphaeraceae,RAAP-2,RAOX-1,RBG-13-55-18,RGIG9151,RGZZ01,RPPD01,RSA5,RUG14156,Reconciliibacillaceae,Rectinemataceae,Ruminococcaceae,S143-82,SA4,SCRA01,SCSIO-06110,SIT17,SK-Y3,SKKC01,SKNC01,SLAA01,SLHB01,SLMV01,SLST01,SLTJ01,SM1A02,SM23-30,SURF-12,SURF-5,SV1-B22,SZUA-35,SZUA-567,SZUA-584,SZUA-6,Salinispiraceae,Salisediminibacteriaceae,Scalinduaceae,Sedimentibacteraceae,Sediminispirochaetaceae,Selenomonadaceae,Solirubrobacteraceae,Spirochaetaceae_B,Sporanaerobacteraceae,Sporolactobacillaceae,Sporomusaceae,Streptosporangiaceae,Sulfobacillaceae,Symbiobacteriaceae,Synergistaceae,Syntrophobotulaceae,Syntrophomonadaceae,Syntrophothermaceae,T1SED10-28,T1Sed10-126,TK06,Tepidanaerobacteraceae,Tepidibacillaceae,Tepidiformaceae,Tepidimicrobiaceae,Tepidisphaeraceae,Thermacetogeniaceae,Thermaerobacteraceae,Thermoanaerobacteraceae,Thermodesulfobiaceae,Thermoguttaceae,Thermohalobacteraceae,Thermoleophilaceae,Thermomicrobiaceae,Thermosediminibacteraceae,Thermosinaceae,Thermosynergistaceae,Thermotaleaceae,Thermotogaceae,Thermovirgaceae,Tindalliaceae,Tissierellaceae,Tissierellaceae_A,Tissierellaceae_B,Tissierellaceae_C,Treponemataceae,Tumebacillaceae,Turneriellaceae,UB4802,UBA10575,UBA10988,UBA11657,UBA12059,UBA12178,UBA12225,UBA12420,UBA1381,UBA1444,UBA1845,UBA1924,UBA2392,UBA2595,UBA2979,UBA3941,UBA4045,UBA4068,UBA4093,UBA4823,UBA4971,UBA5301,UBA5352,UBA5368,UBA5500,UBA5550,UBA5734,UBA5745,UBA5793,UBA5829,UBA5962,UBA6077,UBA6099,UBA6191,UBA6663,UBA6769,UBA7694,UBA7701,UBA8154,UBA8190,UBA8346,UBA9216,UBA929,UBA994,UBA9971,UBA9980,UMGS1260,UMGS416,UTPLA1,VENG01,VGJW01,VGOW01,Vagococcaceae,Vallitaleaceae,Vampirovibrionaceae,WQUN01,WQYP01,WRAA01,WRAX01,WRBN01,WSZJ01,Xylanivirgaceae,YIM-B00363,ZC4RG38,ZCTH02-B6,Zhaonellaceae,Zrk34
gtdb_only	482	2-12-FULL-62-27,4484-171,4572-78,70-9,AAA164-E04,AE-B3A,ARS1246,ATM1,Acetivibrionaceae,Acetohalobiaceae,Acetomicrobiaceae,Acetonemaceae,Acidaminobacteraceae,Acidibacillaceae,Actinomycetaceae,Acutalibacteraceae,Aeribacillaceae,Aerococcaceae,Alicyclobacillaceae,Alkalibacillaceae,Alkalibacteraceae,Alkalispirochaetaceae,Aminiphilaceae,Aminobacteriaceae,Ammonificaceae,Amphibacillaceae,Anaerobacillaceae,Anaerohalosphaeraceae,Anaerolineaceae,Anaeromusaceae,Anaerotignaceae,Anaerovoracaceae,Anammoxibacteraceae,Aneurinibacillaceae,Anoxybacillaceae,Aquicultoraceae,Auribacteraceae,B11-G9,B1SED10-159,B1SED10-174,B3-G13,B3-G15,B62-G9,BH030062,BICA1-8,BJHT01,BM714,Bacillaceae,Bacillaceae_B,Bacillaceae_C,Bacillaceae_D,Bacillaceae_F,Bacillaceae_G,Bacillaceae_H,Bacillaceae_I,Bacillaceae_J,Bacillaceae_L,Bacillaceae_N,Bacillaceae_O,Baltobacteraceae,Borreliaceae,Brachyspiraceae,Brevibacillaceae,Breznakiellaceae,Brocadiaceae,Bu92,Butyricicoccaceae,CADAEX01,CADDYW01,CAG-138,CAG-272,CAG-274,CAG-382,CAG-74,CAIMTB01,CAIVHJ01,CAIXPF01,CAIYQO01,CAIYYI01,CAJBBX01,CAJFVJ01,CALXOJ01,CF-72,CSP1-4,CTSoil-072,CTSoil-080,Caldanaerobiaceae,Caldatribacteriaceae,Caldibacillaceae,Caldicellulosiruptoraceae,Caldicoprobacteraceae,Caldilineaceae,Caloramatoraceae,Caminicellaceae,Capsulimonadaceae,Carboxydothermaceae,Carnobacteriaceae,Cellulomonadaceae,Cellulosilyticaceae,Ch109,Ch115,Ch29,Christensenellaceae,Chthoniobacteraceae,Chthonomonadaceae,Clostridiaceae,DRHE01,DRI-13,DRQF01,DSM-1321,DSM-13327,DSM-15969,DSM-18226,DSM-19205,DSM-22653,DSM-24629,DSM-25281,DSM-27016,DSM-28697,DSM-2933,DSM-5069,DSM-6578,DSM-8532,DTU010,DTU012,DTU013,DTU014,DTU015,DTU022,DTU025,DTU029,DTU030,DTU052,DTU065,DTU073,DTU080,DTU083,DTU084,DTU086,DTU087,DUEN01,DULZ01,DUMB01,DUMC01,DUMJ01,DUMP01,DUMU01,DUMW01,DUPL01,DUSS01,DY22613,DYLW01,Defluviitaleaceae,Dendrosporobacteraceae,Dermatophilaceae,Desulfallaceae,Desulfitibacteraceae,Desulfitobacteriaceae,Desulfocucumaceae,Desulfofarciminaceae,Desulfohalotomaculaceae,Desulforudaceae,Desulfotomaculaceae,Desulfovirgulaceae,Desulfuribacillaceae,Dethiobacteraceae,Dethiosulfovibrionaceae,Domibacillaceae,E44-bin32,Effusibacillaceae,Enterococcaceae,EnvOPS12,Erysipelotrichaceae,Ethanoligenenaceae,Eubacteriaceae,Euzebyaceae,Exiguobacteraceae,FEN-1173,FEN-1343,FEN-1346,FW602-bin22,Fen-1342,Fen-1364,Fervidobacteriaceae,Fictibacillaceae,Filifactoraceae,Fimbriimonadaceae,Fusobacteriaceae,GBS-1,GBS-DC,GCA-002686595,GCA-002687715,GCA-002748355,GWE2-31-10,GWF1-51-8,GWF2-35-9,GWF2-45-14,Gaiellaceae,Garciellaceae,Gastranaerophilaceae,Gemmataceae,Geodermatophilaceae,Gottschalkiaceae,HB172195,HRBIN16,HRBIN17,HRBIN32,Halanaerobiaceae,Halarsenatibacteraceae,Halobacillaceae,Halobacteroidaceae,Heliobacteriaceae,Humimicrobiaceae,Ilumatobacteraceae,J058,J093,J111,JAACEH01,JAAXVQ01,JAAYCJ01,JAAYNZ01,JAAYPU01,JAAYUW01,JAAZEB01,JAAZLZ01,JABEVK01,JABLXB01,JABLXJ01,JABLXN01,JABUFB01,JACCZL01,JACDGC01,JACDOC01,JACQFD01,JADJEK01,JADJPG01,JADMJV01,JADQBR01,JAEUIK01,JAFGCY01,JAFGDQ01,JAFGJZ01,JAFGRV01,JAJFLO01,JAJPHF01,JAJTBE01,JAJYTV01,JAJYVN01,JAJZPE01,JANLFN01,JC228,JCM-10596,Jeotgalibacillaceae,K13,Kineococcaceae,Koleobacteraceae,Kyrpidiaceae,LMEP-6097,Lachnospiraceae,Lacipirellulaceae,Lactobacillaceae,Lentisphaeraceae,Leptonemataceae,Leptospiraceae,Limnochordaceae,Lutisporaceae,MES13,MWEM01,Mahellaceae,Marinococcaceae,Marispirochaetaceae,Massilibacillaceae,Mesoaciditogaceae,Micrococcaceae,Micromonosporaceae,Microtrichaceae,Miltoncostaeaceae,Moorellaceae,Motilibacteraceae,Muirbacteriaceae,NBRC-103111,NGM72-4,Nap2-2B,Natranaerobiaceae,Natronincolaceae,Nitriliruptoraceae,Nocardioidaceae,Opitutaceae,Oscillospiraceae,Oxobacteraceae,Ozemobacteraceae,PH28-bin88,PNKZ01,PUMD01,PWMO01,PWPN01,PWPR01,PXBQ01,Paenibacillaceae,Palsa-1178,Palsa-1400,Palsa-688,Pan216,Pelotomaculaceae,Peptostreptococcaceae,Petrotogaceae,Phycisphaeraceae,Pirellulaceae,Planctomycetaceae,Planococcaceae,Pontiellaceae,Propionisporaceae,Proteiniboraceae,Proteinivoraceae,Pseudonocardiaceae,QPJT01,Quadrisphaeraceae,RAAP-2,RAOX-1,RBG-13-55-18,RGIG9151,RGZZ01,RI-55,RPPD01,RSA5,RUG14156,Reconciliibacillaceae,Rectinemataceae,Ruminococcaceae,S143-82,SA4,SCRA01,SCSIO-06110,SG8-4,SIBE01,SIT17,SK-Y3,SKKC01,SKNC01,SLAA01,SLMV01,SLST01,SLTJ01,SM1A02,SM23-30,SM23-32,SM23-33,SV1-B22,SXTU01,SZUA-35,SZUA-371,SZUA-567,SZUA-584,SZUA-6,Salinispiraceae,Salisediminibacteriaceae,Scalinduaceae,Sedimentibacteraceae,Sediminispirochaetaceae,Selenomonadaceae,Solirubrobacteraceae,Spirochaetaceae_B,Sporanaerobacteraceae,Sporolactobacillaceae,Sporomusaceae,Streptosporangiaceae,Sulfobacillaceae,Symbiobacteriaceae,Synergistaceae,Syntrophobotulaceae,Syntrophomonadaceae,Syntrophothermaceae,T1SED10-28,T1Sed10-126,TK06,Tepidanaerobacteraceae,Tepidibacillaceae,Tepidiformaceae,Tepidimicrobiaceae,Tepidisphaeraceae,Terrimicrobiaceae,Thermacetogeniaceae,Thermaerobacteraceae,Thermoanaerobacteraceae,Thermodesulfobiaceae,Thermoguttaceae,Thermohalobacteraceae,Thermoleophilaceae,Thermomicrobiaceae,Thermosediminibacteraceae,Thermosinaceae,Thermosynergistaceae,Thermotaleaceae,Thermotogaceae,Thermovirgaceae,Tindalliaceae,Tissierellaceae,Tissierellaceae_A,Tissierellaceae_B,Tissierellaceae_C,Treponemataceae,Tumebacillaceae,Turneriellaceae,UB4802,UBA10575,UBA1096,UBA10988,UBA1100,UBA11320,UBA11346,UBA11358,UBA11657,UBA12059,UBA12178,UBA12225,UBA12420,UBA12454,UBA1319,UBA1321,UBA1381,UBA1444,UBA1845,UBA1924,UBA2386,UBA2392,UBA2595,UBA2979,UBA3941,UBA4045,UBA4068,UBA4093,UBA4823,UBA4971,UBA5301,UBA5352,UBA5368,UBA5500,UBA5550,UBA5734,UBA5745,UBA5793,UBA5829,UBA5962,UBA6077,UBA6099,UBA6191,UBA6663,UBA6769,UBA7694,UBA7701,UBA8154,UBA8190,UBA8199,UBA8346,UBA9216,UBA929,UBA9464,UBA994,UBA9971,UBA9980,UMGS1260,UMGS416,UTPLA1,VENG01,VGJW01,VGOW01,Vagococcaceae,Vallitaleaceae,Vampirovibrionaceae,Verruco-01,WQUN01,WQYP01,WRAA01,WRAX01,WRBN01,WSZJ01,Xylanivirgaceae,YIM-B00363,ZC4RG38,ZCTH02-B6,Zhaonellaceae,Zrk34
flagella_only	495	2-12-FULL-62-27,4484-171,4572-78,70-9,AAA164-E04,AE-B3A,ARS1246,ATM1,Acetivibrionaceae,Acetohalobiaceae,Acetomicrobiaceae,Acetonemaceae,Acidaminobacteraceae,Acidibacillaceae,Actinomycetaceae,Acutalibacteraceae,Aeribacillaceae,Aerococcaceae,Alicyclobacillaceae,Alkalibacillaceae,Alkalibacteraceae,Alkalispirochaetaceae,Aminiphilaceae,Aminobacteriaceae,Ammonificaceae,Amphibacillaceae,Anaerobacillaceae,Anaerohalosphaeraceae,Anaerolineaceae,Anaeromusaceae,Anaerotignaceae,Anaerovoracaceae,Anammoxibacteraceae,Aneurinibacillaceae,Anoxybacillaceae,Aquicultoraceae,Auribacteraceae,B11-G9,B1SED10-159,B1SED10-174,B3-G13,B3-G15,B62-G9,BH030062,BICA1-8,BJHT01,BM714,Bacillaceae,Bacillaceae_B,Bacillaceae_C,Bacillaceae_D,Bacillaceae_F,Bacillaceae_G,Bacillaceae_H,Bacillaceae_I,Bacillaceae_J,Bacillaceae_L,Bacillaceae_N,Bacillaceae_O,Baltobacteraceae,Borreliaceae,Brachyspiraceae,Brevibacillaceae,Breznakiellaceae,Brocadiaceae,Bu92,Butyricicoccaceae,CADAEX01,CADDYW01,CAG-138,CAG-272,CAG-274,CAG-382,CAG-74,CAIMTB01,CAIVHJ01,CAIXPF01,CAIYQO01,CAIYYI01,CAJBBX01,CAJFVJ01,CALXOJ01,CF-72,CSP1-4,CSP1-6,CTSoil-072,CTSoil-080,Caldanaerobiaceae,Caldatribacteriaceae,Caldibacillaceae,Caldicellulosiruptoraceae,Caldicoprobacteraceae,Caldilineaceae,Caloramatoraceae,Caminicellaceae,Capsulimonadaceae,Carboxydothermaceae,Carnobacteriaceae,Cellulomonadaceae,Cellulosilyticaceae,Ch109,Ch115,Ch29,Christensenellaceae,Chthoniobacteraceae,Chthonomonadaceae,Clostridiaceae,DRHE01,DRI-13,DRQF01,DSM-1321,DSM-13327,DSM-15969,DSM-18226,DSM-19205,DSM-22653,DSM-24629,DSM-25281,DSM-27016,DSM-28697,DSM-2933,DSM-5069,DSM-6578,DSM-8532,DTU010,DTU012,DTU013,DTU014,DTU015,DTU022,DTU025,DTU029,DTU030,DTU052,DTU065,DTU073,DTU080,DTU083,DTU084,DTU086,DTU087,DUEN01,DULZ01,DUMB01,DUMC01,DUMJ01,DUMP01,DUMU01,DUMW01,DUPL01,DUSS01,DY22613,DYLW01,Defluviitaleaceae,Dendrosporobacteraceae,Dermatophilaceae,Desulfallaceae,Desulfitibacteraceae,Desulfitobacteriaceae,Desulfocucumaceae,Desulfofarciminaceae,Desulfohalotomaculaceae,Desulforudaceae,Desulfotomaculaceae,Desulfovirgulaceae,Desulfuribacillaceae,Dethiobacteraceae,Dethiosulfovibrionaceae,Domibacillaceae,E44-bin32,Effusibacillaceae,Enterococcaceae,EnvOPS12,Erysipelotrichaceae,Ethanoligenenaceae,Eubacteriaceae,Euzebyaceae,Exiguobacteraceae,FEN-1173,FEN-1343,FEN-1346,FW602-bin22,Fen-1342,Fen-1364,Fervidobacteriaceae,Fictibacillaceae,Filifactoraceae,Fimbriimonadaceae,Fusobacteriaceae,GBS-1,GBS-DC,GCA-002686595,GCA-002687715,GCA-002748355,GCA-2746185,GWC2-71-9,GWE2-31-10,GWF1-51-8,GWF2-35-9,GWF2-45-14,Gaiellaceae,Garciellaceae,Gastranaerophilaceae,Gemmataceae,Gemmatimonadaceae,Geodermatophilaceae,Gottschalkiaceae,HB172195,HRBIN16,HRBIN17,HRBIN32,Halanaerobiaceae,Halarsenatibacteraceae,Halobacillaceae,Halobacteroidaceae,Heliobacteriaceae,Humimicrobiaceae,Ilumatobacteraceae,J058,J093,J111,JAACEH01,JAAXVQ01,JAAYCJ01,JAAYNZ01,JAAYPU01,JAAYUW01,JAAZEB01,JAAZLZ01,JABEVK01,JABLXB01,JABLXJ01,JABLXN01,JABUFB01,JACCZL01,JACDGC01,JACDOC01,JACQFD01,JADJEK01,JADJPG01,JADMJV01,JADQBR01,JAEUIK01,JAEUWI01,JAFGCY01,JAFGDQ01,JAFGJZ01,JAFGRV01,JAJFLO01,JAJPHF01,JAJTBE01,JAJYTV01,JAJYVN01,JAJZPE01,JANLFN01,JC228,JCM-10596,Jeotgalibacillaceae,K13,Kineococcaceae,Koleobacteraceae,Kyrpidiaceae,LMEP-6097,Lachnospiraceae,Lacipirellulaceae,Lactobacillaceae,Lentisphaeraceae,Leptonemataceae,Leptospiraceae,Limnochordaceae,Lutisporaceae,MES13,MWEM01,Mahellaceae,Marinococcaceae,Marispirochaetaceae,Massilibacillaceae,Mesoaciditogaceae,Methylomirabilaceae,Micrococcaceae,Micromonosporaceae,Microtrichaceae,Miltoncostaeaceae,Moorellaceae,Motilibacteraceae,Muirbacteriaceae,NBRC-103111,NGM72-4,Nap2-2B,Natranaerobiaceae,Natronincolaceae,Nitriliruptoraceae,Nocardioidaceae,OLB16,Opitutaceae,Oscillospiraceae,Oxobacteraceae,Ozemobacteraceae,PH28-bin88,PNKZ01,PUMD01,PWMO01,PWPN01,PWPR01,PXBQ01,Paenibacillaceae,Palsa-1178,Palsa-1400,Palsa-688,Pan216,Pelotomaculaceae,Peptostreptococcaceae,Petrotogaceae,Phycisphaeraceae,Pirellulaceae,Planctomycetaceae,Planococcaceae,Pontiellaceae,Propionisporaceae,Proteiniboraceae,Proteinivoraceae,Pseudonocardiaceae,QPJT01,Quadrisphaeraceae,RAAP-2,RAOX-1,RBG-13-55-18,RBG-16-71-46,RGIG9151,RGZZ01,RI-55,RPPD01,RSA5,RSA9,RUG14156,Reconciliibacillaceae,Rectinemataceae,Ruminococcaceae,S143-82,SA4,SCRA01,SCSIO-06110,SG8-4,SIBE01,SIT17,SK-Y3,SKKC01,SKNC01,SLAA01,SLHB01,SLMV01,SLST01,SLTJ01,SM1A02,SM23-30,SM23-32,SM23-33,SURF-12,SURF-5,SV1-B22,SXTU01,SZUA-35,SZUA-371,SZUA-567,SZUA-584,SZUA-6,Salinispiraceae,Salisediminibacteriaceae,Scalinduaceae,Sedimentibacteraceae,Sediminispirochaetaceae,Selenomonadaceae,Solirubrobacteraceae,Spirochaetaceae_B,Sporanaerobacteraceae,Sporolactobacillaceae,Sporomusaceae,Streptosporangiaceae,Sulfobacillaceae,Symbiobacteriaceae,Synergistaceae,Syntrophobotulaceae,Syntrophomonadaceae,Syntrophothermaceae,T1SED10-28,T1Sed10-126,TK06,Tepidanaerobacteraceae,Tepidibacillaceae,Tepidiformaceae,Tepidimicrobiaceae,Tepidisphaeraceae,Terrimicrobiaceae,Thermacetogeniaceae,Thermaerobacteraceae,Thermoanaerobacteraceae,Thermodesulfobiaceae,Thermoguttaceae,Thermohalobacteraceae,Thermoleophilaceae,Thermomicrobiaceae,Thermosediminibacteraceae,Thermosinaceae,Thermosynergistaceae,Thermotaleaceae,Thermotogaceae,Thermovirgaceae,Tindalliaceae,Tissierellaceae,Tissierellaceae_A,Tissierellaceae_B,Tissierellaceae_C,Treponemataceae,Tumebacillaceae,Turneriellaceae,UB4802,UBA10575,UBA1096,UBA10988,UBA1100,UBA11320,UBA11346,UBA11358,UBA11657,UBA12059,UBA12178,UBA12225,UBA12420,UBA12454,UBA1319,UBA1321,UBA1381,UBA1444,UBA1845,UBA1924,UBA2386,UBA2392,UBA2595,UBA2979,UBA3941,UBA4045,UBA4068,UBA4093,UBA4823,UBA4971,UBA5301,UBA5352,UBA5368,UBA5500,UBA5550,UBA5734,UBA5745,UBA5793,UBA5829,UBA5962,UBA6077,UBA6099,UBA6191,UBA6663,UBA6769,UBA6960,UBA7694,UBA7701,UBA8154,UBA8190,UBA8199,UBA8346,UBA9216,UBA929,UBA9464,UBA994,UBA9971,UBA9980,UMGS1260,UMGS416,UTPLA1,VENG01,VGJW01,VGOW01,Vagococcaceae,Vallitaleaceae,Vampirovibrionaceae,Verruco-01,WQUN01,WQYP01,WRAA01,WRAX01,WRBN01,WSZJ01,Xylanivirgaceae,YIM-B00363,ZC4RG38,ZCTH02-B6,Zhaonellaceae,Zrk34
flagella_only	572	2-12-FULL-62-27,4484-171,4484-95,4572-78,70-9,AAA164-E04,AABM5-125-24,AE-B3A,ARS1246,ATM1,Acetivibrionaceae,Acetohalobiaceae,Acetomicrobiaceae,Acetonemaceae,Acidaminobacteraceae,Acidibacillaceae,Actinomycetaceae,Acutalibacteraceae,Aeribacillaceae,Aerococcaceae,Alicyclobacillaceae,Alkalibacillaceae,Alkalibacteraceae,Alkalispirochaetaceae,Aminiphilaceae,Aminobacteriaceae,Ammonificaceae,Amphibacillaceae,Anaerobacillaceae,Anaerohalosphaeraceae,Anaerolineaceae,Anaeromusaceae,Anaerotignaceae,Anaerovoracaceae,Anammoxibacteraceae,Aneurinibacillaceae,Anoxybacillaceae,Aquicultoraceae,Auribacteraceae,B11-G9,B1SED10-159,B1SED10-174,B28-G17,B3-G13,B3-G15,B3-LCP,B5-G15,B62-G9,B68-G9,BH030062,BICA1-8,BJHT01,BM714,BMS3Abin05,BMS3BBIN04,Bacillaceae,Bacillaceae_B,Bacillaceae_C,Bacillaceae_D,Bacillaceae_F,Bacillaceae_G,Bacillaceae_H,Bacillaceae_I,Bacillaceae_J,Bacillaceae_L,Bacillaceae_N,Bacillaceae_O,Balneolaceae,Baltobacteraceae,Borreliaceae,Brachyspiraceae,Brevibacillaceae,Breznakiellaceae,Brocadiaceae,Bu92,Butyricicoccaceae,CADAEX01,CADDYW01,CAG-138,CAG-272,CAG-274,CAG-382,CAG-74,CAIMTB01,CAIMUX01,CAIVHJ01,CAIWAD01,CAIXPF01,CAIYQO01,CAIYYI01,CAIYYT01,CAJBBX01,CAJFVJ01,CALXOJ01,CF-72,CR04bin15,CSP1-4,CSP1-6,CTSoil-072,CTSoil-080,Caldanaerobiaceae,Caldatribacteriaceae,Caldibacillaceae,Caldicellulosiruptoraceae,Caldicoprobacteraceae,Caldilineaceae,Calditrichaceae,Caloramatoraceae,Caminicellaceae,Capsulimonadaceae,Carboxydothermaceae,Carnobacteriaceae,Cellulomonadaceae,Cellulosilyticaceae,Ch109,Ch115,Ch29,Chitinispirillaceae,Christensenellaceae,Chthoniobacteraceae,Chthonomonadaceae,Clostridiaceae,Cyclonatronaceae,DREG01,DRHE01,DRI-13,DRLW01,DRQF01,DSM-1321,DSM-13327,DSM-15969,DSM-18226,DSM-19205,DSM-22653,DSM-24629,DSM-25281,DSM-27016,DSM-28697,DSM-2933,DSM-5069,DSM-6578,DSM-8532,DTU010,DTU012,DTU013,DTU014,DTU015,DTU022,DTU025,DTU029,DTU030,DTU052,DTU065,DTU073,DTU080,DTU083,DTU084,DTU086,DTU087,DUEN01,DULZ01,DUMB01,DUMC01,DUMJ01,DUMP01,DUMU01,DUMW01,DUPL01,DUSS01,DY22613,DYLW01,Defluviitaleaceae,Dendrosporobacteraceae,Dermatophilaceae,Desulfallaceae,Desulfitibacteraceae,Desulfitobacteriaceae,Desulfocucumaceae,Desulfofarciminaceae,Desulfohalotomaculaceae,Desulforudaceae,Desulfotomaculaceae,Desulfovirgulaceae,Desulfuribacillaceae,Dethiobacteraceae,Dethiosulfovibrionaceae,Domibacillaceae,E44-bin32,Effusibacillaceae,Enterococcaceae,EnvOPS12,Erysipelotrichaceae,Ethanoligenenaceae,Eubacteriaceae,Euzebyaceae,Exiguobacteraceae,F1-140-MAGs086,FEB-12,FEN-1173,FEN-1343,FEN-1346,FW602-bin22,Fen-1342,Fen-1364,Fervidobacteriaceae,Fibrobacteraceae,Fictibacillaceae,Filifactoraceae,Fimbriimonadaceae,Fusobacteriaceae,GBS-1,GBS-DC,GCA-002686595,GCA-002687715,GCA-002748355,GCA-2687025,GCA-2689995,GCA-2746185,GWA2-58-10,GWC2-71-9,GWE2-31-10,GWF1-51-8,GWF2-35-9,GWF2-45-14,Gaiellaceae,Garciellaceae,Gastranaerophilaceae,Gemmataceae,Gemmatimonadaceae,Geodermatophilaceae,Gottschalkiaceae,HB172195,HLUCCA01,HRBIN16,HRBIN17,HRBIN21,HRBIN32,Halanaerobiaceae,Halarsenatibacteraceae,Halobacillaceae,Halobacteroidaceae,Heliobacteriaceae,Humimicrobiaceae,Ignavibacteriaceae,Ilumatobacteraceae,J004,J042,J058,J093,J111,JAABVY01,JAACEH01,JAAXVQ01,JAAYCJ01,JAAYNZ01,JAAYPU01,JAAYUW01,JAAZEB01,JAAZLZ01,JAAZOE01,JABDJQ01,JABEVK01,JABLXB01,JABLXJ01,JABLXN01,JABUFB01,JACCZL01,JACDGC01,JACDOC01,JACIZP01,JACNKJ01,JACNLC01,JACQFD01,JACZUZ01,JADJEK01,JADJPG01,JADMJV01,JADQBR01,JAEUIK01,JAEUWI01,JAFGCY01,JAFGDQ01,JAFGJZ01,JAFGRV01,JAFGTP01,JAHJOQ01,JAJFLO01,JAJPHF01,JAJRUJ01,JAJTBE01,JAJYTV01,JAJYVN01,JAJZPE01,JAKASW01,JANLFN01,JC228,JCM-10596,Jeotgalibacillaceae,K13,Kineococcaceae,Koleobacteraceae,Krumholzibacteriaceae,Kryptoniaceae,Kyrpidiaceae,LMEP-6097,LZORAL124-64-63,Lachnospiraceae,Lacipirellulaceae,Lactobacillaceae,Latescibacteraceae,Lentisphaeraceae,Leptonemataceae,Leptospiraceae,Limnochordaceae,Lutisporaceae,MES13,MWEM01,Mahellaceae,Marinococcaceae,Marispirochaetaceae,Massilibacillaceae,Melioribacteraceae,Mesoaciditogaceae,Methylomirabilaceae,Micrococcaceae,Micromonosporaceae,Microtrichaceae,Miltoncostaeaceae,Moorellaceae,Motilibacteraceae,Muirbacteriaceae,NBRC-103111,NGM72-4,NICIL-2,Nap2-2B,Natranaerobiaceae,Natronincolaceae,Natronogracilivirgulaceae,Nitriliruptoraceae,Nocardioidaceae,OLB16,Opitutaceae,Oscillospiraceae,Oxobacteraceae,Ozemobacteraceae,PGXB01,PH28-bin88,PNKZ01,PUMD01,PWMO01,PWPN01,PWPR01,PXBQ01,Paenibacillaceae,Palsa-1178,Palsa-1400,Palsa-688,Pan216,Pelotomaculaceae,Peptostreptococcaceae,Petrotogaceae,Phycisphaeraceae,Pirellulaceae,Planctomycetaceae,Planococcaceae,Pontiellaceae,Propionisporaceae,Proteiniboraceae,Proteinivoraceae,Pseudonocardiaceae,QNDG01,QPJT01,Quadrisphaeraceae,RAAP-2,RAOX-1,RBG-13-55-18,RBG-16-71-46,RGIG9151,RGZZ01,RI-55,RPPD01,RPQS01,RSA5,RSA9,RUG14156,Reconciliibacillaceae,Rectinemataceae,Rhodothermaceae,Ruminococcaceae,S143-82,SA4,SCRA01,SCSIO-06110,SG8-4,SIBE01,SIT17,SK-Y3,SKKC01,SKNC01,SLAA01,SLHB01,SLMV01,SLST01,SLTJ01,SM1A02,SM23-30,SM23-32,SM23-33,SORT01,SURF-12,SURF-5,SV1-B22,SXTU01,SZUA-35,SZUA-371,SZUA-567,SZUA-584,SZUA-6,Salinibacteraceae,Salinispiraceae,Salisediminibacteriaceae,Scalinduaceae,Sedimentibacteraceae,Sediminispirochaetaceae,Selenomonadaceae,Solirubrobacteraceae,Spirochaetaceae_B,Sporanaerobacteraceae,Sporolactobacillaceae,Sporomusaceae,Streptosporangiaceae,Sulfobacillaceae,Symbiobacteriaceae,Synergistaceae,Syntrophobotulaceae,Syntrophomonadaceae,Syntrophothermaceae,T1SED10-28,T1Sed10-126,T3Sed10-11,TK06,TS1B11,Tepidanaerobacteraceae,Tepidibacillaceae,Tepidiformaceae,Tepidimicrobiaceae,Tepidisphaeraceae,Terrimicrobiaceae,Thermacetogeniaceae,Thermaerobacteraceae,Thermoanaerobacteraceae,Thermodesulfobiaceae,Thermoguttaceae,Thermohalobacteraceae,Thermoleophilaceae,Thermomicrobiaceae,Thermosediminibacteraceae,Thermosinaceae,Thermosynergistaceae,Thermotaleaceae,Thermotogaceae,Thermovirgaceae,Tindalliaceae,Tissierellaceae,Tissierellaceae_A,Tissierellaceae_B,Tissierellaceae_C,Treponemataceae,Tumebacillaceae,Turneriellaceae,UB4802,UBA10030,UBA10575,UBA10806,UBA1096,UBA10988,UBA1100,UBA11236,UBA11320,UBA11346,UBA11358,UBA11657,UBA12059,UBA12178,UBA12225,UBA12420,UBA12454,UBA1319,UBA1321,UBA1381,UBA1444,UBA1845,UBA1924,UBA2242,UBA2268,UBA2386,UBA2392,UBA2595,UBA2968,UBA2979,UBA3941,UBA4045,UBA4055,UBA4068,UBA4093,UBA4823,UBA4971,UBA5070,UBA5301,UBA5352,UBA5368,UBA5500,UBA5550,UBA5734,UBA5745,UBA5793,UBA5829,UBA5962,UBA6077,UBA6099,UBA6191,UBA6663,UBA6769,UBA6906,UBA6960,UBA7694,UBA7701,UBA8154,UBA8190,UBA8199,UBA8231,UBA8346,UBA8401,UBA8477,UBA9216,UBA929,UBA9464,UBA961,UBA9662,UBA994,UBA9971,UBA9980,UM-FILTER-46-8,UMGS1260,UMGS416,UTPLA1,VENG01,VGJW01,VGOW01,Vagococcaceae,Vallitaleaceae,Vampirovibrionaceae,Verruco-01,WJJG01,WJJR01,WJKA01,WJMI01,WQUN01,WQYP01,WRAA01,WRAX01,WRBN01,WRFX01,WRIO01,WSZJ01,Xylanivirgaceae,YIM-B00363,ZC4RG38,ZCTH02-B6,Zgenome-0027,Zhaonellaceae,Zrk34
gtdb_only	573	2-12-FULL-62-27,4484-171,4484-95,4572-78,70-9,AAA164-E04,AABM5-125-24,AE-B3A,ARS1246,ATM1,Acetivibrionaceae,Acetohalobiaceae,Acetomicrobiaceae,Acetonemaceae,Acidaminobacteraceae,Acidibacillaceae,Actinomycetaceae,Acutalibacteraceae,Aeribacillaceae,Aerococcaceae,Alicyclobacillaceae,Alkalibacillaceae,Alkalibacteraceae,Alkalispirochaetaceae,Aminiphilaceae,Aminobacteriaceae,Ammonificaceae,Amphibacillaceae,Anaerobacillaceae,Anaerohalosphaeraceae,Anaerolineaceae,Anaeromusaceae,Anaerotignaceae,Anaerovoracaceae,Anammoxibacteraceae,Aneurinibacillaceae,Anoxybacillaceae,Aquicultoraceae,Auribacteraceae,B11-G9,B1SED10-159,B1SED10-174,B28-G17,B3-G13,B3-G15,B3-LCP,B5-G15,B62-G9,B68-G9,BH030062,BICA1-8,BJHT01,BM714,BMS3Abin05,BMS3BBIN04,Bacillaceae,Bacillaceae_B,Bacillaceae_C,Bacillaceae_D,Bacillaceae_F,Bacillaceae_G,Bacillaceae_H,Bacillaceae_I,Bacillaceae_J,Bacillaceae_L,Bacillaceae_N,Bacillaceae_O,Balneolaceae,Baltobacteraceae,Borreliaceae,Brachyspiraceae,Brevibacillaceae,Breznakiellaceae,Brocadiaceae,Bu92,Butyricicoccaceae,CADAEX01,CADDYW01,CAG-138,CAG-272,CAG-274,CAG-382,CAG-74,CAIMTB01,CAIMUX01,CAIVHJ01,CAIWAD01,CAIXPF01,CAIYQO01,CAIYYI01,CAIYYT01,CAJBBX01,CAJFVJ01,CALXOJ01,CF-72,CR04bin15,CSP1-4,CTSoil-072,CTSoil-080,Caldanaerobiaceae,Caldatribacteriaceae,Caldibacillaceae,Caldicellulosiruptoraceae,Caldicoprobacteraceae,Caldilineaceae,Calditrichaceae,Caloramatoraceae,Caminicellaceae,Capsulimonadaceae,Carboxydothermaceae,Carnobacteriaceae,Cellulomonadaceae,Cellulosilyticaceae,Ch109,Ch115,Ch29,Chitinispirillaceae,Christensenellaceae,Chthoniobacteraceae,Chthonomonadaceae,Clostridiaceae,Cyclonatronaceae,DREG01,DRHE01,DRI-13,DRLW01,DRQF01,DSM-1321,DSM-13327,DSM-15969,DSM-18226,DSM-19205,DSM-22653,DSM-24629,DSM-25281,DSM-27016,DSM-28697,DSM-2933,DSM-5069,DSM-6578,DSM-8532,DTU010,DTU012,DTU013,DTU014,DTU015,DTU022,DTU025,DTU029,DTU030,DTU052,DTU065,DTU073,DTU080,DTU083,DTU084,DTU086,DTU087,DUEN01,DULZ01,DUMB01,DUMC01,DUMJ01,DUMP01,DUMU01,DUMW01,DUPL01,DUSS01,DY22613,DYLW01,Defluviitaleaceae,Dendrosporobacteraceae,Dermatophilaceae,Desulfallaceae,Desulfitibacteraceae,Desulfitobacteriaceae,Desulfocucumaceae,Desulfofarciminaceae,Desulfohalotomaculaceae,Desulforudaceae,Desulfotomaculaceae,Desulfovirgulaceae,Desulfuribacillaceae,Dethiobacteraceae,Dethiosulfovibrionaceae,Domibacillaceae,E44-bin32,Effusibacillaceae,Enterococcaceae,EnvOPS12,Erysipelotrichaceae,Ethanoligenenaceae,Eubacteriaceae,Euzebyaceae,Exiguobacteraceae,F1-140-MAGs086,FEB-12,FEN-1173,FEN-1343,FEN-1346,FW602-bin22,Fen-1342,Fen-1364,Fervidobacteriaceae,Fibrobacteraceae,Fictibacillaceae,Filifactoraceae,Fimbriimonadaceae,Flavobacteriaceae,Fusobacteriaceae,GBS-1,GBS-DC,GCA-002686595,GCA-002687715,GCA-002748355,GCA-2687025,GCA-2689995,GCA-2746185,GWA2-58-10,GWC2-71-9,GWE2-31-10,GWF1-51-8,GWF2-35-9,GWF2-45-14,Gaiellaceae,Garciellaceae,Gastranaerophilaceae,Gemmataceae,Gemmatimonadaceae,Geodermatophilaceae,Gottschalkiaceae,HB172195,HLUCCA01,HRBIN16,HRBIN17,HRBIN21,HRBIN32,Halanaerobiaceae,Halarsenatibacteraceae,Halobacillaceae,Halobacteroidaceae,Heliobacteriaceae,Humimicrobiaceae,Ignavibacteriaceae,Ilumatobacteraceae,J004,J042,J058,J093,J111,JAABVY01,JAACEH01,JAAXVQ01,JAAYCJ01,JAAYNZ01,JAAYPU01,JAAYUW01,JAAZEB01,JAAZLZ01,JAAZOE01,JABDJQ01,JABEVK01,JABLXB01,JABLXJ01,JABLXN01,JABUFB01,JABWBI01,JACCZL01,JACDGC01,JACDOC01,JACIZP01,JACNKJ01,JACNLC01,JACQFD01,JACZUZ01,JADJEK01,JADJPG01,JADMJV01,JADQBR01,JAEUIK01,JAEUWI01,JAFGCY01,JAFGDQ01,JAFGJZ01,JAFGRV01,JAFGTP01,JAHJOQ01,JAJFLO01,JAJPHF01,JAJRUJ01,JAJTBE01,JAJYTV01,JAJYVN01,JAJZPE01,JAKASW01,JANLFN01,JC228,JCM-10596,Jeotgalibacillaceae,K13,Kineococcaceae,Koleobacteraceae,Krumholzibacteriaceae,Kryptoniaceae,Kyrpidiaceae,LMEP-6097,LZORAL124-64-63,Lachnospiraceae,Lacipirellulaceae,Lactobacillaceae,Latescibacteraceae,Lentisphaeraceae,Leptonemataceae,Leptospiraceae,Limnochordaceae,Lutisporaceae,MES13,MWEM01,Mahellaceae,Marinococcaceae,Marispirochaetaceae,Massilibacillaceae,Melioribacteraceae,Mesoaciditogaceae,Micrococcaceae,Micromonosporaceae,Microtrichaceae,Miltoncostaeaceae,Moorellaceae,Motilibacteraceae,Muirbacteriaceae,NBRC-103111,NGM72-4,NICIL-2,Nap2-2B,Natranaerobiaceae,Natronincolaceae,Natronogracilivirgulaceae,Nitriliruptoraceae,Nocardioidaceae,OLB16,Opitutaceae,Oscillospiraceae,Oxobacteraceae,Ozemobacteraceae,PGXB01,PH28-bin88,PNKZ01,PUMD01,PWMO01,PWPN01,PWPR01,PXBQ01,Paenibacillaceae,Palsa-1178,Palsa-1400,Palsa-688,Pan216,Pelotomaculaceae,Peptostreptococcaceae,Petrotogaceae,Phycisphaeraceae,Pirellulaceae,Planctomycetaceae,Planococcaceae,Pontiellaceae,Propionisporaceae,Proteiniboraceae,Proteinivoraceae,Pseudonocardiaceae,QNDG01,QPJT01,Quadrisphaeraceae,RAAP-2,RAOX-1,RBG-13-55-18,RBG-16-71-46,RGIG9151,RGZZ01,RI-55,RPPD01,RPQS01,RSA5,RSA9,RUG14156,Reconciliibacillaceae,Rectinemataceae,Rhodothermaceae,Ruminococcaceae,S143-82,SA4,SCRA01,SCSIO-06110,SG8-4,SIBE01,SIT17,SK-Y3,SKKC01,SKNC01,SLAA01,SLHB01,SLMV01,SLST01,SLTJ01,SM1A02,SM23-30,SM23-32,SM23-33,SORT01,SURF-12,SURF-5,SV1-B22,SXTU01,SZUA-35,SZUA-371,SZUA-567,SZUA-584,SZUA-6,Salinibacteraceae,Salinispiraceae,Salisediminibacteriaceae,Scalinduaceae,Sedimentibacteraceae,Sediminispirochaetaceae,Selenomonadaceae,Solirubrobacteraceae,Spirochaetaceae_B,Sporanaerobacteraceae,Sporolactobacillaceae,Sporomusaceae,Streptosporangiaceae,Sulfobacillaceae,Symbiobacteriaceae,Synergistaceae,Syntrophobotulaceae,Syntrophomonadaceae,Syntrophothermaceae,T1SED10-28,T1Sed10-126,T3Sed10-11,TK06,TS1B11,Tepidanaerobacteraceae,Tepidibacillaceae,Tepidiformaceae,Tepidimicrobiaceae,Tepidisphaeraceae,Terrimicrobiaceae,Thermacetogeniaceae,Thermaerobacteraceae,Thermoanaerobacteraceae,Thermodesulfobiaceae,Thermoguttaceae,Thermohalobacteraceae,Thermoleophilaceae,Thermomicrobiaceae,Thermosediminibacteraceae,Thermosinaceae,Thermosynergistaceae,Thermotaleaceae,Thermotogaceae,Thermovirgaceae,Tindalliaceae,Tissierellaceae,Tissierellaceae_A,Tissierellaceae_B,Tissierellaceae_C,Treponemataceae,Tumebacillaceae,Turneriellaceae,UB4802,UBA10030,UBA10575,UBA10806,UBA1096,UBA10988,UBA1100,UBA11236,UBA11320,UBA11346,UBA11358,UBA11657,UBA12059,UBA12178,UBA12225,UBA12420,UBA12454,UBA1319,UBA1321,UBA1381,UBA1444,UBA1845,UBA1924,UBA2242,UBA2268,UBA2386,UBA2392,UBA2595,UBA2968,UBA2979,UBA3941,UBA4045,UBA4055,UBA4068,UBA4093,UBA4823,UBA4971,UBA5070,UBA5301,UBA5352,UBA5368,UBA5500,UBA5550,UBA5734,UBA5745,UBA5793,UBA5829,UBA5962,UBA6077,UBA6099,UBA6191,UBA6663,UBA6769,UBA6906,UBA6960,UBA7694,UBA7701,UBA8154,UBA8190,UBA8199,UBA8231,UBA8346,UBA8349,UBA8401,UBA8477,UBA9216,UBA929,UBA9464,UBA961,UBA9662,UBA994,UBA9971,UBA9980,UM-FILTER-46-8,UMGS1260,UMGS416,UTPLA1,VENG01,VGJW01,VGOW01,Vagococcaceae,Vallitaleaceae,Vampirovibrionaceae,Verruco-01,WJJG01,WJJR01,WJKA01,WJMI01,WQUN01,WQYP01,WRAA01,WRAX01,WRBN01,WRFX01,WRIO01,WSZJ01,Xylanivirgaceae,YIM-B00363,ZC4RG38,ZCTH02-B6,Zgenome-0027,Zhaonellaceae,Zrk34
gtdb_only	594	2-12-FULL-62-27,20CM-2-55-15,4484-171,4484-95,4572-78,70-9,AAA164-E04,AABM5-125-24,AE-B3A,ARS1246,ATM1,Acanthopleuribacteraceae,Acetivibrionaceae,Acetohalobiaceae,Acetomicrobiaceae,Acetonemaceae,Acidaminobacteraceae,Acidibacillaceae,Acidobacteriaceae,Actinomycetaceae,Acutalibacteraceae,Aeribacillaceae,Aerococcaceae,Alicyclobacillaceae,Alkalibacillaceae,Alkalibacteraceae,Alkalispirochaetaceae,Aminiphilaceae,Aminobacteriaceae,Ammonificaceae,Amphibacillaceae,Anaerobacillaceae,Anaerohalosphaeraceae,Anaerolineaceae,Anaeromusaceae,Anaerotignaceae,Anaerovoracaceae,Anammoxibacteraceae,Aneurinibacillaceae,Anoxybacillaceae,Aquicultoraceae,Auribacteraceae,B11-G9,B130-G9,B1SED10-159,B1SED10-174,B28-G17,B3-G13,B3-G15,B3-LCP,B5-G15,B62-G9,B68-G9,BH030062,BICA1-8,BJHT01,BM714,BMS3Abin05,BMS3BBIN04,Bacillaceae,Bacillaceae_B,Bacillaceae_C,Bacillaceae_D,Bacillaceae_F,Bacillaceae_G,Bacillaceae_H,Bacillaceae_I,Bacillaceae_J,Bacillaceae_L,Bacillaceae_N,Bacillaceae_O,Balneolaceae,Baltobacteraceae,Borreliaceae,Brachyspiraceae,Brevibacillaceae,Breznakiellaceae,Brocadiaceae,Bryobacteraceae,Bu92,Butyricicoccaceae,CADAEX01,CADDYW01,CAG-138,CAG-272,CAG-274,CAG-382,CAG-74,CAIMTB01,CAIMUX01,CAIVHJ01,CAIWAD01,CAIWXX01,CAIXPF01,CAIYQO01,CAIYYI01,CAIYYT01,CAJBBX01,CAJFVJ01,CALXOJ01,CF-72,CR04bin15,CSP1-4,CTSoil-072,CTSoil-080,Caldanaerobiaceae,Caldatribacteriaceae,Caldibacillaceae,Caldicellulosiruptoraceae,Caldicoprobacteraceae,Caldilineaceae,Calditrichaceae,Caloramatoraceae,Caminicellaceae,Capsulimonadaceae,Carboxydothermaceae,Carnobacteriaceae,Cellulomonadaceae,Cellulosilyticaceae,Ch109,Ch115,Ch29,Chitinispirillaceae,Christensenellaceae,Chthoniobacteraceae,Chthonomonadaceae,Clostridiaceae,Cyclonatronaceae,DREG01,DRHE01,DRI-13,DRLW01,DRQF01,DSM-1321,DSM-13327,DSM-15969,DSM-18226,DSM-19205,DSM-22653,DSM-24629,DSM-25281,DSM-27016,DSM-28697,DSM-2933,DSM-5069,DSM-6578,DSM-8532,DTU010,DTU012,DTU013,DTU014,DTU015,DTU022,DTU025,DTU029,DTU030,DTU052,DTU065,DTU073,DTU080,DTU083,DTU084,DTU086,DTU087,DUEN01,DULZ01,DUMB01,DUMC01,DUMJ01,DUMP01,DUMU01,DUMW01,DUPL01,DUSS01,DY22613,DYLW01,Defluviitaleaceae,Dendrosporobacteraceae,Dermatophilaceae,Desulfallaceae,Desulfitibacteraceae,Desulfitobacteriaceae,Desulfocucumaceae,Desulfofarciminaceae,Desulfohalotomaculaceae,Desulforudaceae,Desulfotomaculaceae,Desulfovirgulaceae,Desulfuribacillaceae,Dethiobacteraceae,Dethiosulfovibrionaceae,Domibacillaceae,E44-bin32,Effusibacillaceae,Enterococcaceae,EnvOPS12,Erysipelotrichaceae,Ethanoligenenaceae,Eubacteriaceae,Euzebyaceae,Exiguobacteraceae,F1-140-MAGs086,FEB-12,FEN-1173,FEN-1343,FEN-1346,FW602-bin22,Fen-1342,Fen-1364,Fervidobacteriaceae,Fibrobacteraceae,Fictibacillaceae,Filifactoraceae,Fimbriimonadaceae,Flavobacteriaceae,Fusobacteriaceae,GBS-1,GBS-DC,GCA-002686595,GCA-002687715,GCA-002748355,GCA-2687025,GCA-2689995,GCA-2746185,GWA2-58-10,GWC2-71-9,GWE2-31-10,GWF1-51-8,GWF2-35-9,GWF2-45-14,Gaiellaceae,Garciellaceae,Gastranaerophilaceae,Gemmataceae,Gemmatimonadaceae,Geodermatophilaceae,Gottschalkiaceae,HB172195,HLUCCA01,HRBIN16,HRBIN17,HRBIN21,HRBIN32,Halanaerobiaceae,Halarsenatibacteraceae,Halobacillaceae,Halobacteroidaceae,Heliobacteriaceae,Holophagaceae,Humimicrobiaceae,Ignavibacteriaceae,Ilumatobacteraceae,J004,J042,J045,J058,J093,J111,JAABVY01,JAACEH01,JAAXVQ01,JAAYCJ01,JAAYNZ01,JAAYPU01,JAAYUW01,JAAZEB01,JAAZLZ01,JAAZOE01,JABDJQ01,JABEVK01,JABLXB01,JABLXJ01,JABLXN01,JABUFB01,JABWBI01,JACCZL01,JACDGC01,JACDOC01,JACIZP01,JACNKJ01,JACNLC01,JACQFD01,JACZUZ01,JADJEK01,JADJPG01,JADMJV01,JADQBR01,JAEUIK01,JAEUWI01,JAFGCY01,JAFGDQ01,JAFGJZ01,JAFGRV01,JAFGTP01,JAFNAJ01,JAHJOQ01,JAJFLO01,JAJPHF01,JAJRUJ01,JAJTBE01,JAJYTV01,JAJYVN01,JAJZPE01,JAKASW01,JANLFN01,JC228,JCM-10596,Jeotgalibacillaceae,K13,Kineococcaceae,Koleobacteraceae,Koribacteraceae,Krumholzibacteriaceae,Kryptoniaceae,Kyrpidiaceae,LMEP-6097,LZORAL124-64-63,Lachnospiraceae,Lacipirellulaceae,Lactobacillaceae,Latescibacteraceae,Lentisphaeraceae,Leptonemataceae,Leptospiraceae,Limnochordaceae,Lutisporaceae,MES13,MWEM01,Mahellaceae,Marinococcaceae,Marispirochaetaceae,Massilibacillaceae,Melioribacteraceae,Mesoaciditogaceae,Micrococcaceae,Micromonosporaceae,Microtrichaceae,Miltoncostaeaceae,Moorellaceae,Motilibacteraceae,Muirbacteriaceae,NBRC-103111,NGM72-4,NICIL-2,Nap2-2B,Natranaerobiaceae,Natronincolaceae,Natronogracilivirgulaceae,Nitriliruptoraceae,Nocardioidaceae,OLB16,Opitutaceae,Oscillospiraceae,Oxobacteraceae,Ozemobacteraceae,PGXB01,PH28-bin88,PNKZ01,PUMD01,PWMO01,PWPN01,PWPR01,PXBQ01,Paenibacillaceae,Palsa-1178,Palsa-1400,Palsa-688,Pan216,Pelotomaculaceae,Peptostreptococcaceae,Petrotogaceae,Phycisphaeraceae,Pirellulaceae,Planctomycetaceae,Planococcaceae,Polarisedimenticolaceae,Pontiellaceae,Propionisporaceae,Proteiniboraceae,Proteinivoraceae,Pseudonocardiaceae,Pyrinomonadaceae,QNDG01,QPJT01,Quadrisphaeraceae,RAAP-2,RAOX-1,RBC074,RBG-13-55-18,RBG-16-71-46,RGIG9151,RGZZ01,RI-55,RPPD01,RPQS01,RSA5,RSA9,RUG14156,Reconciliibacillaceae,Rectinemataceae,Rhodothermaceae,Ruminococcaceae,S143-82,SA4,SCN-69-37,SCQP01,SCRA01,SCSIO-06110,SG8-4,SIBE01,SIT17,SK-Y3,SKKC01,SKNC01,SLAA01,SLHB01,SLMV01,SLST01,SLTJ01,SM1A02,SM23-30,SM23-32,SM23-33,SORT01,SURF-12,SURF-5,SV1-B22,SXTU01,SZUA-35,SZUA-371,SZUA-567,SZUA-584,SZUA-6,Salinibacteraceae,Salinispiraceae,Salisediminibacteriaceae,SbA1,Scalinduaceae,Sedimentibacteraceae,Sediminispirochaetaceae,Selenomonadaceae,Solirubrobacteraceae,Spirochaetaceae_B,Sporanaerobacteraceae,Sporolactobacillaceae,Sporomusaceae,Streptosporangiaceae,Sulfobacillaceae,Symbiobacteriaceae,Synergistaceae,Syntrophobotulaceae,Syntrophomonadaceae,Syntrophothermaceae,T1SED10-28,T1Sed10-126,T3Sed10-11,TK06,TS1B11,Tepidanaerobacteraceae,Tepidibacillaceae,Tepidiformaceae,Tepidimicrobiaceae,Tepidisphaeraceae,Terrimicrobiaceae,Thermacetogeniaceae,Thermaerobacteraceae,Thermoanaerobacteraceae,Thermodesulfobiaceae,Thermoguttaceae,Thermohalobacteraceae,Thermoleophilaceae,Thermomicrobiaceae,Thermosediminibacteraceae,Thermosinaceae,Thermosynergistaceae,Thermotaleaceae,Thermotogaceae,Thermovirgaceae,Tindalliaceae,Tissierellaceae,Tissierellaceae_A,Tissierellaceae_B,Tissierellaceae_C,Treponemataceae,Tumebacillaceae,Turneriellaceae,UB4802,UBA10030,UBA10575,UBA10806,UBA1096,UBA10988,UBA1100,UBA11236,UBA11320,UBA11346,UBA11358,UBA11657,UBA12059,UBA12178,UBA12225,UBA12420,UBA12454,UBA1319,UBA1321,UBA1381,UBA1444,UBA1845,UBA1924,UBA2242,UBA2268,UBA2386,UBA2392,UBA2595,UBA2968,UBA2979,UBA2999,UBA3941,UBA4045,UBA4055,UBA4068,UBA4093,UBA4823,UBA4971,UBA5070,UBA5301,UBA5352,UBA5368,UBA5500,UBA5550,UBA5734,UBA5745,UBA5793,UBA5829,UBA5962,UBA6077,UBA6099,UBA6191,UBA6663,UBA6769,UBA6906,UBA6911,UBA6960,UBA7540,UBA7541,UBA7694,UBA7701,UBA8154,UBA8190,UBA8199,UBA8231,UBA8346,UBA8349,UBA8401,UBA8477,UBA9216,UBA929,UBA9464,UBA961,UBA9662,UBA994,UBA9971,UBA9980,UM-FILTER-46-8,UMGS1260,UMGS416,UTPLA1,VENG01,VGJW01,VGOW01,Vagococcaceae,Vallitaleaceae,Vampirovibrionaceae,Verruco-01,Vicinamibacteraceae,WJJG01,WJJR01,WJKA01,WJMI01,WQUN01,WQYP01,WRAA01,WRAX01,WRBN01,WRFX01,WRIO01,WSZJ01,Xylanivirgaceae,YIM-B00363,ZC4RG38,ZCTH02-B6,Zgenome-0027,Zhaonellaceae,Zrk34
flagella_only	598	2-12-FULL-62-27,4484-171,4484-95,4572-78,70-9,AAA164-E04,AABM5-125-24,AE-B3A,ARS1246,ATM1,Acetivibrionaceae,Acetohalobiaceae,Acetomicrobiaceae,Acetonemaceae,Acidaminobacteraceae,Acidibacillaceae,Actinomycetaceae,Acutalibacteraceae,Aeribacillaceae,Aerococcaceae,Alicyclobacillaceae,Alkalibacillaceae,Alkalibacteraceae,Alkalispirochaetaceae,Aminiphilaceae,Aminobacteriaceae,Ammonificaceae,Amphibacillaceae,Anaerobacillaceae,Anaerohalosphaeraceae,Anaerolineaceae,Anaeromusaceae,Anaerotignaceae,Anaerovoracaceae,Anammoxibacteraceae,Aneurinibacillaceae,Anoxybacillaceae,Aquicultoraceae,Arcobacteraceae,Auribacteraceae,B11-G9,B130-G9,B1SED10-159,B1SED10-174,B28-G17,B3-G13,B3-G15,B3-LCP,B5-G15,B62-G9,B68-G9,BB28,BH030062,BICA1-8,BJHT01,BM714,BMS3Abin05,BMS3BBIN04,Bacillaceae,Bacillaceae_B,Bacillaceae_C,Bacillaceae_D,Bacillaceae_F,Bacillaceae_G,Bacillaceae_H,Bacillaceae_I,Bacillaceae_J,Bacillaceae_L,Bacillaceae_N,Bacillaceae_O,Balneolaceae,Baltobacteraceae,Borreliaceae,Brachyspiraceae,Brevibacillaceae,Breznakiellaceae,Brocadiaceae,Bu92,Butyricicoccaceae,CADAEX01,CADDYW01,CAG-138,CAG-272,CAG-274,CAG-382,CAG-74,CAIMTB01,CAIMUX01,CAIVHJ01,CAIWAD01,CAIXPF01,CAIYQO01,CAIYYI01,CAIYYT01,CAJBBX01,CAJFVJ01,CALXOJ01,CF-72,CR04bin15,CSP1-4,CSP1-6,CTSoil-072,CTSoil-080,Caldanaerobiaceae,Caldatribacteriaceae,Caldibacillaceae,Caldicellulosiruptoraceae,Caldicoprobacteraceae,Caldilineaceae,Calditerrivibrionaceae,Calditrichaceae,Caloramatoraceae,Caminicellaceae,Campylobacteraceae,Capsulimonadaceae,Carboxydothermaceae,Carnobacteriaceae,Cellulomonadaceae,Cellulosilyticaceae,Ch109,Ch115,Ch29,Chitinispirillaceae,Christensenellaceae,Chrysiogenaceae,Chthoniobacteraceae,Chthonomonadaceae,Clostridiaceae,Cyclonatronaceae,DREG01,DRHE01,DRI-13,DRLW01,DRQF01,DSM-1321,DSM-13327,DSM-15969,DSM-18226,DSM-19205,DSM-22653,DSM-24629,DSM-25281,DSM-27016,DSM-28697,DSM-2933,DSM-5069,DSM-6578,DSM-8532,DTU010,DTU012,DTU013,DTU014,DTU015,DTU022,DTU025,DTU029,DTU030,DTU052,DTU065,DTU073,DTU080,DTU083,DTU084,DTU086,DTU087,DUEN01,DULZ01,DUMB01,DUMC01,DUMJ01,DUMP01,DUMU01,DUMW01,DUPL01,DUSS01,DY22613,DYLW01,Deferribacteraceae,Deferrisomataceae,Deferrivibrionaceae,Defluviitaleaceae,Dendrosporobacteraceae,Denitrovibrionaceae,Dermatophilaceae,Desulfallaceae,Desulfitibacteraceae,Desulfitobacteriaceae,Desulfocucumaceae,Desulfofarciminaceae,Desulfohalotomaculaceae,Desulforudaceae,Desulfotomaculaceae,Desulfovirgulaceae,Desulfurellaceae,Desulfuribacillaceae,Dethiobacteraceae,Dethiosulfovibrionaceae,Domibacillaceae,E44-bin32,Effusibacillaceae,Enterococcaceae,EnvOPS12,Erysipelotrichaceae,Ethanoligenenaceae,Eubacteriaceae,Euzebyaceae,Exiguobacteraceae,F1-140-MAGs086,FEB-12,FEN-1173,FEN-1343,FEN-1346,FW602-bin22,Fen-1342,Fen-1364,Fervidobacteriaceae,Fibrobacteraceae,Fictibacillaceae,Filifactoraceae,Fimbriimonadaceae,Fusobacteriaceae,GBS-1,GBS-DC,GCA-002686595,GCA-002687715,GCA-002748355,GCA-2687025,GCA-2689995,GCA-2746185,GWA2-58-10,GWC2-71-9,GWE2-31-10,GWF1-51-8,GWF2-35-9,GWF2-45-14,Gaiellaceae,Garciellaceae,Gastranaerophilaceae,Gemmataceae,Gemmatimonadaceae,Geodermatophilaceae,Gottschalkiaceae,HB172195,HLUCCA01,HRBIN16,HRBIN17,HRBIN21,HRBIN32,Halanaerobiaceae,Halarsenatibacteraceae,Halobacillaceae,Halobacteroidaceae,Helicobacteraceae,Heliobacteriaceae,Hippeaceae,Humimicrobiaceae,Hydrogenimonadaceae,Ignavibacteriaceae,Ilumatobacteraceae,J004,J042,J058,J093,J111,JAABVY01,JAACEH01,JAAXVQ01,JAAYCJ01,JAAYNZ01,JAAYPU01,JAAYUW01,JAAZEB01,JAAZLZ01,JAAZOE01,JABDJQ01,JABEVK01,JABLXB01,JABLXJ01,JABLXN01,JABUFB01,JACCZL01,JACDGC01,JACDOC01,JACIZP01,JACNKJ01,JACNLC01,JACQFD01,JACRMM01,JACZUZ01,JADJEK01,JADJPG01,JADMJV01,JADQBR01,JAEUIK01,JAEUWI01,JAFGCY01,JAFGDQ01,JAFGJZ01,JAFGRV01,JAFGTP01,JAHJOQ01,JAJFLO01,JAJPHF01,JAJRUJ01,JAJRXV01,JAJTBE01,JAJYTV01,JAJYVN01,JAJZPE01,JAKASW01,JANLFN01,JC228,JCM-10596,Jeotgalibacillaceae,K13,Kineococcaceae,Koleobacteraceae,Krumholzibacteriaceae,Kryptoniaceae,Kyrpidiaceae,LMEP-6097,LZORAL124-64-63,Lachnospiraceae,Lacipirellulaceae,Lactobacillaceae,Latescibacteraceae,Lentisphaeraceae,Leptonemataceae,Leptospiraceae,Limnochordaceae,Lutisporaceae,MES13,MWEM01,Mahellaceae,Marinococcaceae,Marispirochaetaceae,Massilibacillaceae,Melioribacteraceae,Mesoaciditogaceae,Methylomirabilaceae,Micrococcaceae,Micromonosporaceae,Microtrichaceae,Miltoncostaeaceae,Moorellaceae,Motilibacteraceae,Mucispirillaceae,Muirbacteriaceae,NBRC-103111,NGM72-4,NICIL-2,Nap2-2B,Natranaerobiaceae,Natronincolaceae,Natronogracilivirgulaceae,Nautiliaceae,Nitriliruptoraceae,Nocardioidaceae,OLB16,Opitutaceae,Oscillospiraceae,Oxobacteraceae,Ozemobacteraceae,PGXB01,PH28-bin88,PNKZ01,PUMD01,PWMO01,PWPN01,PWPR01,PXBQ01,Paenibacillaceae,Palsa-1178,Palsa-1400,Palsa-688,Pan216,Pelotomaculaceae,Peptostreptococcaceae,Petrotogaceae,Phycisphaeraceae,Pirellulaceae,Planctomycetaceae,Planococcaceae,Pontiellaceae,Propionisporaceae,Proteiniboraceae,Proteinivoraceae,Pseudonocardiaceae,QNDG01,QNZT01,QPJT01,Quadrisphaeraceae,RAAP-2,RAOX-1,RBG-13-55-18,RBG-16-71-46,RGIG9151,RGZZ01,RI-55,RPPD01,RPQS01,RSA5,RSA9,RUG14156,Reconciliibacillaceae,Rectinemataceae,Rhodothermaceae,Ruminococcaceae,S143-82,SA4,SCRA01,SCSIO-06110,SG8-4,SIBE01,SIT17,SK-Y3,SKKC01,SKNC01,SLAA01,SLHB01,SLMV01,SLST01,SLTJ01,SM1A02,SM23-30,SM23-32,SM23-33,SORT01,SURF-12,SURF-5,SV1-B22,SXTU01,SZUA-35,SZUA-371,SZUA-545,SZUA-567,SZUA-584,SZUA-6,Salinibacteraceae,Salinispiraceae,Salisediminibacteriaceae,Scalinduaceae,Sedimentibacteraceae,Sediminispirochaetaceae,Selenomonadaceae,Solirubrobacteraceae,Spirochaetaceae_B,Sporanaerobacteraceae,Sporolactobacillaceae,Sporomusaceae,Streptosporangiaceae,Sulfobacillaceae,Sulfurimonadaceae,Sulfurospirillaceae,Symbiobacteriaceae,Synergistaceae,Syntrophobotulaceae,Syntrophomonadaceae,Syntrophothermaceae,T1SED10-28,T1Sed10-126,T3Sed10-11,TK06,TS1B11,Tepidanaerobacteraceae,Tepidibacillaceae,Tepidiformaceae,Tepidimicrobiaceae,Tepidisphaeraceae,Terrimicrobiaceae,Thermacetogeniaceae,Thermaerobacteraceae,Thermoanaerobacteraceae,Thermodesulfobiaceae,Thermoguttaceae,Thermohalobacteraceae,Thermoleophilaceae,Thermomicrobiaceae,Thermosediminibacteraceae,Thermosinaceae,Thermosulfidibacteraceae,Thermosynergistaceae,Thermotaleaceae,Thermotogaceae,Thermovirgaceae,Thiovulaceae,Tindalliaceae,Tissierellaceae,Tissierellaceae_A,Tissierellaceae_B,Tissierellaceae_C,Treponemataceae,Tumebacillaceae,Turneriellaceae,UB4802,UBA10030,UBA10575,UBA10806,UBA1096,UBA10988,UBA1100,UBA11236,UBA11320,UBA11346,UBA11358,UBA11657,UBA12059,UBA12178,UBA12225,UBA12420,UBA12454,UBA1319,UBA1321,UBA1381,UBA1444,UBA1845,UBA1877,UBA1924,UBA2242,UBA2268,UBA2386,UBA2392,UBA2595,UBA2968,UBA2979,UBA3941,UBA4045,UBA4055,UBA4068,UBA4093,UBA4823,UBA4971,UBA5070,UBA5301,UBA5352,UBA5368,UBA5500,UBA5550,UBA5734,UBA5745,UBA5793,UBA5829,UBA5962,UBA6016,UBA6077,UBA6099,UBA6191,UBA6663,UBA6769,UBA6906,UBA6960,UBA7694,UBA7701,UBA8154,UBA8190,UBA8199,UBA8231,UBA8346,UBA8401,UBA8477,UBA9216,UBA929,UBA9464,UBA961,UBA9662,UBA994,UBA9971,UBA9980,UM-FILTER-46-8,UMGS1260,UMGS416,UTPLA1,VENG01,VGJW01,VGOW01,Vagococcaceae,Vallitaleaceae,Vampirovibrionaceae,Verruco-01,WJJG01,WJJR01,WJKA01,WJMI01,WQUN01,WQYP01,WRAA01,WRAX01,WRBN01,WRFX01,WRIO01,WSZJ01,Xylanivirgaceae,YIM-B00363,ZC4RG38,ZCTH02-B6,Zgenome-0027,Zhaonellaceae,Zrk34
gtdb_only	893	2-02-FULL-58-16,2-02-FULL-58-16_A,2-12-FULL-62-27,20CM-2-55-15,21-64-14,33-17,4484-171,4484-95,4572-78,70-9,AAA164-E04,AABM5-125-24,AE-B3A,AK92,AKS1,ARS1246,ATM1,Acanthopleuribacteraceae,Acetivibrionaceae,Acetobacteraceae,Acetohalobiaceae,Acetomicrobiaceae,Acetonemaceae,Acidaminobacteraceae,Acidibacillaceae,Acidihalobacteraceae,Acidithiobacillaceae,Acidobacteriaceae,Acidulodesulfobacteraceae,Actinomycetaceae,Acutalibacteraceae,Aeribacillaceae,Aerococcaceae,Aeromonadaceae,Aestuariirhabdaceae,Ahniellaceae,Alcanivoracaceae,Algiphilaceae,Alicyclobacillaceae,Alkalibacillaceae,Alkalibacteraceae,Alkalispirochaetaceae,Alteromonadaceae,Aminiphilaceae,Aminobacteriaceae,Ammonificaceae,Amphibacillaceae,Anaerobacillaceae,Anaerohalosphaeraceae,Anaerolineaceae,Anaeromusaceae,Anaerotignaceae,Anaerovoracaceae,Anammoxibacteraceae,Ancalomicrobiaceae,Aneurinibacillaceae,Anoxybacillaceae,Aquaspirillaceae,Aquicultoraceae,Aquificaceae,Aquisalimonadaceae,Arcobacteraceae,Auribacteraceae,Azospirillaceae,B11-G9,B130-G9,B1SED10-159,B1SED10-174,B28-G17,B3-G13,B3-G15,B3-LCP,B5-G15,B62-G9,B68-G9,BB28,BH030062,BICA1-8,BJHT01,BM714,BMS3Abin05,BMS3BBIN04,BW-2,Bacillaceae,Bacillaceae_B,Bacillaceae_C,Bacillaceae_D,Bacillaceae_F,Bacillaceae_G,Bacillaceae_H,Bacillaceae_I,Bacillaceae_J,Bacillaceae_L,Bacillaceae_N,Bacillaceae_O,Balneolaceae,Baltobacteraceae,Beijerinckiaceae,Berkiellaceae,Borreliaceae,Brachyspiraceae,Brevibacillaceae,Breznakiellaceae,Brocadiaceae,Bryobacteraceae,Bu92,Burkholderiaceae,Burkholderiaceae_A,Burkholderiaceae_B,Burkholderiaceae_C,Burkholderiaceae_D,Butyricicoccaceae,CACIAM-22H2,CACZRW01,CADAEX01,CADDYW01,CAG-138,CAG-239,CAG-272,CAG-274,CAG-382,CAG-74,CAG-977,CAIKXV01,CAIMTB01,CAIMUX01,CAIRSR01,CAIVHJ01,CAIWAD01,CAIWXX01,CAIXPF01,CAIYQO01,CAIYYI01,CAIYYT01,CAJBBX01,CAJFVJ01,CALXOJ01,CALZJG01,CF-72,CGMCC-115125,CR04bin15,CSP1-4,CTSoil-072,CTSoil-080,Caldanaerobiaceae,Caldatribacteriaceae,Caldibacillaceae,Caldicellulosiruptoraceae,Caldicoprobacteraceae,Caldilineaceae,Calditerrivibrionaceae,Calditrichaceae,Calescibacteriaceae,Caloramatoraceae,Caminicellaceae,Campylobacteraceae,Capsulimonadaceae,Carboxydothermaceae,Carnobacteriaceae,Casimicrobiaceae,Casp-alpha2,Caulobacteraceae,Celerinatantimonadaceae,Cellulomonadaceae,Cellulosilyticaceae,Cellvibrionaceae,Ch109,Ch115,Ch29,Chitinibacteraceae,Chitinimonadaceae,Chitinispirillaceae,Christensenellaceae,Chromatiaceae,Chromobacteriaceae,Chrysiogenaceae,Chthoniobacteraceae,Chthonomonadaceae,Clostridiaceae,Cohaesibacteraceae,Competibacteraceae,Cycloclasticaceae,Cyclonatronaceae,DC-out160,DC0425bin3,DREG01,DRHE01,DRI-13,DRLW01,DRMK01,DRQF01,DSM-103792,DSM-1321,DSM-13327,DSM-15969,DSM-16500,DSM-18226,DSM-19205,DSM-19610,DSM-21159,DSM-21967,DSM-22653,DSM-24629,DSM-25281,DSM-27016,DSM-28697,DSM-2933,DSM-5069,DSM-6294,DSM-6578,DSM-8532,DTU010,DTU012,DTU013,DTU014,DTU015,DTU022,DTU025,DTU029,DTU030,DTU052,DTU065,DTU073,DTU080,DTU083,DTU084,DTU086,DTU087,DUEN01,DULZ01,DUMB01,DUMC01,DUMJ01,DUMP01,DUMU01,DUMW01,DUPL01,DUSS01,DY22613,DYLW01,Deferribacteraceae,Deferrivibrionaceae,Defluviitaleaceae,Dendrosporobacteraceae,Denitrovibrionaceae,Dermatophilaceae,Desulfallaceae,Desulfitibacteraceae,Desulfitobacteriaceae,Desulfocucumaceae,Desulfofarciminaceae,Desulfohalotomaculaceae,Desulforudaceae,Desulfotomaculaceae,Desulfovirgulaceae,Desulfurellaceae,Desulfuribacillaceae,Desulfurobacteriaceae,Dethiobacteraceae,Dethiosulfovibrionaceae,Devosiaceae,Domibacillaceae,Dongiaceae,E44-bin32,Ectothiorhodospiraceae,Effusibacillaceae,Elsteraceae,Emcibacteraceae,Endozoicomonadaceae,Enterobacteriaceae,Enterococcaceae,EnvOPS12,Erysipelotrichaceae,Ethanoligenenaceae,Eubacteriaceae,Euzebyaceae,Exiguobacteraceae,F1-140-MAGs086,FEB-12,FEN-1173,FEN-1343,FEN-1346,FW602-bin22,Fen-1342,Fen-1364,Ferrovaceae,Ferrovibrionaceae,Fervidobacteriaceae,Fibrobacteraceae,Fictibacillaceae,Filifactoraceae,Fimbriimonadaceae,Flavobacteriaceae,Fusobacteriaceae,GBS-1,GBS-DC,GCA-001735895,GCA-002684695,GCA-002686595,GCA-002687715,GCA-002748355,GCA-002770795,GCA-2400775,GCA-2687025,GCA-2689995,GCA-2696645,GCA-2717185,GCA-2729495,GCA-2731375,GCA-2746155,GCA-2746185,GCA-2746255,GCA-2746425,GCF-002020875,GRL18,GWA2-58-10,GWC2-71-9,GWE2-31-10,GWF1-51-8,GWF2-35-9,GWF2-45-14,Ga007554,Ga0077523,Ga0077536,Gaiellaceae,Gallaecimonadaceae,Gallionellaceae,Garciellaceae,Gastranaerophilaceae,Geminicoccaceae,Gemmataceae,Gemmatimonadaceae,Geodermatophilaceae,Gottschalkiaceae,Granulosicoccaceae,HB172195,HLUCCA01,HRBIN16,HRBIN17,HRBIN21,HRBIN32,HTCC2089,Halanaerobiaceae,Halarsenatibacteraceae,Halieaceae,Halobacillaceae,Halobacteroidaceae,Halomonadaceae,Halorhodospiraceae,Halothiobacillaceae,Helicobacteraceae,Heliobacteriaceae,Hippeaceae,Holophagaceae,Humimicrobiaceae,HyVt-429,Hydrogenimonadaceae,Hydrogenobaculaceae,Hydrogenothermaceae,Hyphomonadaceae,IMCC2047,Ignavibacteriaceae,Ilumatobacteraceae,Immundisolibacteraceae,Inquilinaceae,J004,J009,J042,J044,J045,J058,J090,J093,J111,J153,JAABTG01,JAABVY01,JAACEH01,JAADGQ01,JAADHS01,JAAXVQ01,JAAYCJ01,JAAYNZ01,JAAYPU01,JAAYUW01,JAAZEB01,JAAZLZ01,JAAZOE01,JABCZZ01,JABDJQ01,JABDKV01,JABDQX01,JABEVD01,JABEVK01,JABHGC01,JABLXB01,JABLXJ01,JABLXN01,JABUFB01,JABWBI01,JACCZL01,JACDGC01,JACDOC01,JACIZP01,JACNKJ01,JACNLC01,JACQFD01,JACZUZ01,JADGCH01,JADJEK01,JADJPG01,JADJWH01,JADMJV01,JADQBR01,JAEUIK01,JAEULC01,JAEUOS01,JAEUWI01,JAFGCY01,JAFGDQ01,JAFGJZ01,JAFGRV01,JAFGTP01,JAFLJP01,JAFNAJ01,JAHJOQ01,JAHJQQ01,JAHRWD01,JAJFHC01,JAJFLO01,JAJPHF01,JAJPIJ01,JAJRUJ01,JAJTBE01,JAJYTV01,JAJYVN01,JAJZPE01,JAJZQI01,JAKAFK01,JAKASW01,JANLFN01,JC228,JCM-10596,Jeotgalibacillaceae,K13,Kangiellaceae,Ketobacteraceae,Kiloniellaceae,Kineococcaceae,Koleobacteraceae,Kordiimonadaceae,Koribacteraceae,Krumholzibacteriaceae,Kryptoniaceae,Kyrpidiaceae,LMEP-6097,LZORAL124-64-63,Lachnospiraceae,Lacipirellulaceae,Lactobacillaceae,Latescibacteraceae,Leeiaceae,Legionellaceae,Lentisphaeraceae,Leptonemataceae,Leptospiraceae,Leptospirillaceae,Limnochordaceae,Litoricolaceae,Lutisporaceae,MES13,MWEM01,Magnetaquicoccaceae,Magnetococcaceae,Magnetospirillaceae,Magnetovibrionaceae,Mahellaceae,Maricaulaceae,Marinococcaceae,Marinomonadaceae,Mariprofundaceae,Marispirochaetaceae,Massilibacillaceae,Melioribacteraceae,Mesoaciditogaceae,Methylococcaceae,Methylomonadaceae,Methylophagaceae,Methylophilaceae,Methylopilaceae,Methylothermaceae,Micavibrionaceae,Micrococcaceae,Micromonosporaceae,Micropepsaceae,Microtrichaceae,Midichloriaceae,Miltoncostaeaceae,Minwuiaceae,Moorellaceae,Moraxellaceae,Moritellaceae,Motilibacteraceae,Mucispirillaceae,Muirbacteriaceae,NBRC-103111,NGM72-4,NICIL-2,Nap2-2B,Natranaerobiaceae,Natronincolaceae,Natronogracilivirgulaceae,Natronospirillaceae,Nautiliaceae,Neiellaceae,Nevskiaceae,Nitratiruptoraceae,Nitriliruptoraceae,Nitrincolaceae,Nitrococcaceae,Nitrosococcaceae,Nitrosomonadaceae,Nocardioidaceae,OLB16,OSC116,Oceanibaculaceae,Oceanococcaceae,Oleiphilaceae,Opitutaceae,Oscillospiraceae,Oxobacteraceae,Ozemobacteraceae,PGXB01,PH28-bin88,PNKZ01,PUMD01,PWMO01,PWPN01,PWPR01,PWYM01,PXBQ01,Paenibacillaceae,Palsa-1178,Palsa-1400,Palsa-688,Pan216,Parvibaculaceae,Parvularculaceae,Pelotomaculaceae,Peptostreptococcaceae,Petrotogaceae,Phreatobacteraceae,Phycisphaeraceae,Pirellulaceae,Piscirickettsiaceae,Planctomycetaceae,Planococcaceae,Pleomorphomonadaceae,Polarisedimenticolaceae,Pontiellaceae,Porticoccaceae,Propionisporaceae,Proteiniboraceae,Proteinivoraceae,Pseudohongiellaceae,Pseudomonadaceae,Pseudonocardiaceae,Psychrobiaceae,Psychromonadaceae,Puniceispirillaceae,Pyrinomonadaceae,QNDG01,QNZT01,QOAS01,QPJT01,QZLD01,Quadrisphaeraceae,RAAP-2,RAOX-1,RBC074,RBG-13-55-18,RBG-16-58-11,RBG-16-71-46,RFNS01,RGIG9151,RGZA01,RGZZ01,RI-55,RPPD01,RPQS01,RS24,RSA5,RSA9,RUG14156,Reconciliibacillaceae,Rectinemataceae,Rhizobiaceae,Rhodanobacteraceae,Rhodobacteraceae,Rhodobiaceae,Rhodocyclaceae,Rhodospirillaceae,Rhodothalassiaceae,Rhodothermaceae,Rhodovibrionaceae,Ruminococcaceae,S012-40,S143-82,SA4,SCN-69-37,SCOH01,SCQP01,SCRA01,SCSIO-06110,SG8-11,SG8-39,SG8-4,SG8-41,SHVZ01,SHXO01,SIBE01,SIT17,SK-Y3,SKKC01,SKNC01,SLAA01,SLHB01,SLMV01,SLND01,SLST01,SLTJ01,SM1A02,SM23-30,SM23-32,SM23-33,SMXQ01,SORT01,SURF-12,SURF-5,SV1-B22,SXRF01,SXTU01,SZUA-140,SZUA-152,SZUA-21,SZUA-229,SZUA-35,SZUA-371,SZUA-545,SZUA-567,SZUA-584,SZUA-6,SZUA-76,Salinibacteraceae,Salinisphaeraceae,Salinispiraceae,Salisediminibacteriaceae,SbA1,Scalinduaceae,Sedimentibacteraceae,Sedimenticolaceae,Sediminispirochaetaceae,Selenomonadaceae,Shewanellaceae,Sneathiellaceae,Solirubrobacteraceae,Sphingomonadaceae,Spirochaetaceae_B,Spongiibacteraceae,Sporanaerobacteraceae,Sporolactobacillaceae,Sporomusaceae,Stappiaceae,Stellaceae,Steroidobacteraceae,Streptosporangiaceae,Succinivibrionaceae,Sulfobacillaceae,Sulfuricellaceae,Sulfuriferulaceae,Sulfurimonadaceae,Sulfurospirillaceae,Symbiobacteriaceae,Synergistaceae,Syntrophobotulaceae,Syntrophomonadaceae,Syntrophorhabdaceae,Syntrophothermaceae,T1SED10-28,T1Sed10-126,T3Sed10-11,TH1-2,TK06,TMED127,TMED2,TS1B11,Tenderiaceae,Tepidamorphaceae,Tepidanaerobacteraceae,Tepidibacillaceae,Tepidiformaceae,Tepidimicrobiaceae,Tepidisphaeraceae,Terasakiellaceae,Terrimicrobiaceae,Thalassobaculaceae,Thalassospiraceae,Thermacetogeniaceae,Thermaerobacteraceae,Thermoanaerobacteraceae,Thermodesulfobiaceae,Thermoguttaceae,Thermohalobacteraceae,Thermoleophilaceae,Thermomicrobiaceae,Thermosediminibacteraceae,Thermosinaceae,Thermosulfidibacteraceae,Thermosynergistaceae,Thermotaleaceae,Thermotogaceae,Thermovirgaceae,Thioalkalivibrionaceae,Thiobacillaceae,Thiohalobacteraceae,Thiohalomonadaceae,Thiomicrospiraceae,Thiovulaceae,Tindalliaceae,Tissierellaceae,Tissierellaceae_A,Tissierellaceae_B,Tissierellaceae_C,Tistrellaceae,Treponemataceae,Tumebacillaceae,Turneriellaceae,UB4802,UBA10030,UBA10575,UBA10806,UBA1096,UBA10988,UBA1100,UBA1113,UBA11236,UBA11320,UBA11346,UBA11358,UBA11657,UBA1172,UBA12059,UBA12178,UBA12225,UBA12420,UBA12454,UBA1319,UBA1321,UBA1381,UBA1444,UBA1845,UBA1877,UBA1908,UBA1924,UBA2020,UBA2136,UBA2165,UBA2242,UBA2268,UBA2386,UBA2392,UBA2595,UBA2780,UBA2964,UBA2966,UBA2968,UBA2979,UBA2999,UBA3002,UBA3065,UBA3067,UBA3941,UBA4045,UBA4055,UBA4068,UBA4093,UBA4486,UBA4575,UBA4823,UBA4971,UBA5070,UBA5301,UBA5335,UBA5352,UBA5368,UBA5500,UBA5518,UBA5550,UBA5734,UBA5745,UBA5793,UBA5829,UBA5861,UBA5962,UBA6016,UBA6077,UBA6099,UBA6156,UBA6191,UBA6429,UBA6503,UBA6522,UBA6615,UBA6663,UBA6769,UBA6901,UBA6906,UBA6911,UBA6960,UBA7434,UBA7540,UBA7541,UBA7694,UBA7701,UBA8154,UBA8190,UBA8199,UBA8231,UBA8346,UBA8349,UBA8363,UBA8366,UBA8401,UBA8477,UBA9215,UBA9216,UBA9219,UBA9220,UBA929,UBA9464,UBA961,UBA9662,UBA994,UBA9971,UBA998,UBA9980,UM-FILTER-46-8,UMGS1260,UMGS416,UTPLA1,UWMA-0217,UXAT02,Usitatibacteraceae,VBWC01,VENG01,VGDC01,VGJW01,VGOW01,Vagococcaceae,Vallitaleaceae,Vampirovibrionaceae,Verruco-01,Vibrionaceae,Vicinamibacteraceae,WCHB1-27,WJJG01,WJJR01,WJKA01,WJMI01,WMHbin7,WQUN01,WQYP01,WRAA01,WRAX01,WRBN01,WRFX01,WRIO01,WSZJ01,WYBJ01,Wenzhouxiangellaceae,Woeseiaceae,XN24,Xanthobacteraceae,Xanthomonadaceae,Xylanivirgaceae,YIM-B00363,ZC4RG38,ZCTH02-B6,Zavarziniaceae,Zgenome-0027,Zhaonellaceae,Zooshikellaceae,Zrk34
gtdb_only	921	2-02-FULL-58-16,2-02-FULL-58-16_A,2-12-FULL-62-27,20CM-2-55-15,21-64-14,33-17,4484-171,4484-95,4572-78,70-9,AAA164-E04,AABM5-125-24,AE-B3A,AK92,AKS1,ARS1246,ATM1,Acanthopleuribacteraceae,Acetivibrionaceae,Acetobacteraceae,Acetohalobiaceae,Acetomicrobiaceae,Acetonemaceae,Acidaminobacteraceae,Acidibacillaceae,Acidihalobacteraceae,Acidithiobacillaceae,Acidobacteriaceae,Acidulodesulfobacteraceae,Actinomycetaceae,Acutalibacteraceae,Aeribacillaceae,Aerococcaceae,Aeromonadaceae,Aestuariirhabdaceae,Ahniellaceae,Alcanivoracaceae,Algiphilaceae,Alicyclobacillaceae,Alkalibacillaceae,Alkalibacteraceae,Alkalispirochaetaceae,Alteromonadaceae,Aminiphilaceae,Aminobacteriaceae,Ammonificaceae,Amphibacillaceae,Anaerobacillaceae,Anaerohalosphaeraceae,Anaerolineaceae,Anaeromusaceae,Anaerotignaceae,Anaerovoracaceae,Anammoxibacteraceae,Ancalomicrobiaceae,Aneurinibacillaceae,Anoxybacillaceae,Aquaspirillaceae,Aquicultoraceae,Aquificaceae,Aquisalimonadaceae,Arcobacteraceae,Auribacteraceae,Azospirillaceae,B11-G9,B130-G9,B1SED10-159,B1SED10-174,B28-G17,B3-G13,B3-G15,B3-LCP,B5-G15,B62-G9,B68-G9,BB28,BH030062,BICA1-8,BJHT01,BM714,BMS3Abin05,BMS3BBIN04,BW-2,Bacillaceae,Bacillaceae_B,Bacillaceae_C,Bacillaceae_D,Bacillaceae_F,Bacillaceae_G,Bacillaceae_H,Bacillaceae_I,Bacillaceae_J,Bacillaceae_L,Bacillaceae_N,Bacillaceae_O,Bacteriovoracaceae,Balneolaceae,Baltobacteraceae,Bdellovibrionaceae,Beijerinckiaceae,Berkiellaceae,Bog-1112,Borreliaceae,Brachyspiraceae,Brevibacillaceae,Breznakiellaceae,Brocadiaceae,Bryobacteraceae,Bu92,Burkholderiaceae,Burkholderiaceae_A,Burkholderiaceae_B,Burkholderiaceae_C,Burkholderiaceae_D,Butyricicoccaceae,CACIAM-22H2,CACZRW01,CADAEX01,CADDYW01,CAG-138,CAG-239,CAG-272,CAG-274,CAG-382,CAG-74,CAG-977,CAIKXV01,CAIMNF01,CAIMTB01,CAIMUX01,CAIPTA01,CAIRSR01,CAIVHJ01,CAIWAD01,CAIWXX01,CAIXPF01,CAIYQO01,CAIYYI01,CAIYYT01,CAJBBX01,CAJFVJ01,CALXOJ01,CALZJG01,CF-72,CGMCC-115125,CR04bin15,CSP1-4,CTSoil-072,CTSoil-080,Caldanaerobiaceae,Caldatribacteriaceae,Caldibacillaceae,Caldicellulosiruptoraceae,Caldicoprobacteraceae,Caldilineaceae,Calditerrivibrionaceae,Calditrichaceae,Calescibacteriaceae,Caloramatoraceae,Caminicellaceae,Campylobacteraceae,Capsulimonadaceae,Carboxydothermaceae,Carnobacteriaceae,Casimicrobiaceae,Casp-alpha2,Caulobacteraceae,Celerinatantimonadaceae,Cellulomonadaceae,Cellulosilyticaceae,Cellvibrionaceae,Ch109,Ch115,Ch29,Chitinibacteraceae,Chitinimonadaceae,Chitinispirillaceae,Christensenellaceae,Chromatiaceae,Chromobacteriaceae,Chrysiogenaceae,Chthoniobacteraceae,Chthonomonadaceae,Clostridiaceae,Cohaesibacteraceae,Competibacteraceae,Cycloclasticaceae,Cyclonatronaceae,DC-out160,DC0425bin3,DREG01,DRHE01,DRI-13,DRLW01,DRMK01,DRQF01,DSM-103792,DSM-1321,DSM-13327,DSM-15969,DSM-16500,DSM-18226,DSM-19205,DSM-19610,DSM-21159,DSM-21967,DSM-22653,DSM-24629,DSM-25281,DSM-27016,DSM-28697,DSM-2933,DSM-5069,DSM-6294,DSM-6578,DSM-8532,DTU010,DTU012,DTU013,DTU014,DTU015,DTU022,DTU025,DTU029,DTU030,DTU052,DTU065,DTU073,DTU080,DTU083,DTU084,DTU086,DTU087,DUEN01,DULZ01,DUMB01,DUMC01,DUMJ01,DUMP01,DUMU01,DUMW01,DUPL01,DUSS01,DY22613,DYLW01,Deferribacteraceae,Deferrivibrionaceae,Defluviitaleaceae,Dendrosporobacteraceae,Denitrovibrionaceae,Dermatophilaceae,Desulfallaceae,Desulfitibacteraceae,Desulfitobacteriaceae,Desulfocucumaceae,Desulfofarciminaceae,Desulfohalotomaculaceae,Desulforudaceae,Desulfotomaculaceae,Desulfovirgulaceae,Desulfurellaceae,Desulfuribacillaceae,Desulfurobacteriaceae,Dethiobacteraceae,Dethiosulfovibrionaceae,Devosiaceae,Domibacillaceae,Dongiaceae,E44-bin32,Ectothiorhodospiraceae,Effusibacillaceae,Elsteraceae,Emcibacteraceae,Endozoicomonadaceae,Enterobacteriaceae,Enterococcaceae,EnvOPS12,Erysipelotrichaceae,Ethanoligenenaceae,Eubacteriaceae,Euzebyaceae,Exiguobacteraceae,F1-140-MAGs086,FEB-12,FEN-1173,FEN-1343,FEN-1346,FW602-bin22,Fen-1342,Fen-1364,Ferrovaceae,Ferrovibrionaceae,Fervidobacteriaceae,Fibrobacteraceae,Fictibacillaceae,Filifactoraceae,Fimbriimonadaceae,Flavobacteriaceae,Fusobacteriaceae,GBS-1,GBS-DC,GCA-001735895,GCA-002684695,GCA-002686595,GCA-002687715,GCA-002748355,GCA-002770795,GCA-2400775,GCA-2687025,GCA-2689995,GCA-2696645,GCA-2717185,GCA-2729495,GCA-2731375,GCA-2746155,GCA-2746185,GCA-2746255,GCA-2746425,GCA-2753255,GCF-002020875,GRL18,GWA2-58-10,GWC2-71-9,GWE2-31-10,GWF1-51-8,GWF2-35-9,GWF2-45-14,Ga007554,Ga0077523,Ga0077536,Gaiellaceae,Gallaecimonadaceae,Gallionellaceae,Garciellaceae,Gastranaerophilaceae,Geminicoccaceae,Gemmataceae,Gemmatimonadaceae,Geodermatophilaceae,Gottschalkiaceae,Granulosicoccaceae,HB172195,HLUCCA01,HRBIN16,HRBIN17,HRBIN21,HRBIN32,HTCC2089,Halanaerobiaceae,Halarsenatibacteraceae,Halieaceae,Halobacillaceae,Halobacteroidaceae,Halomonadaceae,Halorhodospiraceae,Halothiobacillaceae,Helicobacteraceae,Heliobacteriaceae,Hippeaceae,Holophagaceae,Humimicrobiaceae,HyVt-429,Hydrogenimonadaceae,Hydrogenobaculaceae,Hydrogenothermaceae,Hyphomonadaceae,IMCC2047,Ignavibacteriaceae,Ilumatobacteraceae,Immundisolibacteraceae,Inquilinaceae,J004,J009,J042,J044,J045,J058,J090,J093,J111,J153,JAABTG01,JAABVY01,JAACEH01,JAADGQ01,JAADHS01,JAAXVQ01,JAAYCJ01,JAAYNZ01,JAAYPU01,JAAYUW01,JAAZEB01,JAAZLZ01,JAAZOE01,JABCZZ01,JABDDW01,JABDJQ01,JABDKV01,JABDQX01,JABEVD01,JABEVK01,JABHGC01,JABLXB01,JABLXJ01,JABLXN01,JABUFB01,JABWBI01,JACCZL01,JACDGC01,JACDOC01,JACIZP01,JACNKJ01,JACNLC01,JACQFD01,JACQKK01,JACZUZ01,JADGCH01,JADJEK01,JADJPG01,JADJWH01,JADMJV01,JADQBR01,JAEUIK01,JAEULC01,JAEUOS01,JAEUWI01,JAFGCY01,JAFGDQ01,JAFGJZ01,JAFGRV01,JAFGTP01,JAFLCA01,JAFLJP01,JAFNAJ01,JAGQZY01,JAHJOQ01,JAHJQQ01,JAHJRI01,JAHRWD01,JAJFHC01,JAJFLO01,JAJPHF01,JAJPIJ01,JAJRUJ01,JAJTBE01,JAJYTV01,JAJYVN01,JAJZPE01,JAJZQI01,JAKAFK01,JAKASW01,JAMPXM01,JANLFN01,JC228,JCM-10596,Jeotgalibacillaceae,K13,Kangiellaceae,Ketobacteraceae,Kiloniellaceae,Kineococcaceae,Koleobacteraceae,Kordiimonadaceae,Koribacteraceae,Krumholzibacteriaceae,Kryptoniaceae,Kyrpidiaceae,LMEP-6097,LZORAL124-64-63,Lachnospiraceae,Lacipirellulaceae,Lactobacillaceae,Latescibacteraceae,Leeiaceae,Legionellaceae,Lentisphaeraceae,Leptonemataceae,Leptospiraceae,Leptospirillaceae,Limnochordaceae,Litoricolaceae,Lutisporaceae,MES13,MWEM01,Magnetaquicoccaceae,Magnetococcaceae,Magnetospirillaceae,Magnetovibrionaceae,Mahellaceae,Maricaulaceae,Marinococcaceae,Marinomonadaceae,Mariprofundaceae,Marispirochaetaceae,Massilibacillaceae,Melioribacteraceae,Mesoaciditogaceae,Methylococcaceae,Methylomonadaceae,Methylophagaceae,Methylophilaceae,Methylopilaceae,Methylothermaceae,Micavibrionaceae,Micrococcaceae,Micromonosporaceae,Micropepsaceae,Microtrichaceae,Midichloriaceae,Miltoncostaeaceae,Minwuiaceae,Moorellaceae,Moraxellaceae,Moritellaceae,Motilibacteraceae,Mucispirillaceae,Muirbacteriaceae,NAC60-12,NBRC-103111,NGM72-4,NICIL-2,Nap2-2B,Natranaerobiaceae,Natronincolaceae,Natronogracilivirgulaceae,Natronospirillaceae,Nautiliaceae,Neiellaceae,Nevskiaceae,Nitratiruptoraceae,Nitriliruptoraceae,Nitrincolaceae,Nitrococcaceae,Nitrosococcaceae,Nitrosomonadaceae,Nocardioidaceae,OLB16,OMII01,OSC116,Oceanibaculaceae,Oceanococcaceae,Oleiphilaceae,Oligoflexaceae,Opitutaceae,Oscillospiraceae,Oxobacteraceae,Ozemobacteraceae,PGXB01,PH28-bin88,PNKZ01,PUMD01,PWMO01,PWPN01,PWPR01,PWYM01,PXBQ01,Paenibacillaceae,Palsa-1178,Palsa-1400,Palsa-688,Pan216,Parvibaculaceae,Parvularculaceae,Pelotomaculaceae,Peptostreptococcaceae,Petrotogaceae,Phreatobacteraceae,Phycisphaeraceae,Pirellulaceae,Piscirickettsiaceae,Planctomycetaceae,Planococcaceae,Pleomorphomonadaceae,Polarisedimenticolaceae,Pontiellaceae,Porticoccaceae,Propionisporaceae,Proteiniboraceae,Proteinivoraceae,Pseudohongiellaceae,Pseudomonadaceae,Pseudonocardiaceae,Psychrobiaceae,Psychromonadaceae,Puniceispirillaceae,Pyrinomonadaceae,QNDG01,QNZT01,QOAS01,QPJT01,QZLD01,Quadrisphaeraceae,RAAP-2,RAOX-1,RBC074,RBG-13-55-18,RBG-16-58-11,RBG-16-71-46,RFNS01,RFPC01,RGIG9151,RGVZ01,RGZA01,RGZZ01,RI-55,RPPD01,RPQS01,RS24,RSA5,RSA9,RUG14156,Reconciliibacillaceae,Rectinemataceae,Rhizobiaceae,Rhodanobacteraceae,Rhodobacteraceae,Rhodobiaceae,Rhodocyclaceae,Rhodospirillaceae,Rhodothalassiaceae,Rhodothermaceae,Rhodovibrionaceae,Ruminococcaceae,S012-40,S143-82,SA4,SCN-69-37,SCOH01,SCQP01,SCRA01,SCSIO-06110,SG8-11,SG8-39,SG8-4,SG8-41,SHVZ01,SHXO01,SIBE01,SIT17,SK-Y3,SKKC01,SKNC01,SLAA01,SLHB01,SLMV01,SLND01,SLST01,SLTJ01,SM1A02,SM23-30,SM23-32,SM23-33,SMXQ01,SORT01,SURF-12,SURF-5,SV1-B22,SXRF01,SXTU01,SZUA-140,SZUA-149,SZUA-152,SZUA-21,SZUA-229,SZUA-35,SZUA-371,SZUA-545,SZUA-567,SZUA-584,SZUA-6,SZUA-76,Salinibacteraceae,Salinisphaeraceae,Salinispiraceae,Salisediminibacteriaceae,SbA1,Scalinduaceae,Sedimentibacteraceae,Sedimenticolaceae,Sediminispirochaetaceae,Selenomonadaceae,Shewanellaceae,Silvanigrellaceae,Sneathiellaceae,Solirubrobacteraceae,Sphingomonadaceae,Spirochaetaceae_B,Spongiibacteraceae,Sporanaerobacteraceae,Sporolactobacillaceae,Sporomusaceae,Stappiaceae,Stellaceae,Steroidobacteraceae,Streptosporangiaceae,Succinivibrionaceae,Sulfobacillaceae,Sulfuricellaceae,Sulfuriferulaceae,Sulfurimonadaceae,Sulfurospirillaceae,Symbiobacteriaceae,Synergistaceae,Syntrophobotulaceae,Syntrophomonadaceae,Syntrophorhabdaceae,Syntrophothermaceae,T1SED10-28,T1Sed10-126,T3Sed10-11,TH1-2,TK06,TMED127,TMED2,TS1B11,Tenderiaceae,Tepidamorphaceae,Tepidanaerobacteraceae,Tepidibacillaceae,Tepidiformaceae,Tepidimicrobiaceae,Tepidisphaeraceae,Terasakiellaceae,Terrimicrobiaceae,Thalassobaculaceae,Thalassospiraceae,Thermacetogeniaceae,Thermaerobacteraceae,Thermoanaerobacteraceae,Thermodesulfobiaceae,Thermoguttaceae,Thermohalobacteraceae,Thermoleophilaceae,Thermomicrobiaceae,Thermosediminibacteraceae,Thermosinaceae,Thermosulfidibacteraceae,Thermosynergistaceae,Thermotaleaceae,Thermotogaceae,Thermovirgaceae,Thioalkalivibrionaceae,Thiobacillaceae,Thiohalobacteraceae,Thiohalomonadaceae,Thiomicrospiraceae,Thiovulaceae,Tindalliaceae,Tissierellaceae,Tissierellaceae_A,Tissierellaceae_B,Tissierellaceae_C,Tistrellaceae,Treponemataceae,Tumebacillaceae,Turneriellaceae,UB4802,UBA10030,UBA1018,UBA10575,UBA10806,UBA1096,UBA10988,UBA1100,UBA1113,UBA11236,UBA11320,UBA11346,UBA11358,UBA11657,UBA1172,UBA12059,UBA12178,UBA12225,UBA12420,UBA12454,UBA1319,UBA1321,UBA1381,UBA1444,UBA1609,UBA1845,UBA1877,UBA1908,UBA1924,UBA2020,UBA2136,UBA2165,UBA2242,UBA2268,UBA2386,UBA2392,UBA2394,UBA2428,UBA2466,UBA2595,UBA2780,UBA2964,UBA2966,UBA2968,UBA2979,UBA2999,UBA3002,UBA3065,UBA3067,UBA3941,UBA4045,UBA4055,UBA4068,UBA4093,UBA4486,UBA4575,UBA4823,UBA4971,UBA5070,UBA5301,UBA5335,UBA5352,UBA5368,UBA5500,UBA5518,UBA5550,UBA5734,UBA5745,UBA5793,UBA5829,UBA5861,UBA5962,UBA6016,UBA6077,UBA6099,UBA6156,UBA6191,UBA6429,UBA6503,UBA6522,UBA6615,UBA6663,UBA6769,UBA6776,UBA6901,UBA6906,UBA6911,UBA6960,UBA7434,UBA7540,UBA7541,UBA7694,UBA7701,UBA8154,UBA8190,UBA8199,UBA8231,UBA8346,UBA8349,UBA8363,UBA8366,UBA840,UBA8401,UBA8477,UBA9215,UBA9216,UBA9219,UBA9220,UBA923,UBA929,UBA9464,UBA961,UBA9662,UBA994,UBA9971,UBA998,UBA9980,UM-FILTER-46-8,UMGS1260,UMGS416,UTPLA1,UWMA-0217,UXAT02,Usitatibacteraceae,VBWC01,VENG01,VGDC01,VGJW01,VGOW01,Vagococcaceae,Vallitaleaceae,Vampirovibrionaceae,Verruco-01,Vibrionaceae,Vicinamibacteraceae,WCHB1-27,WJJG01,WJJR01,WJKA01,WJMI01,WMHbin7,WQUN01,WQYP01,WRAA01,WRAX01,WRBN01,WRFX01,WRIO01,WSZJ01,WYBJ01,Wenzhouxiangellaceae,Woeseiaceae,XN24,XYD2-FULL-50-16,Xanthobacteraceae,Xanthomonadaceae,Xylanivirgaceae,YIM-B00363,ZC4RG38,ZCTH02-B6,Zavarziniaceae,Zgenome-0027,Zhaonellaceae,Zooshikellaceae,Zrk34
flagella_only	926	2-02-FULL-58-16,2-02-FULL-58-16_A,2-12-FULL-62-27,20CM-2-55-15,21-64-14,33-17,40CM-4-68-19,4484-171,4484-95,4572-78,70-9,AAA164-E04,AABM5-125-24,AE-B3A,AK92,AKS1,ARS1246,ATM1,Acanthopleuribacteraceae,Acetivibrionaceae,Acetobacteraceae,Acetohalobiaceae,Acetomicrobiaceae,Acetonemaceae,Acidaminobacteraceae,Acidibacillaceae,Acidihalobacteraceae,Acidithiobacillaceae,Acidobacteriaceae,Actinomycetaceae,Acutalibacteraceae,Aeribacillaceae,Aerococcaceae,Aeromonadaceae,Aestuariirhabdaceae,Ahniellaceae,Alcanivoracaceae,Algiphilaceae,Alicyclobacillaceae,Alkalibacillaceae,Alkalibacteraceae,Alkalispirochaetaceae,Alteromonadaceae,Aminiphilaceae,Aminobacteriaceae,Ammonificaceae,Amphibacillaceae,Anaerobacillaceae,Anaerohalosphaeraceae,Anaerolineaceae,Anaeromusaceae,Anaeromyxobacteraceae,Anaerotignaceae,Anaerovoracaceae,Anammoxibacteraceae,Ancalomicrobiaceae,Aneurinibacillaceae,Anoxybacillaceae,Aquaspirillaceae,Aquicultoraceae,Aquisalimonadaceae,Arcobacteraceae,Auribacteraceae,Azospirillaceae,B11-G9,B130-G9,B1SED10-159,B1SED10-174,B28-G17,B3-G13,B3-G15,B3-LCP,B5-G15,B62-G9,B64-G9,B68-G9,BB28,BH030062,BICA1-8,BJHT01,BM714,BMS3Abin05,BMS3BBIN04,BW-2,Bacillaceae,Bacillaceae_B,Bacillaceae_C,Bacillaceae_D,Bacillaceae_F,Bacillaceae_G,Bacillaceae_H,Bacillaceae_I,Bacillaceae_J,Bacillaceae_L,Bacillaceae_N,Bacillaceae_O,Balneolaceae,Baltobacteraceae,Beijerinckiaceae,Berkiellaceae,Borreliaceae,Brachyspiraceae,Bradymonadaceae,Brevibacillaceae,Breznakiellaceae,Brocadiaceae,Bryobacteraceae,Bu92,Burkholderiaceae,Burkholderiaceae_A,Burkholderiaceae_B,Burkholderiaceae_C,Burkholderiaceae_D,Butyricicoccaceae,CACIAM-22H2,CACZRW01,CADAEX01,CADDYW01,CAG-138,CAG-239,CAG-272,CAG-274,CAG-382,CAG-74,CAG-977,CAIKXV01,CAIMTB01,CAIMUX01,CAIRSR01,CAIVHJ01,CAIWAD01,CAIWXX01,CAIXPF01,CAIYQO01,CAIYYI01,CAIYYT01,CAJBBX01,CAJFVJ01,CAJQPC01,CALXOJ01,CALZJG01,CF-72,CGMCC-115125,CR04bin15,CSP1-4,CSP1-6,CTSoil-072,CTSoil-080,Caldanaerobiaceae,Caldatribacteriaceae,Caldibacillaceae,Caldicellulosiruptoraceae,Caldicoprobacteraceae,Caldilineaceae,Calditerrivibrionaceae,Calditrichaceae,Caloramatoraceae,Caminicellaceae,Campylobacteraceae,Capsulimonadaceae,Carboxydothermaceae,Carnobacteriaceae,Casimicrobiaceae,Casp-alpha2,Caulobacteraceae,Celerinatantimonadaceae,Cellulomonadaceae,Cellulosilyticaceae,Cellvibrionaceae,Ch109,Ch115,Ch29,Chitinibacteraceae,Chitinimonadaceae,Chitinispirillaceae,Christensenellaceae,Chromatiaceae,Chromobacteriaceae,Chrysiogenaceae,Chthoniobacteraceae,Chthonomonadaceae,Clostridiaceae,Cohaesibacteraceae,Competibacteraceae,Cycloclasticaceae,Cyclonatronaceae,DC-out160,DC0425bin3,DP-6,DREG01,DRHE01,DRI-13,DRLW01,DRMK01,DRQF01,DSM-103792,DSM-1321,DSM-13327,DSM-15969,DSM-16500,DSM-18226,DSM-19205,DSM-19610,DSM-21159,DSM-21967,DSM-22653,DSM-24629,DSM-25281,DSM-27016,DSM-28697,DSM-2933,DSM-5069,DSM-6294,DSM-6578,DSM-8532,DTU010,DTU012,DTU013,DTU014,DTU015,DTU022,DTU025,DTU029,DTU030,DTU052,DTU065,DTU073,DTU080,DTU083,DTU084,DTU086,DTU087,DUEN01,DULZ01,DUMB01,DUMC01,DUMJ01,DUMP01,DUMU01,DUMW01,DUPL01,DUSS01,DY22613,DYLW01,Deferribacteraceae,Deferrisomataceae,Deferrivibrionaceae,Defluviitaleaceae,Dendrosporobacteraceae,Denitrovibrionaceae,Dermatophilaceae,Desulfallaceae,Desulfitibacteraceae,Desulfitobacteriaceae,Desulfocucumaceae,Desulfofarciminaceae,Desulfohalotomaculaceae,Desulforudaceae,Desulfotomaculaceae,Desulfovirgulaceae,Desulfurellaceae,Desulfuribacillaceae,Dethiobacteraceae,Dethiosulfovibrionaceae,Devosiaceae,Domibacillaceae,Dongiaceae,E44-bin32,Ectothiorhodospiraceae,Effusibacillaceae,Elsteraceae,Emcibacteraceae,Endozoicomonadaceae,Enterobacteriaceae,Enterococcaceae,EnvOPS12,Erysipelotrichaceae,Ethanoligenenaceae,Eubacteriaceae,Euzebyaceae,Exiguobacteraceae,F1-140-MAGs086,FEB-12,FEN-1173,FEN-1343,FEN-1346,FW602-bin22,Fen-1088,Fen-1342,Fen-1364,Ferrovaceae,Ferrovibrionaceae,Fervidobacteriaceae,Fibrobacteraceae,Fictibacillaceae,Filifactoraceae,Fimbriimonadaceae,Flavobacteriaceae,Fusobacteriaceae,GBS-1,GBS-DC,GCA-001735895,GCA-002684695,GCA-002686595,GCA-002687715,GCA-002748355,GCA-002770795,GCA-2400775,GCA-2687025,GCA-2689995,GCA-2696645,GCA-2717185,GCA-2729495,GCA-2731375,GCA-2746155,GCA-2746185,GCA-2746255,GCA-2746425,GCA-2862545,GCA-2863065,GCF-002020875,GRL18,GWA2-58-10,GWC2-71-9,GWE2-31-10,GWF1-51-8,GWF2-35-9,GWF2-45-14,Ga007554,Ga0077523,Ga0077536,Ga0077539,Gaiellaceae,Gallaecimonadaceae,Gallionellaceae,Garciellaceae,Gastranaerophilaceae,Geminicoccaceae,Gemmataceae,Gemmatimonadaceae,Geodermatophilaceae,Gottschalkiaceae,Granulosicoccaceae,HB172195,HGW-17,HLUCCA01,HRBIN16,HRBIN17,HRBIN21,HRBIN32,HTCC2089,Halanaerobiaceae,Halarsenatibacteraceae,Haliangiaceae,Halieaceae,Halobacillaceae,Halobacteroidaceae,Halomonadaceae,Halorhodospiraceae,Halothiobacillaceae,Helicobacteraceae,Heliobacteriaceae,Hippeaceae,Holophagaceae,Humimicrobiaceae,HyVt-429,Hydrogenimonadaceae,Hyphomonadaceae,IMCC2047,Ignavibacteriaceae,Ilumatobacteraceae,Immundisolibacteraceae,Inquilinaceae,J004,J009,J042,J044,J045,J058,J090,J093,J111,J153,JAABTG01,JAABVY01,JAACEH01,JAADGQ01,JAADHS01,JAAXVQ01,JAAYCJ01,JAAYKL01,JAAYNZ01,JAAYPU01,JAAYUW01,JAAZEB01,JAAZLZ01,JAAZOE01,JABCZZ01,JABDJQ01,JABDKV01,JABDQX01,JABEVD01,JABEVK01,JABHGC01,JABLXB01,JABLXJ01,JABLXN01,JABUFB01,JACCZL01,JACDGC01,JACDOC01,JACIZP01,JACNKJ01,JACNLC01,JACQFD01,JACRMM01,JACZUZ01,JADGCH01,JADJEK01,JADJMO01,JADJPG01,JADJWH01,JADMJV01,JADQBR01,JAEUIK01,JAEULC01,JAEUOS01,JAEUWI01,JAFGCY01,JAFGDQ01,JAFGJZ01,JAFGRV01,JAFGTP01,JAFLCA01,JAFLJP01,JAFNAJ01,JAHJOQ01,JAHJQQ01,JAHRWD01,JAJFHC01,JAJFLO01,JAJPHF01,JAJPIJ01,JAJRUJ01,JAJRXV01,JAJTBE01,JAJYTV01,JAJYVN01,JAJZPE01,JAJZQI01,JAKAFK01,JAKASW01,JAKLHH01,JANLFN01,JC228,JCM-10596,Jeotgalibacillaceae,K13,Kangiellaceae,Ketobacteraceae,Kiloniellaceae,Kineococcaceae,Koleobacteraceae,Kordiimonadaceae,Koribacteraceae,Krumholzibacteriaceae,Kryptoniaceae,Kyrpidiaceae,LMEP-6097,LZORAL124-64-63,Lachnospiraceae,Lacipirellulaceae,Lactobacillaceae,Latescibacteraceae,Leeiaceae,Legionellaceae,Lentisphaeraceae,Leptonemataceae,Leptospiraceae,Limnochordaceae,Litoricolaceae,Lutisporaceae,MES13,MWEM01,Magnetaquicoccaceae,Magnetococcaceae,Magnetospirillaceae,Magnetovibrionaceae,Mahellaceae,Maricaulaceae,Marinococcaceae,Marinomonadaceae,Mariprofundaceae,Marispirochaetaceae,Massilibacillaceae,Melioribacteraceae,Mesoaciditogaceae,Methylococcaceae,Methylomirabilaceae,Methylomonadaceae,Methylophagaceae,Methylophilaceae,Methylopilaceae,Methylothermaceae,Micavibrionaceae,Micrococcaceae,Micromonosporaceae,Micropepsaceae,Microtrichaceae,Midichloriaceae,Miltoncostaeaceae,Minwuiaceae,Moorellaceae,Moraxellaceae,Moritellaceae,Motilibacteraceae,Mucispirillaceae,Muirbacteriaceae,Myxococcaceae,NBRC-103111,NGM72-4,NICIL-2,Nannocystaceae,Nap2-2B,Natranaerobiaceae,Natronincolaceae,Natronogracilivirgulaceae,Natronospirillaceae,Nautiliaceae,Neiellaceae,Nevskiaceae,Nitriliruptoraceae,Nitrincolaceae,Nitrococcaceae,Nitrosococcaceae,Nitrosomonadaceae,Nocardioidaceae,OLB16,OMII01,OSC116,Oceanibaculaceae,Oceanococcaceae,Oleiphilaceae,Opitutaceae,Oscillospiraceae,Oxobacteraceae,Ozemobacteraceae,PGXB01,PH28-bin88,PHBI01,PNKZ01,PR03,PUMD01,PWMO01,PWPN01,PWPR01,PWYM01,PXBQ01,Paenibacillaceae,Palsa-1104,Palsa-1178,Palsa-1400,Palsa-688,Pan216,Parvibaculaceae,Parvularculaceae,Pelotomaculaceae,Peptostreptococcaceae,Petrotogaceae,Phreatobacteraceae,Phycisphaeraceae,Pirellulaceae,Piscirickettsiaceae,Planctomycetaceae,Planococcaceae,Pleomorphomonadaceae,Polarisedimenticolaceae,Polyangiaceae,Pontiellaceae,Porticoccaceae,Propionisporaceae,Proteiniboraceae,Proteinivoraceae,Pseudohongiellaceae,Pseudomonadaceae,Pseudonocardiaceae,Psychrobiaceae,Psychromonadaceae,Puniceispirillaceae,Pyrinomonadaceae,QNDG01,QNZT01,QPJT01,QZLD01,Quadrisphaeraceae,RAAP-2,RAOX-1,RBC074,RBG-13-55-18,RBG-16-58-11,RBG-16-71-46,RFNS01,RFPC01,RGIG9151,RGZA01,RGZZ01,RI-55,RPPD01,RPQS01,RS24,RSA5,RSA9,RUG14156,Reconciliibacillaceae,Rectinemataceae,Rhizobiaceae,Rhodanobacteraceae,Rhodobacteraceae,Rhodobiaceae,Rhodocyclaceae,Rhodospirillaceae,Rhodothalassiaceae,Rhodothermaceae,Rhodovibrionaceae,Ruminococcaceae,S012-40,S143-82,SA4,SCN-69-37,SCOH01,SCQP01,SCRA01,SCSIO-06110,SG8-11,SG8-39,SG8-4,SG8-41,SHVZ01,SHXO01,SIBE01,SIT17,SK-Y3,SKKC01,SKNC01,SLAA01,SLHB01,SLMV01,SLND01,SLST01,SLTJ01,SM1A02,SM23-30,SM23-32,SM23-33,SMXQ01,SORT01,SURF-12,SURF-5,SV1-B22,SXON01,SXRF01,SXTU01,SZUA-140,SZUA-149,SZUA-152,SZUA-21,SZUA-229,SZUA-336,SZUA-35,SZUA-371,SZUA-545,SZUA-567,SZUA-584,SZUA-6,SZUA-76,Salinibacteraceae,Salinisphaeraceae,Salinispiraceae,Salisediminibacteriaceae,Sandaracinaceae,SbA1,Scalinduaceae,Sedimentibacteraceae,Sedimenticolaceae,Sediminispirochaetaceae,Selenomonadaceae,Shewanellaceae,Sneathiellaceae,Solirubrobacteraceae,Sphingomonadaceae,Spirochaetaceae_B,Spongiibacteraceae,Sporanaerobacteraceae,Sporolactobacillaceae,Sporomusaceae,Stappiaceae,Stellaceae,Steroidobacteraceae,Streptosporangiaceae,Succinivibrionaceae,Sulfobacillaceae,Sulfuricellaceae,Sulfuriferulaceae,Sulfurimonadaceae,Sulfurospirillaceae,Symbiobacteriaceae,Synergistaceae,Syntrophobotulaceae,Syntrophomonadaceae,Syntrophothermaceae,T1SED10-28,T1Sed10-126,T3Sed10-11,TH1-2,TK06,TMED127,TMED2,TS1B11,Tenderiaceae,Tepidamorphaceae,Tepidanaerobacteraceae,Tepidibacillaceae,Tepidiformaceae,Tepidimicrobiaceae,Tepidisphaeraceae,Terasakiellaceae,Terrimicrobiaceae,Thalassobaculaceae,Thalassospiraceae,Thermacetogeniaceae,Thermaerobacteraceae,Thermoanaerobacteraceae,Thermodesulfobiaceae,Thermoguttaceae,Thermohalobacteraceae,Thermoleophilaceae,Thermomicrobiaceae,Thermosediminibacteraceae,Thermosinaceae,Thermosulfidibacteraceae,Thermosynergistaceae,Thermotaleaceae,Thermotogaceae,Thermovirgaceae,Thioalkalivibrionaceae,Thiobacillaceae,Thiohalobacteraceae,Thiohalomonadaceae,Thiomicrospiraceae,Thiovulaceae,Tindalliaceae,Tissierellaceae,Tissierellaceae_A,Tissierellaceae_B,Tissierellaceae_C,Tistrellaceae,Treponemataceae,Tumebacillaceae,Turneriellaceae,UB4802,UBA10030,UBA10575,UBA10806,UBA1096,UBA10988,UBA1100,UBA1113,UBA11236,UBA11320,UBA11346,UBA11358,UBA11657,UBA1172,UBA12015,UBA12059,UBA12178,UBA12225,UBA12420,UBA12454,UBA1319,UBA1321,UBA1381,UBA1444,UBA1532,UBA1845,UBA1877,UBA1908,UBA1924,UBA2020,UBA2136,UBA2165,UBA2242,UBA2268,UBA2385,UBA2386,UBA2392,UBA2595,UBA2780,UBA2964,UBA2966,UBA2968,UBA2979,UBA2999,UBA3002,UBA3065,UBA3067,UBA3941,UBA4045,UBA4055,UBA4068,UBA4093,UBA4151,UBA4427,UBA4486,UBA4575,UBA4823,UBA4971,UBA5070,UBA5301,UBA5335,UBA5352,UBA5368,UBA5500,UBA5518,UBA5550,UBA5734,UBA5745,UBA5793,UBA5829,UBA5861,UBA5962,UBA6016,UBA6077,UBA6099,UBA6156,UBA6191,UBA6429,UBA6503,UBA6522,UBA6615,UBA6663,UBA6769,UBA6901,UBA6906,UBA6911,UBA6930,UBA6960,UBA7434,UBA7540,UBA7541,UBA7694,UBA7701,UBA796,UBA8154,UBA8190,UBA8199,UBA8231,UBA8346,UBA8363,UBA8366,UBA8401,UBA8477,UBA9215,UBA9216,UBA9219,UBA9220,UBA929,UBA9464,UBA961,UBA9615,UBA9662,UBA994,UBA9968,UBA9971,UBA998,UBA9980,UM-FILTER-46-8,UMGS1260,UMGS416,UTPLA1,UTPRO1,UWMA-0217,UXAT02,Usitatibacteraceae,VBWC01,VENG01,VGDC01,VGJW01,VGOW01,VGSZ01,Vagococcaceae,Vallitaleaceae,Vampirovibrionaceae,Verruco-01,Vibrionaceae,Vicinamibacteraceae,WJJG01,WJJR01,WJKA01,WJMI01,WMHbin7,WQUN01,WQYP01,WRAA01,WRAX01,WRBN01,WRFX01,WRIO01,WSZJ01,WYAZ01,WYBJ01,Wenzhouxiangellaceae,Woeseiaceae,XN24,XYA12-FULL-58-9,Xanthobacteraceae,Xanthomonadaceae,Xylanivirgaceae,YIM-B00363,ZC4RG38,ZCTH02-B6,Zavarziniaceae,Zgenome-0027,Zhaonellaceae,Zooshikellaceae,Zrk34
flagella_only	933	2-02-FULL-58-16,2-02-FULL-58-16_A,2-12-FULL-62-27,20CM-2-55-15,21-64-14,33-17,40CM-4-68-19,4484-171,4484-95,4572-78,70-9,AAA164-E04,AABM5-125-24,AE-B3A,AK92,AKS1,ARS1246,ATM1,Acanthopleuribacteraceae,Acetivibrionaceae,Acetobacteraceae,Acetohalobiaceae,Acetomicrobiaceae,Acetonemaceae,Acidaminobacteraceae,Acidibacillaceae,Acidihalobacteraceae,Acidithiobacillaceae,Acidobacteriaceae,Actinomycetaceae,Acutalibacteraceae,Aeribacillaceae,Aerococcaceae,Aeromonadaceae,Aestuariirhabdaceae,Ahniellaceae,Alcanivoracaceae,Algiphilaceae,Alicyclobacillaceae,Alkalibacillaceae,Alkalibacteraceae,Alkalispirochaetaceae,Alteromonadaceae,Aminiphilaceae,Aminobacteriaceae,Ammonificaceae,Amphibacillaceae,Anaerobacillaceae,Anaerohalosphaeraceae,Anaerolineaceae,Anaeromusaceae,Anaeromyxobacteraceae,Anaerotignaceae,Anaerovoracaceae,Anammoxibacteraceae,Ancalomicrobiaceae,Aneurinibacillaceae,Anoxybacillaceae,Aquaspirillaceae,Aquicultoraceae,Aquificaceae,Aquisalimonadaceae,Arcobacteraceae,Auribacteraceae,Azospirillaceae,B11-G9,B130-G9,B1SED10-159,B1SED10-174,B28-G17,B3-G13,B3-G15,B3-LCP,B5-G15,B62-G9,B64-G9,B68-G9,BB28,BH030062,BICA1-8,BJHT01,BM714,BMS3Abin05,BMS3BBIN04,BW-2,Bacillaceae,Bacillaceae_B,Bacillaceae_C,Bacillaceae_D,Bacillaceae_F,Bacillaceae_G,Bacillaceae_H,Bacillaceae_I,Bacillaceae_J,Bacillaceae_L,Bacillaceae_N,Bacillaceae_O,Balneolaceae,Baltobacteraceae,Beijerinckiaceae,Berkiellaceae,Borreliaceae,Brachyspiraceae,Bradymonadaceae,Brevibacillaceae,Breznakiellaceae,Brocadiaceae,Bryobacteraceae,Bu92,Burkholderiaceae,Burkholderiaceae_A,Burkholderiaceae_B,Burkholderiaceae_C,Burkholderiaceae_D,Butyricicoccaceae,CACIAM-22H2,CACZRW01,CADAEX01,CADDYW01,CAG-138,CAG-239,CAG-272,CAG-274,CAG-382,CAG-74,CAG-977,CAIKXV01,CAIMTB01,CAIMUX01,CAIRSR01,CAIVHJ01,CAIWAD01,CAIWXX01,CAIXPF01,CAIYQO01,CAIYYI01,CAIYYT01,CAJBBX01,CAJFVJ01,CAJQPC01,CALXOJ01,CALZJG01,CF-72,CGMCC-115125,CR04bin15,CSP1-4,CSP1-6,CTSoil-072,CTSoil-080,Caldanaerobiaceae,Caldatribacteriaceae,Caldibacillaceae,Caldicellulosiruptoraceae,Caldicoprobacteraceae,Caldilineaceae,Calditerrivibrionaceae,Calditrichaceae,Calescibacteriaceae,Caloramatoraceae,Caminicellaceae,Campylobacteraceae,Capsulimonadaceae,Carboxydothermaceae,Carnobacteriaceae,Casimicrobiaceae,Casp-alpha2,Caulobacteraceae,Celerinatantimonadaceae,Cellulomonadaceae,Cellulosilyticaceae,Cellvibrionaceae,Ch109,Ch115,Ch29,Chitinibacteraceae,Chitinimonadaceae,Chitinispirillaceae,Christensenellaceae,Chromatiaceae,Chromobacteriaceae,Chrysiogenaceae,Chthoniobacteraceae,Chthonomonadaceae,Clostridiaceae,Cohaesibacteraceae,Competibacteraceae,Cycloclasticaceae,Cyclonatronaceae,DC-out160,DC0425bin3,DP-6,DREG01,DRHE01,DRI-13,DRLW01,DRMK01,DRQF01,DSM-103792,DSM-1321,DSM-13327,DSM-15969,DSM-16500,DSM-18226,DSM-19205,DSM-19610,DSM-21159,DSM-21967,DSM-22653,DSM-24629,DSM-25281,DSM-27016,DSM-28697,DSM-2933,DSM-5069,DSM-6294,DSM-6578,DSM-8532,DTU010,DTU012,DTU013,DTU014,DTU015,DTU022,DTU025,DTU029,DTU030,DTU052,DTU065,DTU073,DTU080,DTU083,DTU084,DTU086,DTU087,DUEN01,DULZ01,DUMB01,DUMC01,DUMJ01,DUMP01,DUMU01,DUMW01,DUPL01,DUSS01,DY22613,DYLW01,Deferribacteraceae,Deferrisomataceae,Deferrivibrionaceae,Defluviitaleaceae,Dendrosporobacteraceae,Denitrovibrionaceae,Dermatophilaceae,Desulfallaceae,Desulfitibacteraceae,Desulfitobacteriaceae,Desulfocucumaceae,Desulfofarciminaceae,Desulfohalotomaculaceae,Desulforudaceae,Desulfotomaculaceae,Desulfovirgulaceae,Desulfurellaceae,Desulfuribacillaceae,Desulfurobacteriaceae,Dethiobacteraceae,Dethiosulfovibrionaceae,Devosiaceae,Domibacillaceae,Dongiaceae,E44-bin32,Ectothiorhodospiraceae,Effusibacillaceae,Elsteraceae,Emcibacteraceae,Endozoicomonadaceae,Enterobacteriaceae,Enterococcaceae,EnvOPS12,Erysipelotrichaceae,Ethanoligenenaceae,Eubacteriaceae,Euzebyaceae,Exiguobacteraceae,F1-140-MAGs086,FEB-12,FEN-1173,FEN-1343,FEN-1346,FW602-bin22,Fen-1088,Fen-1342,Fen-1364,Ferrovaceae,Ferrovibrionaceae,Fervidobacteriaceae,Fibrobacteraceae,Fictibacillaceae,Filifactoraceae,Fimbriimonadaceae,Flavobacteriaceae,Fusobacteriaceae,GBS-1,GBS-DC,GCA-001735895,GCA-002684695,GCA-002686595,GCA-002687715,GCA-002748355,GCA-002770795,GCA-2400775,GCA-2687025,GCA-2689995,GCA-2696645,GCA-2717185,GCA-2729495,GCA-2731375,GCA-2746155,GCA-2746185,GCA-2746255,GCA-2746425,GCA-2862545,GCA-2863065,GCF-002020875,GRL18,GWA2-58-10,GWC2-71-9,GWE2-31-10,GWF1-51-8,GWF2-35-9,GWF2-45-14,Ga007554,Ga0077523,Ga0077536,Ga0077539,Gaiellaceae,Gallaecimonadaceae,Gallionellaceae,Garciellaceae,Gastranaerophilaceae,Geminicoccaceae,Gemmataceae,Gemmatimonadaceae,Geodermatophilaceae,Gottschalkiaceae,Granulosicoccaceae,HB172195,HGW-17,HLUCCA01,HRBIN16,HRBIN17,HRBIN21,HRBIN32,HTCC2089,Halanaerobiaceae,Halarsenatibacteraceae,Haliangiaceae,Halieaceae,Halobacillaceae,Halobacteroidaceae,Halomonadaceae,Halorhodospiraceae,Halothiobacillaceae,Helicobacteraceae,Heliobacteriaceae,Hippeaceae,Holophagaceae,Humimicrobiaceae,HyVt-429,Hydrogenimonadaceae,Hydrogenobaculaceae,Hydrogenothermaceae,Hyphomonadaceae,IMCC2047,Ignavibacteriaceae,Ilumatobacteraceae,Immundisolibacteraceae,Inquilinaceae,J004,J009,J042,J044,J045,J058,J090,J093,J111,J153,JAABTG01,JAABVY01,JAACEH01,JAADGQ01,JAADHS01,JAAXVQ01,JAAYCJ01,JAAYKL01,JAAYNZ01,JAAYPU01,JAAYUW01,JAAZEB01,JAAZLZ01,JAAZOE01,JABCZZ01,JABDJQ01,JABDKV01,JABDQX01,JABEVD01,JABEVK01,JABHGC01,JABLXB01,JABLXJ01,JABLXN01,JABUFB01,JACCZL01,JACDGC01,JACDOC01,JACIZP01,JACNKJ01,JACNLC01,JACQFD01,JACRMM01,JACZUZ01,JADGCH01,JADJEK01,JADJMO01,JADJPG01,JADJWH01,JADMJV01,JADQBR01,JAEUIK01,JAEULC01,JAEUOS01,JAEUWI01,JAFGCY01,JAFGDQ01,JAFGJZ01,JAFGRV01,JAFGTP01,JAFLCA01,JAFLJP01,JAFNAJ01,JAHJOQ01,JAHJQQ01,JAHRWD01,JAJFHC01,JAJFLO01,JAJPHF01,JAJPIJ01,JAJRUJ01,JAJRXV01,JAJTBE01,JAJYTV01,JAJYVN01,JAJZPE01,JAJZQI01,JAKAFK01,JAKASW01,JAKLHH01,JANLFN01,JC228,JCM-10596,Jeotgalibacillaceae,K13,Kangiellaceae,Ketobacteraceae,Kiloniellaceae,Kineococcaceae,Koleobacteraceae,Kordiimonadaceae,Koribacteraceae,Krumholzibacteriaceae,Kryptoniaceae,Kyrpidiaceae,LMEP-6097,LZORAL124-64-63,Lachnospiraceae,Lacipirellulaceae,Lactobacillaceae,Latescibacteraceae,Leeiaceae,Legionellaceae,Lentisphaeraceae,Leptonemataceae,Leptospiraceae,Limnochordaceae,Litoricolaceae,Lutisporaceae,MES13,MWEM01,Magnetaquicoccaceae,Magnetococcaceae,Magnetospirillaceae,Magnetovibrionaceae,Mahellaceae,Maricaulaceae,Marinococcaceae,Marinomonadaceae,Mariprofundaceae,Marispirochaetaceae,Massilibacillaceae,Melioribacteraceae,Mesoaciditogaceae,Methylococcaceae,Methylomirabilaceae,Methylomonadaceae,Methylophagaceae,Methylophilaceae,Methylopilaceae,Methylothermaceae,Micavibrionaceae,Micrococcaceae,Micromonosporaceae,Micropepsaceae,Microtrichaceae,Midichloriaceae,Miltoncostaeaceae,Minwuiaceae,Moorellaceae,Moraxellaceae,Moritellaceae,Motilibacteraceae,Mucispirillaceae,Muirbacteriaceae,Myxococcaceae,NBRC-103111,NGM72-4,NICIL-2,Nannocystaceae,Nap2-2B,Natranaerobiaceae,Natronincolaceae,Natronogracilivirgulaceae,Natronospirillaceae,Nautiliaceae,Neiellaceae,Nevskiaceae,Nitratiruptoraceae,Nitriliruptoraceae,Nitrincolaceae,Nitrococcaceae,Nitrosococcaceae,Nitrosomonadaceae,Nocardioidaceae,OLB16,OMII01,OSC116,Oceanibaculaceae,Oceanococcaceae,Oleiphilaceae,Opitutaceae,Oscillospiraceae,Oxobacteraceae,Ozemobacteraceae,PGXB01,PH28-bin88,PHBI01,PNKZ01,PR03,PUMD01,PWMO01,PWPN01,PWPR01,PWYM01,PXBQ01,Paenibacillaceae,Palsa-1104,Palsa-1178,Palsa-1400,Palsa-688,Pan216,Parvibaculaceae,Parvularculaceae,Pelotomaculaceae,Peptostreptococcaceae,Petrotogaceae,Phreatobacteraceae,Phycisphaeraceae,Pirellulaceae,Piscirickettsiaceae,Planctomycetaceae,Planococcaceae,Pleomorphomonadaceae,Polarisedimenticolaceae,Polyangiaceae,Pontiellaceae,Porticoccaceae,Propionisporaceae,Proteiniboraceae,Proteinivoraceae,Pseudohongiellaceae,Pseudomonadaceae,Pseudonocardiaceae,Psychrobiaceae,Psychromonadaceae,Puniceispirillaceae,Pyrinomonadaceae,QNDG01,QNZT01,QOAS01,QPJT01,QZLD01,Quadrisphaeraceae,RAAP-2,RAOX-1,RBC074,RBG-13-55-18,RBG-16-58-11,RBG-16-71-46,RFNS01,RFPC01,RGIG9151,RGZA01,RGZZ01,RI-55,RPPD01,RPQS01,RS24,RSA5,RSA9,RUG14156,Reconciliibacillaceae,Rectinemataceae,Rhizobiaceae,Rhodanobacteraceae,Rhodobacteraceae,Rhodobiaceae,Rhodocyclaceae,Rhodospirillaceae,Rhodothalassiaceae,Rhodothermaceae,Rhodovibrionaceae,Ruminococcaceae,S012-40,S143-82,SA4,SCN-69-37,SCOH01,SCQP01,SCRA01,SCSIO-06110,SG8-11,SG8-39,SG8-4,SG8-41,SHVZ01,SHXO01,SIBE01,SIT17,SK-Y3,SKKC01,SKNC01,SLAA01,SLHB01,SLMV01,SLND01,SLST01,SLTJ01,SM1A02,SM23-30,SM23-32,SM23-33,SMXQ01,SORT01,SURF-12,SURF-5,SV1-B22,SXON01,SXRF01,SXTU01,SZUA-140,SZUA-149,SZUA-152,SZUA-21,SZUA-229,SZUA-336,SZUA-35,SZUA-371,SZUA-545,SZUA-567,SZUA-584,SZUA-6,SZUA-76,Salinibacteraceae,Salinisphaeraceae,Salinispiraceae,Salisediminibacteriaceae,Sandaracinaceae,SbA1,Scalinduaceae,Sedimentibacteraceae,Sedimenticolaceae,Sediminispirochaetaceae,Selenomonadaceae,Shewanellaceae,Sneathiellaceae,Solirubrobacteraceae,Sphingomonadaceae,Spirochaetaceae_B,Spongiibacteraceae,Sporanaerobacteraceae,Sporolactobacillaceae,Sporomusaceae,Stappiaceae,Stellaceae,Steroidobacteraceae,Streptosporangiaceae,Succinivibrionaceae,Sulfobacillaceae,Sulfuricellaceae,Sulfuriferulaceae,Sulfurimonadaceae,Sulfurospirillaceae,Symbiobacteriaceae,Synergistaceae,Syntrophobotulaceae,Syntrophomonadaceae,Syntrophothermaceae,T1SED10-28,T1Sed10-126,T3Sed10-11,TH1-2,TK06,TMED127,TMED2,TS1B11,Tenderiaceae,Tepidamorphaceae,Tepidanaerobacteraceae,Tepidibacillaceae,Tepidiformaceae,Tepidimicrobiaceae,Tepidisphaeraceae,Terasakiellaceae,Terrimicrobiaceae,Thalassobaculaceae,Thalassospiraceae,Thermacetogeniaceae,Thermaerobacteraceae,Thermoanaerobacteraceae,Thermodesulfobiaceae,Thermoguttaceae,Thermohalobacteraceae,Thermoleophilaceae,Thermomicrobiaceae,Thermosediminibacteraceae,Thermosinaceae,Thermosulfidibacteraceae,Thermosynergistaceae,Thermotaleaceae,Thermotogaceae,Thermovirgaceae,Thioalkalivibrionaceae,Thiobacillaceae,Thiohalobacteraceae,Thiohalomonadaceae,Thiomicrospiraceae,Thiovulaceae,Tindalliaceae,Tissierellaceae,Tissierellaceae_A,Tissierellaceae_B,Tissierellaceae_C,Tistrellaceae,Treponemataceae,Tumebacillaceae,Turneriellaceae,UB4802,UBA10030,UBA10575,UBA10806,UBA1096,UBA10988,UBA1100,UBA1113,UBA11236,UBA11320,UBA11346,UBA11358,UBA11657,UBA1172,UBA12015,UBA12059,UBA12178,UBA12225,UBA12420,UBA12454,UBA1319,UBA1321,UBA1381,UBA1444,UBA1532,UBA1845,UBA1877,UBA1908,UBA1924,UBA2020,UBA2136,UBA2165,UBA2242,UBA2268,UBA2385,UBA2386,UBA2392,UBA2595,UBA2780,UBA2964,UBA2966,UBA2968,UBA2979,UBA2999,UBA3002,UBA3065,UBA3067,UBA3941,UBA4045,UBA4055,UBA4068,UBA4093,UBA4151,UBA4427,UBA4486,UBA4575,UBA4823,UBA4971,UBA5070,UBA5301,UBA5335,UBA5352,UBA5368,UBA5500,UBA5518,UBA5550,UBA5734,UBA5745,UBA5793,UBA5829,UBA5861,UBA5962,UBA6016,UBA6077,UBA6099,UBA6156,UBA6191,UBA6429,UBA6503,UBA6522,UBA6615,UBA6663,UBA6769,UBA6901,UBA6906,UBA6911,UBA6930,UBA6960,UBA7434,UBA7540,UBA7541,UBA7694,UBA7701,UBA796,UBA8154,UBA8190,UBA8199,UBA8231,UBA8346,UBA8363,UBA8366,UBA8401,UBA8477,UBA9215,UBA9216,UBA9219,UBA9220,UBA929,UBA9464,UBA961,UBA9615,UBA9662,UBA994,UBA9968,UBA9971,UBA998,UBA9980,UM-FILTER-46-8,UMGS1260,UMGS416,UTPLA1,UTPRO1,UWMA-0217,UXAT02,Usitatibacteraceae,VBWC01,VENG01,VGDC01,VGJW01,VGOW01,VGSZ01,Vagococcaceae,Vallitaleaceae,Vampirovibrionaceae,Verruco-01,Vibrionaceae,Vicinamibacteraceae,WJJG01,WJJR01,WJKA01,WJMI01,WMHbin7,WQUN01,WQYP01,WRAA01,WRAX01,WRBN01,WRFX01,WRIO01,WSZJ01,WYAZ01,WYBJ01,Wenzhouxiangellaceae,Woeseiaceae,XN24,XYA12-FULL-58-9,Xanthobacteraceae,Xanthomonadaceae,Xylanivirgaceae,YIM-B00363,ZC4RG38,ZCTH02-B6,Zavarziniaceae,Zgenome-0027,Zhaonellaceae,Zooshikellaceae,Zrk34
flagella_only	938	2-02-FULL-58-16,2-02-FULL-58-16_A,2-12-FULL-62-27,20CM-2-55-15,21-64-14,33-17,40CM-4-68-19,4484-171,4484-95,4572-78,70-9,AAA164-E04,AABM5-125-24,AE-B3A,AK92,AKS1,ARS1246,ATM1,Acanthopleuribacteraceae,Acetivibrionaceae,Acetobacteraceae,Acetohalobiaceae,Acetomicrobiaceae,Acetonemaceae,Acidaminobacteraceae,Acidibacillaceae,Acidihalobacteraceae,Acidithiobacillaceae,Acidobacteriaceae,Actinomycetaceae,Acutalibacteraceae,Aeribacillaceae,Aerococcaceae,Aeromonadaceae,Aestuariirhabdaceae,Ahniellaceae,Alcanivoracaceae,Algiphilaceae,Alicyclobacillaceae,Alkalibacillaceae,Alkalibacteraceae,Alkalispirochaetaceae,Alteromonadaceae,Aminiphilaceae,Aminobacteriaceae,Ammonificaceae,Amphibacillaceae,Anaerobacillaceae,Anaerohalosphaeraceae,Anaerolineaceae,Anaeromusaceae,Anaeromyxobacteraceae,Anaerotignaceae,Anaerovoracaceae,Anammoxibacteraceae,Ancalomicrobiaceae,Aneurinibacillaceae,Anoxybacillaceae,Aquaspirillaceae,Aquicultoraceae,Aquificaceae,Aquisalimonadaceae,Arcobacteraceae,Auribacteraceae,Azospirillaceae,B11-G9,B130-G9,B1SED10-159,B1SED10-174,B28-G17,B3-G13,B3-G15,B3-LCP,B5-G15,B62-G9,B64-G9,B68-G9,BB28,BH030062,BICA1-8,BJHT01,BM714,BMS3Abin05,BMS3BBIN04,BW-2,Bacillaceae,Bacillaceae_B,Bacillaceae_C,Bacillaceae_D,Bacillaceae_F,Bacillaceae_G,Bacillaceae_H,Bacillaceae_I,Bacillaceae_J,Bacillaceae_L,Bacillaceae_N,Bacillaceae_O,Balneolaceae,Baltobacteraceae,Beijerinckiaceae,Berkiellaceae,Borreliaceae,Brachyspiraceae,Bradymonadaceae,Brevibacillaceae,Breznakiellaceae,Brocadiaceae,Bryobacteraceae,Bu92,Burkholderiaceae,Burkholderiaceae_A,Burkholderiaceae_B,Burkholderiaceae_C,Burkholderiaceae_D,Butyricicoccaceae,CACIAM-22H2,CACZRW01,CADAEX01,CADDYW01,CAG-138,CAG-239,CAG-272,CAG-274,CAG-382,CAG-74,CAG-977,CAIKXV01,CAIMTB01,CAIMUX01,CAIRSR01,CAIVHJ01,CAIWAD01,CAIWXX01,CAIXPF01,CAIYQO01,CAIYYI01,CAIYYT01,CAJBBX01,CAJFVJ01,CAJQPC01,CALXOJ01,CALZJG01,CF-72,CGMCC-115125,CR04bin15,CSP1-4,CSP1-6,CTSoil-072,CTSoil-080,Caldanaerobiaceae,Caldatribacteriaceae,Caldibacillaceae,Caldicellulosiruptoraceae,Caldicoprobacteraceae,Caldilineaceae,Calditerrivibrionaceae,Calditrichaceae,Calescibacteriaceae,Caloramatoraceae,Caminicellaceae,Campylobacteraceae,Capsulimonadaceae,Carboxydothermaceae,Carnobacteriaceae,Casimicrobiaceae,Casp-alpha2,Caulobacteraceae,Celerinatantimonadaceae,Cellulomonadaceae,Cellulosilyticaceae,Cellvibrionaceae,Ch109,Ch115,Ch29,Chitinibacteraceae,Chitinimonadaceae,Chitinispirillaceae,Christensenellaceae,Chromatiaceae,Chromobacteriaceae,Chrysiogenaceae,Chthoniobacteraceae,Chthonomonadaceae,Clostridiaceae,Cohaesibacteraceae,Competibacteraceae,Cycloclasticaceae,Cyclonatronaceae,DC-out160,DC0425bin3,DP-6,DREG01,DRHE01,DRI-13,DRLW01,DRMK01,DRQF01,DSM-103792,DSM-1321,DSM-13327,DSM-15969,DSM-16500,DSM-18226,DSM-19205,DSM-19610,DSM-21159,DSM-21967,DSM-22653,DSM-24629,DSM-25281,DSM-27016,DSM-28697,DSM-2933,DSM-5069,DSM-6294,DSM-6578,DSM-8532,DTU010,DTU012,DTU013,DTU014,DTU015,DTU022,DTU025,DTU029,DTU030,DTU052,DTU065,DTU073,DTU080,DTU083,DTU084,DTU086,DTU087,DUEN01,DULZ01,DUMB01,DUMC01,DUMJ01,DUMP01,DUMU01,DUMW01,DUPL01,DUSS01,DY22613,DYLW01,Deferribacteraceae,Deferrisomataceae,Deferrivibrionaceae,Defluviitaleaceae,Dendrosporobacteraceae,Denitrovibrionaceae,Dermatophilaceae,Desulfallaceae,Desulfitibacteraceae,Desulfitobacteriaceae,Desulfocucumaceae,Desulfofarciminaceae,Desulfohalotomaculaceae,Desulforudaceae,Desulfotomaculaceae,Desulfovirgulaceae,Desulfurellaceae,Desulfuribacillaceae,Desulfurobacteriaceae,Dethiobacteraceae,Dethiosulfovibrionaceae,Devosiaceae,Domibacillaceae,Dongiaceae,E44-bin32,Ectothiorhodospiraceae,Effusibacillaceae,Elsteraceae,Emcibacteraceae,Endozoicomonadaceae,Enterobacteriaceae,Enterococcaceae,EnvOPS12,Erysipelotrichaceae,Ethanoligenenaceae,Eubacteriaceae,Euzebyaceae,Exiguobacteraceae,F1-140-MAGs086,FEB-12,FEN-1173,FEN-1343,FEN-1346,FW602-bin22,Fen-1088,Fen-1342,Fen-1364,Ferrovaceae,Ferrovibrionaceae,Fervidobacteriaceae,Fibrobacteraceae,Fictibacillaceae,Filifactoraceae,Fimbriimonadaceae,Flavobacteriaceae,Fusobacteriaceae,GBS-1,GBS-DC,GCA-001735895,GCA-002684695,GCA-002686595,GCA-002687715,GCA-002748355,GCA-002770795,GCA-2400775,GCA-2687025,GCA-2689995,GCA-2696645,GCA-2717185,GCA-2729495,GCA-2731375,GCA-2746155,GCA-2746185,GCA-2746255,GCA-2746425,GCA-2753255,GCA-2862545,GCA-2863065,GCF-002020875,GRL18,GWA2-58-10,GWC2-71-9,GWE2-31-10,GWF1-51-8,GWF2-35-9,GWF2-45-14,Ga007554,Ga0077523,Ga0077536,Ga0077539,Gaiellaceae,Gallaecimonadaceae,Gallionellaceae,Garciellaceae,Gastranaerophilaceae,Geminicoccaceae,Gemmataceae,Gemmatimonadaceae,Geodermatophilaceae,Gottschalkiaceae,Granulosicoccaceae,HB172195,HGW-17,HLUCCA01,HRBIN16,HRBIN17,HRBIN21,HRBIN32,HTCC2089,Halanaerobiaceae,Halarsenatibacteraceae,Haliangiaceae,Halieaceae,Halobacillaceae,Halobacteroidaceae,Halomonadaceae,Halorhodospiraceae,Halothiobacillaceae,Helicobacteraceae,Heliobacteriaceae,Hippeaceae,Holophagaceae,Humimicrobiaceae,HyVt-429,Hydrogenimonadaceae,Hydrogenobaculaceae,Hydrogenothermaceae,Hyphomonadaceae,IMCC2047,Ignavibacteriaceae,Ilumatobacteraceae,Immundisolibacteraceae,Inquilinaceae,J004,J009,J042,J044,J045,J058,J090,J093,J111,J153,JAABTG01,JAABVY01,JAACEH01,JAADGQ01,JAADHS01,JAAXVQ01,JAAYCJ01,JAAYKL01,JAAYNZ01,JAAYPU01,JAAYUW01,JAAZEB01,JAAZLZ01,JAAZOE01,JABCZZ01,JABDJQ01,JABDKV01,JABDQX01,JABEVD01,JABEVK01,JABHGC01,JABLXB01,JABLXJ01,JABLXN01,JABUFB01,JACCZL01,JACDGC01,JACDOC01,JACIZP01,JACNKJ01,JACNLC01,JACQFD01,JACQKK01,JACRMM01,JACZUZ01,JADGCH01,JADJEK01,JADJMO01,JADJPG01,JADJWH01,JADMJV01,JADQBR01,JAEUIK01,JAEULC01,JAEUOS01,JAEUWI01,JAFGCY01,JAFGDQ01,JAFGJZ01,JAFGRV01,JAFGTP01,JAFLCA01,JAFLJP01,JAFNAJ01,JAHJOQ01,JAHJQQ01,JAHJRI01,JAHRWD01,JAJFHC01,JAJFLO01,JAJPHF01,JAJPIJ01,JAJRUJ01,JAJRXV01,JAJTBE01,JAJYTV01,JAJYVN01,JAJZPE01,JAJZQI01,JAKAFK01,JAKASW01,JAKLHH01,JANLFN01,JC228,JCM-10596,Jeotgalibacillaceae,K13,Kangiellaceae,Ketobacteraceae,Kiloniellaceae,Kineococcaceae,Koleobacteraceae,Kordiimonadaceae,Koribacteraceae,Krumholzibacteriaceae,Kryptoniaceae,Kyrpidiaceae,LMEP-6097,LZORAL124-64-63,Lachnospiraceae,Lacipirellulaceae,Lactobacillaceae,Latescibacteraceae,Leeiaceae,Legionellaceae,Lentisphaeraceae,Leptonemataceae,Leptospiraceae,Limnochordaceae,Litoricolaceae,Lutisporaceae,MES13,MWEM01,Magnetaquicoccaceae,Magnetococcaceae,Magnetospirillaceae,Magnetovibrionaceae,Mahellaceae,Maricaulaceae,Marinococcaceae,Marinomonadaceae,Mariprofundaceae,Marispirochaetaceae,Massilibacillaceae,Melioribacteraceae,Mesoaciditogaceae,Methylococcaceae,Methylomirabilaceae,Methylomonadaceae,Methylophagaceae,Methylophilaceae,Methylopilaceae,Methylothermaceae,Micavibrionaceae,Micrococcaceae,Micromonosporaceae,Micropepsaceae,Microtrichaceae,Midichloriaceae,Miltoncostaeaceae,Minwuiaceae,Moorellaceae,Moraxellaceae,Moritellaceae,Motilibacteraceae,Mucispirillaceae,Muirbacteriaceae,Myxococcaceae,NAC60-12,NBRC-103111,NGM72-4,NICIL-2,Nannocystaceae,Nap2-2B,Natranaerobiaceae,Natronincolaceae,Natronogracilivirgulaceae,Natronospirillaceae,Nautiliaceae,Neiellaceae,Nevskiaceae,Nitratiruptoraceae,Nitriliruptoraceae,Nitrincolaceae,Nitrococcaceae,Nitrosococcaceae,Nitrosomonadaceae,Nocardioidaceae,OLB16,OMII01,OSC116,Oceanibaculaceae,Oceanococcaceae,Oleiphilaceae,Opitutaceae,Oscillospiraceae,Oxobacteraceae,Ozemobacteraceae,PGXB01,PH28-bin88,PHBI01,PNKZ01,PR03,PUMD01,PWMO01,PWPN01,PWPR01,PWYM01,PXBQ01,Paenibacillaceae,Palsa-1104,Palsa-1178,Palsa-1400,Palsa-688,Pan216,Parvibaculaceae,Parvularculaceae,Pelotomaculaceae,Peptostreptococcaceae,Petrotogaceae,Phreatobacteraceae,Phycisphaeraceae,Pirellulaceae,Piscirickettsiaceae,Planctomycetaceae,Planococcaceae,Pleomorphomonadaceae,Polarisedimenticolaceae,Polyangiaceae,Pontiellaceae,Porticoccaceae,Propionisporaceae,Proteiniboraceae,Proteinivoraceae,Pseudohongiellaceae,Pseudomonadaceae,Pseudonocardiaceae,Psychrobiaceae,Psychromonadaceae,Puniceispirillaceae,Pyrinomonadaceae,QNDG01,QNZT01,QOAS01,QPJT01,QZLD01,Quadrisphaeraceae,RAAP-2,RAOX-1,RBC074,RBG-13-55-18,RBG-16-58-11,RBG-16-71-46,RFNS01,RFPC01,RGIG9151,RGZA01,RGZZ01,RI-55,RPPD01,RPQS01,RS24,RSA5,RSA9,RUG14156,Reconciliibacillaceae,Rectinemataceae,Rhizobiaceae,Rhodanobacteraceae,Rhodobacteraceae,Rhodobiaceae,Rhodocyclaceae,Rhodospirillaceae,Rhodothalassiaceae,Rhodothermaceae,Rhodovibrionaceae,Ruminococcaceae,S012-40,S143-82,SA4,SCN-69-37,SCOH01,SCQP01,SCRA01,SCSIO-06110,SG8-11,SG8-39,SG8-4,SG8-41,SHVZ01,SHXO01,SIBE01,SIT17,SK-Y3,SKKC01,SKNC01,SLAA01,SLHB01,SLMV01,SLND01,SLST01,SLTJ01,SM1A02,SM23-30,SM23-32,SM23-33,SMXQ01,SORT01,SURF-12,SURF-5,SV1-B22,SXON01,SXRF01,SXTU01,SZUA-140,SZUA-149,SZUA-152,SZUA-21,SZUA-229,SZUA-336,SZUA-35,SZUA-371,SZUA-545,SZUA-567,SZUA-584,SZUA-6,SZUA-76,Salinibacteraceae,Salinisphaeraceae,Salinispiraceae,Salisediminibacteriaceae,Sandaracinaceae,SbA1,Scalinduaceae,Sedimentibacteraceae,Sedimenticolaceae,Sediminispirochaetaceae,Selenomonadaceae,Shewanellaceae,Sneathiellaceae,Solirubrobacteraceae,Sphingomonadaceae,Spirochaetaceae_B,Spongiibacteraceae,Sporanaerobacteraceae,Sporolactobacillaceae,Sporomusaceae,Stappiaceae,Stellaceae,Steroidobacteraceae,Streptosporangiaceae,Succinivibrionaceae,Sulfobacillaceae,Sulfuricellaceae,Sulfuriferulaceae,Sulfurimonadaceae,Sulfurospirillaceae,Symbiobacteriaceae,Synergistaceae,Syntrophobotulaceae,Syntrophomonadaceae,Syntrophothermaceae,T1SED10-28,T1Sed10-126,T3Sed10-11,TH1-2,TK06,TMED127,TMED2,TS1B11,Tenderiaceae,Tepidamorphaceae,Tepidanaerobacteraceae,Tepidibacillaceae,Tepidiformaceae,Tepidimicrobiaceae,Tepidisphaeraceae,Terasakiellaceae,Terrimicrobiaceae,Thalassobaculaceae,Thalassospiraceae,Thermacetogeniaceae,Thermaerobacteraceae,Thermoanaerobacteraceae,Thermodesulfobiaceae,Thermoguttaceae,Thermohalobacteraceae,Thermoleophilaceae,Thermomicrobiaceae,Thermosediminibacteraceae,Thermosinaceae,Thermosulfidibacteraceae,Thermosynergistaceae,Thermotaleaceae,Thermotogaceae,Thermovirgaceae,Thioalkalivibrionaceae,Thiobacillaceae,Thiohalobacteraceae,Thiohalomonadaceae,Thiomicrospiraceae,Thiovulaceae,Tindalliaceae,Tissierellaceae,Tissierellaceae_A,Tissierellaceae_B,Tissierellaceae_C,Tistrellaceae,Treponemataceae,Tumebacillaceae,Turneriellaceae,UB4802,UBA10030,UBA10575,UBA10806,UBA1096,UBA10988,UBA1100,UBA1113,UBA11236,UBA11320,UBA11346,UBA11358,UBA11657,UBA1172,UBA12015,UBA12059,UBA12178,UBA12225,UBA12420,UBA12454,UBA1319,UBA1321,UBA1381,UBA1444,UBA1532,UBA1845,UBA1877,UBA1908,UBA1924,UBA2020,UBA2136,UBA2165,UBA2242,UBA2268,UBA2385,UBA2386,UBA2392,UBA2595,UBA2780,UBA2964,UBA2966,UBA2968,UBA2979,UBA2999,UBA3002,UBA3065,UBA3067,UBA3941,UBA4045,UBA4055,UBA4068,UBA4093,UBA4151,UBA4427,UBA4486,UBA4575,UBA4823,UBA4971,UBA5070,UBA5301,UBA5335,UBA5352,UBA5368,UBA5500,UBA5518,UBA5550,UBA5734,UBA5745,UBA5793,UBA5829,UBA5861,UBA5962,UBA6016,UBA6077,UBA6099,UBA6156,UBA6191,UBA6429,UBA6503,UBA6522,UBA6615,UBA6663,UBA6769,UBA6901,UBA6906,UBA6911,UBA6930,UBA6960,UBA7434,UBA7540,UBA7541,UBA7694,UBA7701,UBA796,UBA8154,UBA8190,UBA8199,UBA8231,UBA8346,UBA8363,UBA8366,UBA8401,UBA8477,UBA9215,UBA9216,UBA9219,UBA9220,UBA929,UBA9464,UBA961,UBA9615,UBA9662,UBA994,UBA9968,UBA9971,UBA998,UBA9980,UM-FILTER-46-8,UMGS1260,UMGS416,UTPLA1,UTPRO1,UWMA-0217,UXAT02,Usitatibacteraceae,VBWC01,VENG01,VGDC01,VGJW01,VGOW01,VGSZ01,Vagococcaceae,Vallitaleaceae,Vampirovibrionaceae,Verruco-01,Vibrionaceae,Vicinamibacteraceae,WJJG01,WJJR01,WJKA01,WJMI01,WMHbin7,WQUN01,WQYP01,WRAA01,WRAX01,WRBN01,WRFX01,WRIO01,WSZJ01,WYAZ01,WYBJ01,Wenzhouxiangellaceae,Woeseiaceae,XN24,XYA12-FULL-58-9,XYD2-FULL-50-16,Xanthobacteraceae,Xanthomonadaceae,Xylanivirgaceae,YIM-B00363,ZC4RG38,ZCTH02-B6,Zavarziniaceae,Zgenome-0027,Zhaonellaceae,Zooshikellaceae,Zrk34
flagella_only	959	2-02-FULL-58-16,2-02-FULL-58-16_A,2-12-FULL-62-27,20CM-2-55-15,21-64-14,33-17,40CM-4-68-19,4484-171,4484-95,4572-78,70-9,AAA164-E04,AABM5-125-24,AE-B3A,AK92,AKS1,ARS1246,ATM1,Acanthopleuribacteraceae,Acetivibrionaceae,Acetobacteraceae,Acetohalobiaceae,Acetomicrobiaceae,Acetonemaceae,Acidaminobacteraceae,Acidibacillaceae,Acidihalobacteraceae,Acidithiobacillaceae,Acidobacteriaceae,Acidulodesulfobacteraceae,Actinomycetaceae,Acutalibacteraceae,Aeribacillaceae,Aerococcaceae,Aeromonadaceae,Aestuariirhabdaceae,Ahniellaceae,Alcanivoracaceae,Algiphilaceae,Alicyclobacillaceae,Alkalibacillaceae,Alkalibacteraceae,Alkalispirochaetaceae,Alteromonadaceae,Aminiphilaceae,Aminobacteriaceae,Ammonificaceae,Amphibacillaceae,Anaerobacillaceae,Anaerohalosphaeraceae,Anaerolineaceae,Anaeromusaceae,Anaeromyxobacteraceae,Anaerotignaceae,Anaerovoracaceae,Anammoxibacteraceae,Ancalomicrobiaceae,Aneurinibacillaceae,Anoxybacillaceae,Aquaspirillaceae,Aquicultoraceae,Aquificaceae,Aquisalimonadaceae,Arcobacteraceae,Auribacteraceae,Azospirillaceae,B11-G9,B130-G9,B1SED10-159,B1SED10-174,B28-G17,B3-G13,B3-G15,B3-LCP,B5-G15,B62-G9,B64-G9,B68-G9,BB28,BH030062,BICA1-8,BJHT01,BM714,BMS3Abin05,BMS3BBIN04,BW-2,Bacillaceae,Bacillaceae_B,Bacillaceae_C,Bacillaceae_D,Bacillaceae_F,Bacillaceae_G,Bacillaceae_H,Bacillaceae_I,Bacillaceae_J,Bacillaceae_L,Bacillaceae_N,Bacillaceae_O,Bacteriovoracaceae,Balneolaceae,Baltobacteraceae,Bdellovibrionaceae,Beijerinckiaceae,Berkiellaceae,Bog-1112,Borreliaceae,Brachyspiraceae,Bradymonadaceae,Brevibacillaceae,Breznakiellaceae,Brocadiaceae,Bryobacteraceae,Bu92,Burkholderiaceae,Burkholderiaceae_A,Burkholderiaceae_B,Burkholderiaceae_C,Burkholderiaceae_D,Butyricicoccaceae,CACIAM-22H2,CACZRW01,CADAEX01,CADDYW01,CAG-138,CAG-239,CAG-272,CAG-274,CAG-382,CAG-74,CAG-977,CAIKXV01,CAIMNF01,CAIMTB01,CAIMUX01,CAIPTA01,CAIRSR01,CAIVHJ01,CAIWAD01,CAIWXX01,CAIXPF01,CAIYQO01,CAIYYI01,CAIYYT01,CAJBBX01,CAJFVJ01,CAJQPC01,CALXOJ01,CALZJG01,CF-72,CGMCC-115125,CR04bin15,CSP1-4,CSP1-6,CTSoil-072,CTSoil-080,Caldanaerobiaceae,Caldatribacteriaceae,Caldibacillaceae,Caldicellulosiruptoraceae,Caldicoprobacteraceae,Caldilineaceae,Calditerrivibrionaceae,Calditrichaceae,Calescibacteriaceae,Caloramatoraceae,Caminicellaceae,Campylobacteraceae,Capsulimonadaceae,Carboxydothermaceae,Carnobacteriaceae,Casimicrobiaceae,Casp-alpha2,Caulobacteraceae,Celerinatantimonadaceae,Cellulomonadaceae,Cellulosilyticaceae,Cellvibrionaceae,Ch109,Ch115,Ch29,Chitinibacteraceae,Chitinimonadaceae,Chitinispirillaceae,Christensenellaceae,Chromatiaceae,Chromobacteriaceae,Chrysiogenaceae,Chthoniobacteraceae,Chthonomonadaceae,Clostridiaceae,Cohaesibacteraceae,Competibacteraceae,Cycloclasticaceae,Cyclonatronaceae,DC-out160,DC0425bin3,DP-6,DREG01,DRHE01,DRI-13,DRLW01,DRMK01,DRQF01,DSM-103792,DSM-1321,DSM-13327,DSM-15969,DSM-16500,DSM-18226,DSM-19205,DSM-19610,DSM-21159,DSM-21967,DSM-22653,DSM-24629,DSM-25281,DSM-27016,DSM-28697,DSM-2933,DSM-5069,DSM-6294,DSM-6578,DSM-8532,DTU010,DTU012,DTU013,DTU014,DTU015,DTU022,DTU025,DTU029,DTU030,DTU052,DTU065,DTU073,DTU080,DTU083,DTU084,DTU086,DTU087,DUEN01,DULZ01,DUMB01,DUMC01,DUMJ01,DUMP01,DUMU01,DUMW01,DUPL01,DUSS01,DY22613,DYLW01,Deferribacteraceae,Deferrisomataceae,Deferrivibrionaceae,Defluviitaleaceae,Dendrosporobacteraceae,Denitrovibrionaceae,Dermatophilaceae,Desulfallaceae,Desulfitibacteraceae,Desulfitobacteriaceae,Desulfocucumaceae,Desulfofarciminaceae,Desulfohalotomaculaceae,Desulforudaceae,Desulfotomaculaceae,Desulfovirgulaceae,Desulfurellaceae,Desulfuribacillaceae,Desulfurobacteriaceae,Dethiobacteraceae,Dethiosulfovibrionaceae,Devosiaceae,Domibacillaceae,Dongiaceae,E44-bin32,Ectothiorhodospiraceae,Effusibacillaceae,Elsteraceae,Emcibacteraceae,Endozoicomonadaceae,Enterobacteriaceae,Enterococcaceae,EnvOPS12,Erysipelotrichaceae,Ethanoligenenaceae,Eubacteriaceae,Euzebyaceae,Exiguobacteraceae,F1-140-MAGs086,FEB-12,FEN-1173,FEN-1343,FEN-1346,FW602-bin22,Fen-1088,Fen-1342,Fen-1364,Ferrovaceae,Ferrovibrionaceae,Fervidobacteriaceae,Fibrobacteraceae,Fictibacillaceae,Filifactoraceae,Fimbriimonadaceae,Flavobacteriaceae,Fusobacteriaceae,GBS-1,GBS-DC,GCA-001735895,GCA-002684695,GCA-002686595,GCA-002687715,GCA-002748355,GCA-002770795,GCA-2400775,GCA-2687025,GCA-2689995,GCA-2696645,GCA-2717185,GCA-2729495,GCA-2731375,GCA-2746155,GCA-2746185,GCA-2746255,GCA-2746425,GCA-2753255,GCA-2862545,GCA-2863065,GCF-002020875,GRL18,GWA2-58-10,GWC2-71-9,GWE2-31-10,GWF1-51-8,GWF2-35-9,GWF2-45-14,Ga007554,Ga0077523,Ga0077536,Ga0077539,Gaiellaceae,Gallaecimonadaceae,Gallionellaceae,Garciellaceae,Gastranaerophilaceae,Geminicoccaceae,Gemmataceae,Gemmatimonadaceae,Geodermatophilaceae,Gottschalkiaceae,Granulosicoccaceae,HB172195,HGW-17,HLUCCA01,HRBIN16,HRBIN17,HRBIN21,HRBIN32,HTCC2089,Halanaerobiaceae,Halarsenatibacteraceae,Haliangiaceae,Halieaceae,Halobacillaceae,Halobacteroidaceae,Halomonadaceae,Halorhodospiraceae,Halothiobacillaceae,Helicobacteraceae,Heliobacteriaceae,Hippeaceae,Holophagaceae,Humimicrobiaceae,HyVt-429,Hydrogenimonadaceae,Hydrogenobaculaceae,Hydrogenothermaceae,Hyphomonadaceae,IMCC2047,Ignavibacteriaceae,Ilumatobacteraceae,Immundisolibacteraceae,Inquilinaceae,J004,J009,J042,J044,J045,J058,J090,J093,J111,J153,JAABTG01,JAABVY01,JAACEH01,JAADGQ01,JAADHS01,JAAXVQ01,JAAYCJ01,JAAYKL01,JAAYNZ01,JAAYPU01,JAAYUW01,JAAZEB01,JAAZLZ01,JAAZOE01,JABCZZ01,JABDDW01,JABDJQ01,JABDKV01,JABDQX01,JABEVD01,JABEVK01,JABHGC01,JABLXB01,JABLXJ01,JABLXN01,JABUFB01,JACCZL01,JACDGC01,JACDOC01,JACIZP01,JACNKJ01,JACNLC01,JACQFD01,JACQKK01,JACRMM01,JACZUZ01,JADGCH01,JADJEK01,JADJMO01,JADJPG01,JADJWH01,JADMJV01,JADQBR01,JAEUIK01,JAEULC01,JAEUOS01,JAEUWI01,JAFGCY01,JAFGDQ01,JAFGJZ01,JAFGRV01,JAFGTP01,JAFLCA01,JAFLJP01,JAFNAJ01,JAGQZY01,JAHJOQ01,JAHJQQ01,JAHJRI01,JAHRWD01,JAJFHC01,JAJFLO01,JAJPHF01,JAJPIJ01,JAJRUJ01,JAJRXV01,JAJTBE01,JAJYTV01,JAJYVN01,JAJZPE01,JAJZQI01,JAKAFK01,JAKASW01,JAKLHH01,JAMPXM01,JANLFN01,JC228,JCM-10596,Jeotgalibacillaceae,K13,Kangiellaceae,Ketobacteraceae,Kiloniellaceae,Kineococcaceae,Koleobacteraceae,Kordiimonadaceae,Koribacteraceae,Krumholzibacteriaceae,Kryptoniaceae,Kyrpidiaceae,LMEP-6097,LZORAL124-64-63,Lachnospiraceae,Lacipirellulaceae,Lactobacillaceae,Latescibacteraceae,Leeiaceae,Legionellaceae,Lentisphaeraceae,Leptonemataceae,Leptospiraceae,Leptospirillaceae,Limnochordaceae,Litoricolaceae,Lutisporaceae,MES13,MWEM01,Magnetaquicoccaceae,Magnetococcaceae,Magnetospirillaceae,Magnetovibrionaceae,Mahellaceae,Maricaulaceae,Marinococcaceae,Marinomonadaceae,Mariprofundaceae,Marispirochaetaceae,Massilibacillaceae,Melioribacteraceae,Mesoaciditogaceae,Methylococcaceae,Methylomirabilaceae,Methylomonadaceae,Methylophagaceae,Methylophilaceae,Methylopilaceae,Methylothermaceae,Micavibrionaceae,Micrococcaceae,Micromonosporaceae,Micropepsaceae,Microtrichaceae,Midichloriaceae,Miltoncostaeaceae,Minwuiaceae,Moorellaceae,Moraxellaceae,Moritellaceae,Motilibacteraceae,Mucispirillaceae,Muirbacteriaceae,Myxococcaceae,NAC60-12,NBRC-103111,NGM72-4,NICIL-2,Nannocystaceae,Nap2-2B,Natranaerobiaceae,Natronincolaceae,Natronogracilivirgulaceae,Natronospirillaceae,Nautiliaceae,Neiellaceae,Nevskiaceae,Nitratiruptoraceae,Nitriliruptoraceae,Nitrincolaceae,Nitrococcaceae,Nitrosococcaceae,Nitrosomonadaceae,Nocardioidaceae,OLB16,OMII01,OSC116,Oceanibaculaceae,Oceanococcaceae,Oleiphilaceae,Oligoflexaceae,Opitutaceae,Oscillospiraceae,Oxobacteraceae,Ozemobacteraceae,PGXB01,PH28-bin88,PHBI01,PNKZ01,PR03,PUMD01,PWMO01,PWPN01,PWPR01,PWYM01,PXBQ01,Paenibacillaceae,Palsa-1104,Palsa-1178,Palsa-1400,Palsa-688,Pan216,Parvibaculaceae,Parvularculaceae,Pelotomaculaceae,Peptostreptococcaceae,Petrotogaceae,Phreatobacteraceae,Phycisphaeraceae,Pirellulaceae,Piscirickettsiaceae,Planctomycetaceae,Planococcaceae,Pleomorphomonadaceae,Polarisedimenticolaceae,Polyangiaceae,Pontiellaceae,Porticoccaceae,Propionisporaceae,Proteiniboraceae,Proteinivoraceae,Pseudohongiellaceae,Pseudomonadaceae,Pseudonocardiaceae,Psychrobiaceae,Psychromonadaceae,Puniceispirillaceae,Pyrinomonadaceae,QNDG01,QNZT01,QOAS01,QPJT01,QZLD01,Quadrisphaeraceae,RAAP-2,RAOX-1,RBC074,RBG-13-55-18,RBG-16-58-11,RBG-16-71-46,RFNS01,RFPC01,RGIG9151,RGVZ01,RGZA01,RGZZ01,RI-55,RPPD01,RPQS01,RS24,RSA5,RSA9,RUG14156,Reconciliibacillaceae,Rectinemataceae,Rhizobiaceae,Rhodanobacteraceae,Rhodobacteraceae,Rhodobiaceae,Rhodocyclaceae,Rhodospirillaceae,Rhodothalassiaceae,Rhodothermaceae,Rhodovibrionaceae,Ruminococcaceae,S012-40,S143-82,SA4,SCN-69-37,SCOH01,SCQP01,SCRA01,SCSIO-06110,SG8-11,SG8-39,SG8-4,SG8-41,SHVZ01,SHXO01,SIBE01,SIT17,SK-Y3,SKKC01,SKNC01,SLAA01,SLHB01,SLMV01,SLND01,SLST01,SLTJ01,SM1A02,SM23-30,SM23-32,SM23-33,SMXQ01,SORT01,SURF-12,SURF-5,SV1-B22,SXON01,SXRF01,SXTU01,SZUA-140,SZUA-149,SZUA-152,SZUA-21,SZUA-229,SZUA-336,SZUA-35,SZUA-371,SZUA-545,SZUA-567,SZUA-584,SZUA-6,SZUA-76,Salinibacteraceae,Salinisphaeraceae,Salinispiraceae,Salisediminibacteriaceae,Sandaracinaceae,SbA1,Scalinduaceae,Sedimentibacteraceae,Sedimenticolaceae,Sediminispirochaetaceae,Selenomonadaceae,Shewanellaceae,Silvanigrellaceae,Sneathiellaceae,Solirubrobacteraceae,Sphingomonadaceae,Spirochaetaceae_B,Spongiibacteraceae,Sporanaerobacteraceae,Sporolactobacillaceae,Sporomusaceae,Stappiaceae,Stellaceae,Steroidobacteraceae,Streptosporangiaceae,Succinivibrionaceae,Sulfobacillaceae,Sulfuricellaceae,Sulfuriferulaceae,Sulfurimonadaceae,Sulfurospirillaceae,Symbiobacteriaceae,Synergistaceae,Syntrophobotulaceae,Syntrophomonadaceae,Syntrophothermaceae,T1SED10-28,T1Sed10-126,T3Sed10-11,TH1-2,TK06,TMED127,TMED2,TS1B11,Tenderiaceae,Tepidamorphaceae,Tepidanaerobacteraceae,Tepidibacillaceae,Tepidiformaceae,Tepidimicrobiaceae,Tepidisphaeraceae,Terasakiellaceae,Terrimicrobiaceae,Thalassobaculaceae,Thalassospiraceae,Thermacetogeniaceae,Thermaerobacteraceae,Thermoanaerobacteraceae,Thermodesulfobiaceae,Thermoguttaceae,Thermohalobacteraceae,Thermoleophilaceae,Thermomicrobiaceae,Thermosediminibacteraceae,Thermosinaceae,Thermosulfidibacteraceae,Thermosynergistaceae,Thermotaleaceae,Thermotogaceae,Thermovirgaceae,Thioalkalivibrionaceae,Thiobacillaceae,Thiohalobacteraceae,Thiohalomonadaceae,Thiomicrospiraceae,Thiovulaceae,Tindalliaceae,Tissierellaceae,Tissierellaceae_A,Tissierellaceae_B,Tissierellaceae_C,Tistrellaceae,Treponemataceae,Tumebacillaceae,Turneriellaceae,UB4802,UBA10030,UBA1018,UBA10575,UBA10806,UBA1096,UBA10988,UBA1100,UBA1113,UBA11236,UBA11320,UBA11346,UBA11358,UBA11657,UBA1172,UBA12015,UBA12059,UBA12178,UBA12225,UBA12420,UBA12454,UBA1319,UBA1321,UBA1381,UBA1444,UBA1532,UBA1609,UBA1845,UBA1877,UBA1908,UBA1924,UBA2020,UBA2136,UBA2165,UBA2242,UBA2268,UBA2385,UBA2386,UBA2392,UBA2394,UBA2428,UBA2466,UBA2595,UBA2780,UBA2964,UBA2966,UBA2968,UBA2979,UBA2999,UBA3002,UBA3065,UBA3067,UBA3941,UBA4045,UBA4055,UBA4068,UBA4093,UBA4151,UBA4427,UBA4486,UBA4575,UBA4823,UBA4971,UBA5070,UBA5301,UBA5335,UBA5352,UBA5368,UBA5500,UBA5518,UBA5550,UBA5734,UBA5745,UBA5793,UBA5829,UBA5861,UBA5962,UBA6016,UBA6077,UBA6099,UBA6156,UBA6191,UBA6429,UBA6503,UBA6522,UBA6615,UBA6663,UBA6769,UBA6776,UBA6901,UBA6906,UBA6911,UBA6930,UBA6960,UBA7434,UBA7540,UBA7541,UBA7694,UBA7701,UBA796,UBA8154,UBA8190,UBA8199,UBA8231,UBA8346,UBA8363,UBA8366,UBA840,UBA8401,UBA8477,UBA9215,UBA9216,UBA9219,UBA9220,UBA923,UBA929,UBA9464,UBA961,UBA9615,UBA9662,UBA994,UBA9968,UBA9971,UBA998,UBA9980,UM-FILTER-46-8,UMGS1260,UMGS416,UTPLA1,UTPRO1,UWMA-0217,UXAT02,Usitatibacteraceae,VBWC01,VENG01,VGDC01,VGJW01,VGOW01,VGSZ01,Vagococcaceae,Vallitaleaceae,Vampirovibrionaceae,Verruco-01,Vibrionaceae,Vicinamibacteraceae,WJJG01,WJJR01,WJKA01,WJMI01,WMHbin7,WQUN01,WQYP01,WRAA01,WRAX01,WRBN01,WRFX01,WRIO01,WSZJ01,WYAZ01,WYBJ01,Wenzhouxiangellaceae,Woeseiaceae,XN24,XYA12-FULL-58-9,XYD2-FULL-50-16,Xanthobacteraceae,Xanthomonadaceae,Xylanivirgaceae,YIM-B00363,ZC4RG38,ZCTH02-B6,Zavarziniaceae,Zgenome-0027,Zhaonellaceae,Zooshikellaceae,Zrk34
gtdb_only	960	2-02-FULL-58-16,2-02-FULL-58-16_A,2-12-FULL-62-27,20CM-2-55-15,21-64-14,33-17,40CM-4-68-19,4484-171,4484-95,4572-78,70-9,AAA164-E04,AABM5-125-24,AE-B3A,AK92,AKS1,ARS1246,ATM1,Acanthopleuribacteraceae,Acetivibrionaceae,Acetobacteraceae,Acetohalobiaceae,Acetomicrobiaceae,Acetonemaceae,Acidaminobacteraceae,Acidibacillaceae,Acidihalobacteraceae,Acidithiobacillaceae,Acidobacteriaceae,Acidulodesulfobacteraceae,Actinomycetaceae,Acutalibacteraceae,Aeribacillaceae,Aerococcaceae,Aeromonadaceae,Aestuariirhabdaceae,Ahniellaceae,Alcanivoracaceae,Algiphilaceae,Alicyclobacillaceae,Alkalibacillaceae,Alkalibacteraceae,Alkalispirochaetaceae,Alteromonadaceae,Aminiphilaceae,Aminobacteriaceae,Ammonificaceae,Amphibacillaceae,Anaerobacillaceae,Anaerohalosphaeraceae,Anaerolineaceae,Anaeromusaceae,Anaeromyxobacteraceae,Anaerotignaceae,Anaerovoracaceae,Anammoxibacteraceae,Ancalomicrobiaceae,Aneurinibacillaceae,Anoxybacillaceae,Aquaspirillaceae,Aquicultoraceae,Aquificaceae,Aquisalimonadaceae,Arcobacteraceae,Auribacteraceae,Azospirillaceae,B11-G9,B130-G9,B1SED10-159,B1SED10-174,B28-G17,B3-G13,B3-G15,B3-LCP,B5-G15,B62-G9,B64-G9,B68-G9,BB28,BH030062,BICA1-8,BJHT01,BM714,BMS3Abin05,BMS3BBIN04,BW-2,Bacillaceae,Bacillaceae_B,Bacillaceae_C,Bacillaceae_D,Bacillaceae_F,Bacillaceae_G,Bacillaceae_H,Bacillaceae_I,Bacillaceae_J,Bacillaceae_L,Bacillaceae_N,Bacillaceae_O,Bacteriovoracaceae,Balneolaceae,Baltobacteraceae,Bdellovibrionaceae,Beijerinckiaceae,Berkiellaceae,Bog-1112,Borreliaceae,Brachyspiraceae,Bradymonadaceae,Brevibacillaceae,Breznakiellaceae,Brocadiaceae,Bryobacteraceae,Bu92,Burkholderiaceae,Burkholderiaceae_A,Burkholderiaceae_B,Burkholderiaceae_C,Burkholderiaceae_D,Butyricicoccaceae,CACIAM-22H2,CACZRW01,CADAEX01,CADDYW01,CAG-138,CAG-239,CAG-272,CAG-274,CAG-382,CAG-74,CAG-977,CAIKXV01,CAIMNF01,CAIMTB01,CAIMUX01,CAIPTA01,CAIRSR01,CAIVHJ01,CAIWAD01,CAIWXX01,CAIXPF01,CAIYQO01,CAIYYI01,CAIYYT01,CAJBBX01,CAJFVJ01,CAJQPC01,CALXOJ01,CALZJG01,CF-72,CGMCC-115125,CR04bin15,CSP1-4,CTSoil-072,CTSoil-080,Caldanaerobiaceae,Caldatribacteriaceae,Caldibacillaceae,Caldicellulosiruptoraceae,Caldicoprobacteraceae,Caldilineaceae,Calditerrivibrionaceae,Calditrichaceae,Calescibacteriaceae,Caloramatoraceae,Caminicellaceae,Campylobacteraceae,Capsulimonadaceae,Carboxydothermaceae,Carnobacteriaceae,Casimicrobiaceae,Casp-alpha2,Caulobacteraceae,Celerinatantimonadaceae,Cellulomonadaceae,Cellulosilyticaceae,Cellvibrionaceae,Ch109,Ch115,Ch29,Chitinibacteraceae,Chitinimonadaceae,Chitinispirillaceae,Christensenellaceae,Chromatiaceae,Chromobacteriaceae,Chrysiogenaceae,Chthoniobacteraceae,Chthonomonadaceae,Clostridiaceae,Cohaesibacteraceae,Competibacteraceae,Cycloclasticaceae,Cyclonatronaceae,DC-out160,DC0425bin3,DP-6,DREG01,DRHE01,DRI-13,DRLW01,DRMK01,DRQF01,DSM-103792,DSM-1321,DSM-13327,DSM-15969,DSM-16500,DSM-18226,DSM-19205,DSM-19610,DSM-21159,DSM-21967,DSM-22653,DSM-24629,DSM-25281,DSM-27016,DSM-28697,DSM-2933,DSM-5069,DSM-6294,DSM-6578,DSM-8532,DTU010,DTU012,DTU013,DTU014,DTU015,DTU022,DTU025,DTU029,DTU030,DTU052,DTU065,DTU073,DTU080,DTU083,DTU084,DTU086,DTU087,DUEN01,DULZ01,DUMB01,DUMC01,DUMJ01,DUMP01,DUMU01,DUMW01,DUPL01,DUSS01,DY22613,DYLW01,Deferribacteraceae,Deferrivibrionaceae,Defluviitaleaceae,Dendrosporobacteraceae,Denitrovibrionaceae,Dermatophilaceae,Desulfallaceae,Desulfitibacteraceae,Desulfitobacteriaceae,Desulfocucumaceae,Desulfofarciminaceae,Desulfohalotomaculaceae,Desulforudaceae,Desulfotomaculaceae,Desulfovirgulaceae,Desulfurellaceae,Desulfuribacillaceae,Desulfurobacteriaceae,Dethiobacteraceae,Dethiosulfovibrionaceae,Devosiaceae,Domibacillaceae,Dongiaceae,E44-bin32,Ectothiorhodospiraceae,Effusibacillaceae,Elsteraceae,Emcibacteraceae,Endozoicomonadaceae,Enterobacteriaceae,Enterococcaceae,EnvOPS12,Erysipelotrichaceae,Ethanoligenenaceae,Eubacteriaceae,Euzebyaceae,Exiguobacteraceae,F1-140-MAGs086,FEB-12,FEN-1099,FEN-1173,FEN-1343,FEN-1346,FW602-bin22,Fen-1088,Fen-1342,Fen-1364,Ferrovaceae,Ferrovibrionaceae,Fervidobacteriaceae,Fibrobacteraceae,Fictibacillaceae,Filifactoraceae,Fimbriimonadaceae,Flavobacteriaceae,Fusobacteriaceae,GBS-1,GBS-DC,GCA-001735895,GCA-002684695,GCA-002686595,GCA-002687715,GCA-002748355,GCA-002770795,GCA-2400775,GCA-2687025,GCA-2689995,GCA-2696645,GCA-2717185,GCA-2729495,GCA-2731375,GCA-2746155,GCA-2746185,GCA-2746255,GCA-2746425,GCA-2753255,GCA-2862545,GCA-2863065,GCF-002020875,GRL18,GWA2-58-10,GWC2-71-9,GWE2-31-10,GWF1-51-8,GWF2-35-9,GWF2-45-14,Ga007554,Ga0077523,Ga0077536,Ga0077539,Gaiellaceae,Gallaecimonadaceae,Gallionellaceae,Garciellaceae,Gastranaerophilaceae,Geminicoccaceae,Gemmataceae,Gemmatimonadaceae,Geodermatophilaceae,Gottschalkiaceae,Granulosicoccaceae,HB172195,HGW-17,HLUCCA01,HRBIN16,HRBIN17,HRBIN21,HRBIN32,HTCC2089,Halanaerobiaceae,Halarsenatibacteraceae,Haliangiaceae,Halieaceae,Halobacillaceae,Halobacteroidaceae,Halomonadaceae,Halorhodospiraceae,Halothiobacillaceae,Helicobacteraceae,Heliobacteriaceae,Hippeaceae,Holophagaceae,Humimicrobiaceae,HyVt-429,Hydrogenimonadaceae,Hydrogenobaculaceae,Hydrogenothermaceae,Hyphomonadaceae,IMCC2047,Ignavibacteriaceae,Ilumatobacteraceae,Immundisolibacteraceae,Inquilinaceae,J004,J009,J042,J044,J045,J058,J090,J093,J111,J153,JAABTG01,JAABVY01,JAACEH01,JAADGQ01,JAADHS01,JAAXVQ01,JAAYCJ01,JAAYKL01,JAAYNZ01,JAAYPU01,JAAYUW01,JAAZEB01,JAAZLZ01,JAAZOE01,JABCZZ01,JABDDW01,JABDJQ01,JABDKV01,JABDQX01,JABEVD01,JABEVK01,JABHGC01,JABLXB01,JABLXJ01,JABLXN01,JABUFB01,JABWBI01,JACCZL01,JACDGC01,JACDOC01,JACIZP01,JACKCT01,JACNKJ01,JACNLC01,JACQFD01,JACQKK01,JACZUZ01,JADGCH01,JADJEK01,JADJMO01,JADJPG01,JADJWH01,JADMJV01,JADQBR01,JAEUIK01,JAEULC01,JAEUOS01,JAEUWI01,JAFGCY01,JAFGDQ01,JAFGJZ01,JAFGRV01,JAFGTP01,JAFLCA01,JAFLJP01,JAFNAJ01,JAGQZY01,JAHJOQ01,JAHJQQ01,JAHJRI01,JAHRWD01,JAJFHC01,JAJFLO01,JAJPHF01,JAJPIJ01,JAJRUJ01,JAJTBE01,JAJYTV01,JAJYVN01,JAJZPE01,JAJZQI01,JAKAFK01,JAKASW01,JAKLHH01,JAMPXM01,JANLFN01,JC228,JCM-10596,Jeotgalibacillaceae,K13,Kangiellaceae,Ketobacteraceae,Kiloniellaceae,Kineococcaceae,Koleobacteraceae,Kordiimonadaceae,Koribacteraceae,Krumholzibacteriaceae,Kryptoniaceae,Kyrpidiaceae,LMEP-6097,LZORAL124-64-63,Lachnospiraceae,Lacipirellulaceae,Lactobacillaceae,Latescibacteraceae,Leeiaceae,Legionellaceae,Lentisphaeraceae,Leptonemataceae,Leptospiraceae,Leptospirillaceae,Limnochordaceae,Litoricolaceae,Lutisporaceae,MES13,MWEM01,Magnetaquicoccaceae,Magnetococcaceae,Magnetospirillaceae,Magnetovibrionaceae,Mahellaceae,Maricaulaceae,Marinococcaceae,Marinomonadaceae,Mariprofundaceae,Marispirochaetaceae,Massilibacillaceae,Melioribacteraceae,Mesoaciditogaceae,Methylococcaceae,Methylomonadaceae,Methylophagaceae,Methylophilaceae,Methylopilaceae,Methylothermaceae,Micavibrionaceae,Micrococcaceae,Micromonosporaceae,Micropepsaceae,Microtrichaceae,Midichloriaceae,Miltoncostaeaceae,Minwuiaceae,Moorellaceae,Moraxellaceae,Moritellaceae,Motilibacteraceae,Mucispirillaceae,Muirbacteriaceae,Myxococcaceae,NAC60-12,NBRC-103111,NGM72-4,NICIL-2,Nannocystaceae,Nap2-2B,Natranaerobiaceae,Natronincolaceae,Natronogracilivirgulaceae,Natronospirillaceae,Nautiliaceae,Neiellaceae,Nevskiaceae,Nitratiruptoraceae,Nitriliruptoraceae,Nitrincolaceae,Nitrococcaceae,Nitrosococcaceae,Nitrosomonadaceae,Nocardioidaceae,OLB16,OMII01,OSC116,Oceanibaculaceae,Oceanococcaceae,Oleiphilaceae,Oligoflexaceae,Opitutaceae,Oscillospiraceae,Oxobacteraceae,Ozemobacteraceae,PGXB01,PH28-bin88,PHBI01,PNKZ01,PR03,PUMD01,PWMO01,PWPN01,PWPR01,PWYM01,PXBQ01,Paenibacillaceae,Palsa-1104,Palsa-1178,Palsa-1400,Palsa-688,Pan216,Parvibaculaceae,Parvularculaceae,Pelotomaculaceae,Peptostreptococcaceae,Petrotogaceae,Phreatobacteraceae,Phycisphaeraceae,Pirellulaceae,Piscirickettsiaceae,Planctomycetaceae,Planococcaceae,Pleomorphomonadaceae,Polarisedimenticolaceae,Polyangiaceae,Pontiellaceae,Porticoccaceae,Propionisporaceae,Proteiniboraceae,Proteinivoraceae,Pseudohongiellaceae,Pseudomonadaceae,Pseudonocardiaceae,Psychrobiaceae,Psychromonadaceae,Puniceispirillaceae,Pyrinomonadaceae,QNDG01,QNZT01,QOAS01,QPJT01,QZLD01,Quadrisphaeraceae,RAAP-2,RAOX-1,RBC074,RBG-13-55-18,RBG-16-58-11,RBG-16-71-46,RFNS01,RFPC01,RGIG9151,RGVZ01,RGZA01,RGZZ01,RI-55,RPPD01,RPQS01,RS24,RSA5,RSA9,RUG14156,Reconciliibacillaceae,Rectinemataceae,Rhizobiaceae,Rhodanobacteraceae,Rhodobacteraceae,Rhodobiaceae,Rhodocyclaceae,Rhodospirillaceae,Rhodothalassiaceae,Rhodothermaceae,Rhodovibrionaceae,Ruminococcaceae,S012-40,S143-82,SA4,SCN-69-37,SCOH01,SCQP01,SCRA01,SCSIO-06110,SG8-11,SG8-39,SG8-4,SG8-41,SHVZ01,SHXO01,SIBE01,SIT17,SK-Y3,SKKC01,SKNC01,SLAA01,SLHB01,SLMV01,SLND01,SLST01,SLTJ01,SM1A02,SM23-30,SM23-32,SM23-33,SMXQ01,SORT01,SURF-12,SURF-5,SV1-B22,SXON01,SXRF01,SXTU01,SZUA-140,SZUA-149,SZUA-152,SZUA-21,SZUA-229,SZUA-336,SZUA-35,SZUA-371,SZUA-545,SZUA-567,SZUA-584,SZUA-6,SZUA-76,Salinibacteraceae,Salinisphaeraceae,Salinispiraceae,Salisediminibacteriaceae,Sandaracinaceae,SbA1,Scalinduaceae,Sedimentibacteraceae,Sedimenticolaceae,Sediminispirochaetaceae,Selenomonadaceae,Shewanellaceae,Silvanigrellaceae,Sneathiellaceae,Solirubrobacteraceae,Sphingomonadaceae,Spirochaetaceae_B,Spongiibacteraceae,Sporanaerobacteraceae,Sporolactobacillaceae,Sporomusaceae,Stappiaceae,Stellaceae,Steroidobacteraceae,Streptosporangiaceae,Succinivibrionaceae,Sulfobacillaceae,Sulfuricellaceae,Sulfuriferulaceae,Sulfurimonadaceae,Sulfurospirillaceae,Symbiobacteriaceae,Synergistaceae,Syntrophobotulaceae,Syntrophomonadaceae,Syntrophorhabdaceae,Syntrophothermaceae,T1SED10-28,T1Sed10-126,T3Sed10-11,TH1-2,TK06,TMED127,TMED2,TS1B11,Tenderiaceae,Tepidamorphaceae,Tepidanaerobacteraceae,Tepidibacillaceae,Tepidiformaceae,Tepidimicrobiaceae,Tepidisphaeraceae,Terasakiellaceae,Terrimicrobiaceae,Thalassobaculaceae,Thalassospiraceae,Thermacetogeniaceae,Thermaerobacteraceae,Thermoanaerobacteraceae,Thermodesulfobiaceae,Thermoguttaceae,Thermohalobacteraceae,Thermoleophilaceae,Thermomicrobiaceae,Thermosediminibacteraceae,Thermosinaceae,Thermosulfidibacteraceae,Thermosynergistaceae,Thermotaleaceae,Thermotogaceae,Thermovirgaceae,Thioalkalivibrionaceae,Thiobacillaceae,Thiohalobacteraceae,Thiohalomonadaceae,Thiomicrospiraceae,Thiovulaceae,Tindalliaceae,Tissierellaceae,Tissierellaceae_A,Tissierellaceae_B,Tissierellaceae_C,Tistrellaceae,Treponemataceae,Tumebacillaceae,Turneriellaceae,UB4802,UBA10030,UBA1018,UBA10575,UBA10806,UBA1096,UBA10988,UBA1100,UBA1113,UBA11236,UBA11320,UBA11346,UBA11358,UBA11657,UBA1172,UBA12015,UBA12059,UBA12178,UBA12225,UBA12420,UBA12454,UBA1319,UBA1321,UBA1381,UBA1444,UBA1532,UBA1609,UBA1845,UBA1877,UBA1908,UBA1924,UBA2020,UBA2136,UBA2165,UBA2242,UBA2268,UBA2385,UBA2386,UBA2392,UBA2394,UBA2428,UBA2466,UBA2595,UBA2780,UBA2964,UBA2966,UBA2968,UBA2979,UBA2999,UBA3002,UBA3065,UBA3067,UBA3941,UBA4045,UBA4055,UBA4068,UBA4093,UBA4151,UBA4427,UBA4486,UBA4575,UBA4823,UBA4971,UBA5070,UBA5301,UBA5335,UBA5352,UBA5368,UBA5500,UBA5518,UBA5550,UBA5734,UBA5745,UBA5793,UBA5829,UBA5861,UBA5962,UBA6016,UBA6077,UBA6099,UBA6156,UBA6191,UBA6429,UBA6503,UBA6522,UBA6615,UBA6663,UBA6769,UBA6776,UBA6901,UBA6906,UBA6911,UBA6930,UBA6960,UBA7434,UBA7540,UBA7541,UBA7694,UBA7701,UBA796,UBA8154,UBA8190,UBA8199,UBA8231,UBA8346,UBA8349,UBA8363,UBA8366,UBA840,UBA8401,UBA8477,UBA9215,UBA9216,UBA9219,UBA9220,UBA923,UBA929,UBA9464,UBA961,UBA9615,UBA9662,UBA994,UBA9968,UBA9971,UBA998,UBA9980,UM-FILTER-46-8,UMGS1260,UMGS416,UTPLA1,UTPRO1,UWMA-0217,UXAT02,Usitatibacteraceae,VBWC01,VENG01,VGDC01,VGJW01,VGOW01,VGSZ01,Vagococcaceae,Vallitaleaceae,Vampirovibrionaceae,Verruco-01,Vibrionaceae,Vicinamibacteraceae,WCHB1-27,WJJG01,WJJR01,WJKA01,WJMI01,WMHbin7,WQUN01,WQYP01,WRAA01,WRAX01,WRBN01,WRFX01,WRIO01,WSZJ01,WYAZ01,WYBJ01,Wenzhouxiangellaceae,Woeseiaceae,XN24,XYA12-FULL-58-9,XYD2-FULL-50-16,Xanthobacteraceae,Xanthomonadaceae,Xylanivirgaceae,YIM-B00363,ZC4RG38,ZCTH02-B6,Zavarziniaceae,Zgenome-0027,Zhaonellaceae,Zooshikellaceae,Zrk34
flagella_only	960	2-02-FULL-58-16,2-02-FULL-58-16_A,2-12-FULL-62-27,20CM-2-55-15,21-64-14,33-17,40CM-4-68-19,4484-171,4484-95,4572-78,70-9,AAA164-E04,AABM5-125-24,AE-B3A,AK92,AKS1,ARS1246,ATM1,Acanthopleuribacteraceae,Acetivibrionaceae,Acetobacteraceae,Acetohalobiaceae,Acetomicrobiaceae,Acetonemaceae,Acidaminobacteraceae,Acidibacillaceae,Acidihalobacteraceae,Acidithiobacillaceae,Acidobacteriaceae,Acidulodesulfobacteraceae,Actinomycetaceae,Acutalibacteraceae,Aeribacillaceae,Aerococcaceae,Aeromonadaceae,Aestuariirhabdaceae,Ahniellaceae,Alcanivoracaceae,Algiphilaceae,Alicyclobacillaceae,Alkalibacillaceae,Alkalibacteraceae,Alkalispirochaetaceae,Alteromonadaceae,Aminiphilaceae,Aminobacteriaceae,Ammonificaceae,Amphibacillaceae,Anaerobacillaceae,Anaerohalosphaeraceae,Anaerolineaceae,Anaeromusaceae,Anaeromyxobacteraceae,Anaerotignaceae,Anaerovoracaceae,Anammoxibacteraceae,Ancalomicrobiaceae,Aneurinibacillaceae,Anoxybacillaceae,Aquaspirillaceae,Aquicultoraceae,Aquificaceae,Aquisalimonadaceae,Arcobacteraceae,Auribacteraceae,Azospirillaceae,B11-G9,B130-G9,B1SED10-159,B1SED10-174,B28-G17,B3-G13,B3-G15,B3-LCP,B5-G15,B62-G9,B64-G9,B68-G9,BB28,BH030062,BICA1-8,BJHT01,BM714,BMS3Abin05,BMS3BBIN04,BW-2,Bacillaceae,Bacillaceae_B,Bacillaceae_C,Bacillaceae_D,Bacillaceae_F,Bacillaceae_G,Bacillaceae_H,Bacillaceae_I,Bacillaceae_J,Bacillaceae_L,Bacillaceae_N,Bacillaceae_O,Bacteriovoracaceae,Balneolaceae,Baltobacteraceae,Bdellovibrionaceae,Beijerinckiaceae,Berkiellaceae,Bog-1112,Borreliaceae,Brachyspiraceae,Bradymonadaceae,Brevibacillaceae,Breznakiellaceae,Brocadiaceae,Bryobacteraceae,Bu92,Burkholderiaceae,Burkholderiaceae_A,Burkholderiaceae_B,Burkholderiaceae_C,Burkholderiaceae_D,Butyricicoccaceae,CACIAM-22H2,CACZRW01,CADAEX01,CADDYW01,CAG-138,CAG-239,CAG-272,CAG-274,CAG-382,CAG-74,CAG-977,CAIKXV01,CAIMNF01,CAIMTB01,CAIMUX01,CAIPTA01,CAIRSR01,CAIVHJ01,CAIWAD01,CAIWXX01,CAIXPF01,CAIYQO01,CAIYYI01,CAIYYT01,CAJBBX01,CAJFVJ01,CAJQPC01,CALXOJ01,CALZJG01,CF-72,CGMCC-115125,CR04bin15,CSP1-4,CSP1-6,CTSoil-072,CTSoil-080,Caldanaerobiaceae,Caldatribacteriaceae,Caldibacillaceae,Caldicellulosiruptoraceae,Caldicoprobacteraceae,Caldilineaceae,Calditerrivibrionaceae,Calditrichaceae,Calescibacteriaceae,Caloramatoraceae,Caminicellaceae,Campylobacteraceae,Capsulimonadaceae,Carboxydothermaceae,Carnobacteriaceae,Casimicrobiaceae,Casp-alpha2,Caulobacteraceae,Celerinatantimonadaceae,Cellulomonadaceae,Cellulosilyticaceae,Cellvibrionaceae,Ch109,Ch115,Ch29,Chitinibacteraceae,Chitinimonadaceae,Chitinispirillaceae,Christensenellaceae,Chromatiaceae,Chromobacteriaceae,Chrysiogenaceae,Chthoniobacteraceae,Chthonomonadaceae,Clostridiaceae,Cohaesibacteraceae,Competibacteraceae,Cycloclasticaceae,Cyclonatronaceae,DC-out160,DC0425bin3,DP-6,DREG01,DRHE01,DRI-13,DRLW01,DRMK01,DRQF01,DSM-103792,DSM-1321,DSM-13327,DSM-15969,DSM-16500,DSM-18226,DSM-19205,DSM-19610,DSM-21159,DSM-21967,DSM-22653,DSM-24629,DSM-25281,DSM-27016,DSM-28697,DSM-2933,DSM-5069,DSM-6294,DSM-6578,DSM-8532,DTU010,DTU012,DTU013,DTU014,DTU015,DTU022,DTU025,DTU029,DTU030,DTU052,DTU065,DTU073,DTU080,DTU083,DTU084,DTU086,DTU087,DUEN01,DULZ01,DUMB01,DUMC01,DUMJ01,DUMP01,DUMU01,DUMW01,DUPL01,DUSS01,DY22613,DYLW01,Deferribacteraceae,Deferrisomataceae,Deferrivibrionaceae,Defluviitaleaceae,Dendrosporobacteraceae,Denitrovibrionaceae,Dermatophilaceae,Desulfallaceae,Desulfitibacteraceae,Desulfitobacteriaceae,Desulfocucumaceae,Desulfofarciminaceae,Desulfohalotomaculaceae,Desulforudaceae,Desulfotomaculaceae,Desulfovirgulaceae,Desulfurellaceae,Desulfuribacillaceae,Desulfurobacteriaceae,Dethiobacteraceae,Dethiosulfovibrionaceae,Devosiaceae,Domibacillaceae,Dongiaceae,E44-bin32,Ectothiorhodospiraceae,Effusibacillaceae,Elsteraceae,Emcibacteraceae,Endozoicomonadaceae,Enterobacteriaceae,Enterococcaceae,EnvOPS12,Erysipelotrichaceae,Ethanoligenenaceae,Eubacteriaceae,Euzebyaceae,Exiguobacteraceae,F1-140-MAGs086,FEB-12,FEN-1173,FEN-1343,FEN-1346,FW602-bin22,Fen-1088,Fen-1342,Fen-1364,Ferrovaceae,Ferrovibrionaceae,Fervidobacteriaceae,Fibrobacteraceae,Fictibacillaceae,Filifactoraceae,Fimbriimonadaceae,Flavobacteriaceae,Fusobacteriaceae,GBS-1,GBS-DC,GCA-001735895,GCA-002684695,GCA-002686595,GCA-002687715,GCA-002748355,GCA-002770795,GCA-2400775,GCA-2687025,GCA-2689995,GCA-2696645,GCA-2717185,GCA-2729495,GCA-2731375,GCA-2746155,GCA-2746185,GCA-2746255,GCA-2746425,GCA-2753255,GCA-2862545,GCA-2863065,GCF-002020875,GRL18,GWA2-58-10,GWC2-71-9,GWE2-31-10,GWF1-51-8,GWF2-35-9,GWF2-45-14,Ga007554,Ga0077523,Ga0077536,Ga0077539,Gaiellaceae,Gallaecimonadaceae,Gallionellaceae,Garciellaceae,Gastranaerophilaceae,Geminicoccaceae,Gemmataceae,Gemmatimonadaceae,Geodermatophilaceae,Gottschalkiaceae,Granulosicoccaceae,HB172195,HGW-17,HLUCCA01,HRBIN16,HRBIN17,HRBIN21,HRBIN32,HTCC2089,Halanaerobiaceae,Halarsenatibacteraceae,Haliangiaceae,Halieaceae,Halobacillaceae,Halobacteroidaceae,Halomonadaceae,Halorhodospiraceae,Halothiobacillaceae,Helicobacteraceae,Heliobacteriaceae,Hippeaceae,Holophagaceae,Humimicrobiaceae,HyVt-429,Hydrogenimonadaceae,Hydrogenobaculaceae,Hydrogenothermaceae,Hyphomonadaceae,IMCC2047,Ignavibacteriaceae,Ilumatobacteraceae,Immundisolibacteraceae,Inquilinaceae,J004,J009,J042,J044,J045,J058,J090,J093,J111,J153,JAABTG01,JAABVY01,JAACEH01,JAADGQ01,JAADHS01,JAAXVQ01,JAAYCJ01,JAAYKL01,JAAYNZ01,JAAYPU01,JAAYUW01,JAAZEB01,JAAZLZ01,JAAZOE01,JABCZZ01,JABDDW01,JABDJQ01,JABDKV01,JABDQX01,JABEVD01,JABEVK01,JABHGC01,JABLXB01,JABLXJ01,JABLXN01,JABUFB01,JACCZL01,JACDGC01,JACDOC01,JACIZP01,JACNKJ01,JACNLC01,JACQFD01,JACQKK01,JACRMM01,JACZUZ01,JADGCH01,JADJEK01,JADJMO01,JADJPG01,JADJWH01,JADMJV01,JADQBR01,JAEUIK01,JAEULC01,JAEUOS01,JAEUWI01,JAFGCY01,JAFGDQ01,JAFGJZ01,JAFGRV01,JAFGTP01,JAFLCA01,JAFLJP01,JAFNAJ01,JAGQZY01,JAHJOQ01,JAHJQQ01,JAHJRI01,JAHRWD01,JAJFHC01,JAJFLO01,JAJPHF01,JAJPIJ01,JAJRUJ01,JAJRXV01,JAJTBE01,JAJYTV01,JAJYVN01,JAJZPE01,JAJZQI01,JAKAFK01,JAKASW01,JAKLHH01,JAMPXM01,JANLFN01,JC228,JCM-10596,Jeotgalibacillaceae,K13,Kangiellaceae,Ketobacteraceae,Kiloniellaceae,Kineococcaceae,Koleobacteraceae,Kordiimonadaceae,Koribacteraceae,Krumholzibacteriaceae,Kryptoniaceae,Kyrpidiaceae,LMEP-6097,LZORAL124-64-63,Lachnospiraceae,Lacipirellulaceae,Lactobacillaceae,Latescibacteraceae,Leeiaceae,Legionellaceae,Lentisphaeraceae,Leptonemataceae,Leptospiraceae,Leptospirillaceae,Limnochordaceae,Litoricolaceae,Lutisporaceae,MES13,MWEM01,Magnetaquicoccaceae,Magnetococcaceae,Magnetospirillaceae,Magnetovibrionaceae,Mahellaceae,Maricaulaceae,Marinococcaceae,Marinomonadaceae,Mariprofundaceae,Marispirochaetaceae,Massilibacillaceae,Melioribacteraceae,Mesoaciditogaceae,Methylococcaceae,Methylomirabilaceae,Methylomonadaceae,Methylophagaceae,Methylophilaceae,Methylopilaceae,Methylothermaceae,Micavibrionaceae,Micrococcaceae,Micromonosporaceae,Micropepsaceae,Microtrichaceae,Midichloriaceae,Miltoncostaeaceae,Minwuiaceae,Moorellaceae,Moraxellaceae,Moritellaceae,Motilibacteraceae,Mucispirillaceae,Muirbacteriaceae,Myxococcaceae,NAC60-12,NBRC-103111,NGM72-4,NICIL-2,Nannocystaceae,Nap2-2B,Natranaerobiaceae,Natronincolaceae,Natronogracilivirgulaceae,Natronospirillaceae,Nautiliaceae,Neiellaceae,Nevskiaceae,Nitratiruptoraceae,Nitriliruptoraceae,Nitrincolaceae,Nitrococcaceae,Nitrosococcaceae,Nitrosomonadaceae,Nocardioidaceae,OLB16,OMII01,OSC116,Oceanibaculaceae,Oceanococcaceae,Oleiphilaceae,Oligoflexaceae,Opitutaceae,Oscillospiraceae,Oxobacteraceae,Ozemobacteraceae,PGXB01,PH28-bin88,PHBI01,PNKZ01,PR03,PUMD01,PWMO01,PWPN01,PWPR01,PWYM01,PXBQ01,Paenibacillaceae,Palsa-1104,Palsa-1178,Palsa-1400,Palsa-688,Pan216,Parvibaculaceae,Parvularculaceae,Pelotomaculaceae,Peptostreptococcaceae,Petrotogaceae,Phreatobacteraceae,Phycisphaeraceae,Pirellulaceae,Piscirickettsiaceae,Planctomycetaceae,Planococcaceae,Pleomorphomonadaceae,Polarisedimenticolaceae,Polyangiaceae,Pontiellaceae,Porticoccaceae,Propionisporaceae,Proteiniboraceae,Proteinivoraceae,Pseudohongiellaceae,Pseudomonadaceae,Pseudonocardiaceae,Psychrobiaceae,Psychromonadaceae,Puniceispirillaceae,Pyrinomonadaceae,QNDG01,QNZT01,QOAS01,QPJT01,QZLD01,Quadrisphaeraceae,RAAP-2,RAOX-1,RBC074,RBG-13-55-18,RBG-16-58-11,RBG-16-71-46,RFNS01,RFPC01,RGIG9151,RGVZ01,RGZA01,RGZZ01,RI-55,RPPD01,RPQS01,RS24,RSA5,RSA9,RUG14156,Reconciliibacillaceae,Rectinemataceae,Rhizobiaceae,Rhodanobacteraceae,Rhodobacteraceae,Rhodobiaceae,Rhodocyclaceae,Rhodospirillaceae,Rhodothalassiaceae,Rhodothermaceae,Rhodovibrionaceae,Ruminococcaceae,S012-40,S143-82,SA4,SCN-69-37,SCOH01,SCQP01,SCRA01,SCSIO-06110,SG8-11,SG8-39,SG8-4,SG8-41,SHVZ01,SHXO01,SIBE01,SIT17,SK-Y3,SKKC01,SKNC01,SLAA01,SLHB01,SLMV01,SLND01,SLST01,SLTJ01,SM1A02,SM23-30,SM23-32,SM23-33,SMXQ01,SORT01,SURF-12,SURF-5,SV1-B22,SXON01,SXRF01,SXTU01,SZUA-140,SZUA-149,SZUA-152,SZUA-21,SZUA-229,SZUA-336,SZUA-35,SZUA-371,SZUA-545,SZUA-567,SZUA-584,SZUA-6,SZUA-76,Salinibacteraceae,Salinisphaeraceae,Salinispiraceae,Salisediminibacteriaceae,Sandaracinaceae,SbA1,Scalinduaceae,Sedimentibacteraceae,Sedimenticolaceae,Sediminispirochaetaceae,Selenomonadaceae,Shewanellaceae,Silvanigrellaceae,Sneathiellaceae,Solirubrobacteraceae,Sphingomonadaceae,Spirochaetaceae_B,Spongiibacteraceae,Sporanaerobacteraceae,Sporolactobacillaceae,Sporomusaceae,Stappiaceae,Stellaceae,Steroidobacteraceae,Streptosporangiaceae,Succinivibrionaceae,Sulfobacillaceae,Sulfuricellaceae,Sulfuriferulaceae,Sulfurimonadaceae,Sulfurospirillaceae,Symbiobacteriaceae,Synergistaceae,Syntrophobotulaceae,Syntrophomonadaceae,Syntrophothermaceae,T1SED10-28,T1Sed10-126,T3Sed10-11,TH1-2,TK06,TMED127,TMED2,TS1B11,Tenderiaceae,Tepidamorphaceae,Tepidanaerobacteraceae,Tepidibacillaceae,Tepidiformaceae,Tepidimicrobiaceae,Tepidisphaeraceae,Terasakiellaceae,Terrimicrobiaceae,Thalassobaculaceae,Thalassospiraceae,Thermacetogeniaceae,Thermaerobacteraceae,Thermoanaerobacteraceae,Thermodesulfobiaceae,Thermoguttaceae,Thermohalobacteraceae,Thermoleophilaceae,Thermomicrobiaceae,Thermosediminibacteraceae,Thermosinaceae,Thermosulfidibacteraceae,Thermosynergistaceae,Thermotaleaceae,Thermotogaceae,Thermovirgaceae,Thioalkalivibrionaceae,Thiobacillaceae,Thiohalobacteraceae,Thiohalomonadaceae,Thiomicrospiraceae,Thiovulaceae,Tindalliaceae,Tissierellaceae,Tissierellaceae_A,Tissierellaceae_B,Tissierellaceae_C,Tistrellaceae,Treponemataceae,Tumebacillaceae,Turneriellaceae,UB4802,UBA10030,UBA1018,UBA10575,UBA10806,UBA1096,UBA10988,UBA1100,UBA1113,UBA11236,UBA11320,UBA11346,UBA11358,UBA11657,UBA1172,UBA12015,UBA12059,UBA12178,UBA12225,UBA12420,UBA12454,UBA1319,UBA1321,UBA1381,UBA1444,UBA1532,UBA1609,UBA1845,UBA1877,UBA1908,UBA1924,UBA2020,UBA2136,UBA2165,UBA2242,UBA2268,UBA2385,UBA2386,UBA2392,UBA2394,UBA2428,UBA2466,UBA2595,UBA2780,UBA2964,UBA2966,UBA2968,UBA2979,UBA2999,UBA3002,UBA3065,UBA3067,UBA3941,UBA4045,UBA4055,UBA4068,UBA4093,UBA4151,UBA4427,UBA4486,UBA4575,UBA4823,UBA4971,UBA5070,UBA5301,UBA5335,UBA5352,UBA5368,UBA5500,UBA5518,UBA5550,UBA5734,UBA5745,UBA5793,UBA5829,UBA5861,UBA5962,UBA6016,UBA6077,UBA6099,UBA6156,UBA6191,UBA6429,UBA6503,UBA6522,UBA6615,UBA6663,UBA6769,UBA6776,UBA6901,UBA6906,UBA6911,UBA6930,UBA6960,UBA7434,UBA7540,UBA7541,UBA7694,UBA7701,UBA796,UBA8154,UBA8190,UBA8199,UBA8231,UBA8248,UBA8346,UBA8363,UBA8366,UBA840,UBA8401,UBA8477,UBA9215,UBA9216,UBA9219,UBA9220,UBA923,UBA929,UBA9464,UBA961,UBA9615,UBA9662,UBA994,UBA9968,UBA9971,UBA998,UBA9980,UM-FILTER-46-8,UMGS1260,UMGS416,UTPLA1,UTPRO1,UWMA-0217,UXAT02,Usitatibacteraceae,VBWC01,VENG01,VGDC01,VGJW01,VGOW01,VGSZ01,Vagococcaceae,Vallitaleaceae,Vampirovibrionaceae,Verruco-01,Vibrionaceae,Vicinamibacteraceae,WJJG01,WJJR01,WJKA01,WJMI01,WMHbin7,WQUN01,WQYP01,WRAA01,WRAX01,WRBN01,WRFX01,WRIO01,WSZJ01,WYAZ01,WYBJ01,Wenzhouxiangellaceae,Woeseiaceae,XN24,XYA12-FULL-58-9,XYD2-FULL-50-16,Xanthobacteraceae,Xanthomonadaceae,Xylanivirgaceae,YIM-B00363,ZC4RG38,ZCTH02-B6,Zavarziniaceae,Zgenome-0027,Zhaonellaceae,Zooshikellaceae,Zrk34
gtdb_only	961	2-02-FULL-58-16,2-02-FULL-58-16_A,2-12-FULL-62-27,20CM-2-55-15,21-64-14,33-17,40CM-4-68-19,4484-171,4484-95,4572-78,70-9,AAA164-E04,AABM5-125-24,AE-B3A,AK92,AKS1,ARS1246,ATM1,Acanthopleuribacteraceae,Acetivibrionaceae,Acetobacteraceae,Acetohalobiaceae,Acetomicrobiaceae,Acetonemaceae,Acidaminobacteraceae,Acidibacillaceae,Acidihalobacteraceae,Acidithiobacillaceae,Acidobacteriaceae,Acidulodesulfobacteraceae,Actinomycetaceae,Acutalibacteraceae,Aeribacillaceae,Aerococcaceae,Aeromonadaceae,Aestuariirhabdaceae,Ahniellaceae,Alcanivoracaceae,Algiphilaceae,Alicyclobacillaceae,Alkalibacillaceae,Alkalibacteraceae,Alkalispirochaetaceae,Alteromonadaceae,Aminiphilaceae,Aminobacteriaceae,Ammonificaceae,Amphibacillaceae,Anaerobacillaceae,Anaerohalosphaeraceae,Anaerolineaceae,Anaeromusaceae,Anaeromyxobacteraceae,Anaerotignaceae,Anaerovoracaceae,Anammoxibacteraceae,Ancalomicrobiaceae,Aneurinibacillaceae,Anoxybacillaceae,Aquaspirillaceae,Aquicultoraceae,Aquificaceae,Aquisalimonadaceae,Arcobacteraceae,Auribacteraceae,Azospirillaceae,B11-G9,B130-G9,B1SED10-159,B1SED10-174,B28-G17,B3-G13,B3-G15,B3-LCP,B5-G15,B62-G9,B64-G9,B68-G9,BB28,BH030062,BICA1-8,BJHT01,BM714,BMS3Abin05,BMS3BBIN04,BW-2,Bacillaceae,Bacillaceae_B,Bacillaceae_C,Bacillaceae_D,Bacillaceae_F,Bacillaceae_G,Bacillaceae_H,Bacillaceae_I,Bacillaceae_J,Bacillaceae_L,Bacillaceae_N,Bacillaceae_O,Bacteriovoracaceae,Balneolaceae,Baltobacteraceae,Bdellovibrionaceae,Beijerinckiaceae,Berkiellaceae,Bog-1112,Borreliaceae,Brachyspiraceae,Bradymonadaceae,Brevibacillaceae,Breznakiellaceae,Brocadiaceae,Bryobacteraceae,Bu92,Burkholderiaceae,Burkholderiaceae_A,Burkholderiaceae_B,Burkholderiaceae_C,Burkholderiaceae_D,Butyricicoccaceae,CACIAM-22H2,CACZRW01,CADAEX01,CADDYW01,CAG-138,CAG-239,CAG-272,CAG-274,CAG-382,CAG-74,CAG-977,CAIKXV01,CAIMNF01,CAIMTB01,CAIMUX01,CAIPTA01,CAIRSR01,CAIVHJ01,CAIWAD01,CAIWXX01,CAIXPF01,CAIYQO01,CAIYYI01,CAIYYT01,CAJBBX01,CAJFVJ01,CAJQPC01,CALXOJ01,CALZJG01,CF-72,CGMCC-115125,CR04bin15,CSP1-4,CTSoil-072,CTSoil-080,Caldanaerobiaceae,Caldatribacteriaceae,Caldibacillaceae,Caldicellulosiruptoraceae,Caldicoprobacteraceae,Caldilineaceae,Calditerrivibrionaceae,Calditrichaceae,Calescibacteriaceae,Caloramatoraceae,Caminicellaceae,Campylobacteraceae,Capsulimonadaceae,Carboxydothermaceae,Carnobacteriaceae,Casimicrobiaceae,Casp-alpha2,Caulobacteraceae,Celerinatantimonadaceae,Cellulomonadaceae,Cellulosilyticaceae,Cellvibrionaceae,Ch109,Ch115,Ch29,Chitinibacteraceae,Chitinimonadaceae,Chitinispirillaceae,Christensenellaceae,Chromatiaceae,Chromobacteriaceae,Chrysiogenaceae,Chthoniobacteraceae,Chthonomonadaceae,Clostridiaceae,Cohaesibacteraceae,Competibacteraceae,Cycloclasticaceae,Cyclonatronaceae,DC-out160,DC0425bin3,DP-6,DREG01,DRHE01,DRI-13,DRLW01,DRMK01,DRQF01,DSM-103792,DSM-1321,DSM-13327,DSM-15969,DSM-16500,DSM-18226,DSM-19205,DSM-19610,DSM-21159,DSM-21967,DSM-22653,DSM-24629,DSM-25281,DSM-27016,DSM-28697,DSM-2933,DSM-5069,DSM-6294,DSM-6578,DSM-8532,DTU010,DTU012,DTU013,DTU014,DTU015,DTU022,DTU025,DTU029,DTU030,DTU052,DTU065,DTU073,DTU080,DTU083,DTU084,DTU086,DTU087,DUEN01,DULZ01,DUMB01,DUMC01,DUMJ01,DUMP01,DUMU01,DUMW01,DUPL01,DUSS01,DY22613,DYLW01,Deferribacteraceae,Deferrivibrionaceae,Defluviitaleaceae,Dendrosporobacteraceae,Denitrovibrionaceae,Dermatophilaceae,Desulfallaceae,Desulfitibacteraceae,Desulfitobacteriaceae,Desulfocucumaceae,Desulfofarciminaceae,Desulfohalotomaculaceae,Desulforudaceae,Desulfotomaculaceae,Desulfovirgulaceae,Desulfurellaceae,Desulfuribacillaceae,Desulfurobacteriaceae,Dethiobacteraceae,Dethiosulfovibrionaceae,Devosiaceae,Domibacillaceae,Dongiaceae,E44-bin32,Ectothiorhodospiraceae,Effusibacillaceae,Elsteraceae,Emcibacteraceae,Endozoicomonadaceae,Enterobacteriaceae,Enterococcaceae,EnvOPS12,Erysipelotrichaceae,Ethanoligenenaceae,Eubacteriaceae,Euzebyaceae,Exiguobacteraceae,F1-140-MAGs086,FEB-12,FEN-1099,FEN-1173,FEN-1343,FEN-1346,FW602-bin22,Fen-1088,Fen-1342,Fen-1364,Ferrovaceae,Ferrovibrionaceae,Fervidobacteriaceae,Fibrobacteraceae,Fictibacillaceae,Filifactoraceae,Fimbriimonadaceae,Flavobacteriaceae,Fusobacteriaceae,GBS-1,GBS-DC,GCA-001735895,GCA-002684695,GCA-002686595,GCA-002687715,GCA-002748355,GCA-002770795,GCA-2400775,GCA-2687025,GCA-2689995,GCA-2696645,GCA-2717185,GCA-2729495,GCA-2731375,GCA-2746155,GCA-2746185,GCA-2746255,GCA-2746425,GCA-2753255,GCA-2862545,GCA-2863065,GCF-002020875,GRL18,GWA2-58-10,GWC2-71-9,GWE2-31-10,GWF1-51-8,GWF2-35-9,GWF2-45-14,Ga007554,Ga0077523,Ga0077536,Ga0077539,Gaiellaceae,Gallaecimonadaceae,Gallionellaceae,Garciellaceae,Gastranaerophilaceae,Geminicoccaceae,Gemmataceae,Gemmatimonadaceae,Geodermatophilaceae,Gottschalkiaceae,Granulosicoccaceae,HB172195,HGW-17,HLUCCA01,HRBIN16,HRBIN17,HRBIN21,HRBIN32,HTCC2089,Halanaerobiaceae,Halarsenatibacteraceae,Haliangiaceae,Halieaceae,Halobacillaceae,Halobacteroidaceae,Halomonadaceae,Halorhodospiraceae,Halothiobacillaceae,Helicobacteraceae,Heliobacteriaceae,Hippeaceae,Holophagaceae,Humimicrobiaceae,HyVt-429,Hydrogenimonadaceae,Hydrogenobaculaceae,Hydrogenothermaceae,Hyphomonadaceae,IMCC2047,Ignavibacteriaceae,Ilumatobacteraceae,Immundisolibacteraceae,Inquilinaceae,J004,J009,J042,J044,J045,J058,J090,J093,J111,J153,JAABTG01,JAABVY01,JAACEH01,JAADGQ01,JAADHS01,JAAXVQ01,JAAYCJ01,JAAYKL01,JAAYNZ01,JAAYPU01,JAAYUW01,JAAZEB01,JAAZLZ01,JAAZOE01,JABCZZ01,JABDDW01,JABDJQ01,JABDKV01,JABDQX01,JABEVD01,JABEVK01,JABHGC01,JABLXB01,JABLXJ01,JABLXN01,JABUFB01,JABWBI01,JACCZL01,JACDGC01,JACDOC01,JACIZP01,JACKCT01,JACNKJ01,JACNLC01,JACPQY01,JACQFD01,JACQKK01,JACZUZ01,JADGCH01,JADJEK01,JADJMO01,JADJPG01,JADJWH01,JADMJV01,JADQBR01,JAEUIK01,JAEULC01,JAEUOS01,JAEUWI01,JAFGCY01,JAFGDQ01,JAFGJZ01,JAFGRV01,JAFGTP01,JAFLCA01,JAFLJP01,JAFNAJ01,JAGQZY01,JAHJOQ01,JAHJQQ01,JAHJRI01,JAHRWD01,JAJFHC01,JAJFLO01,JAJPHF01,JAJPIJ01,JAJRUJ01,JAJTBE01,JAJYTV01,JAJYVN01,JAJZPE01,JAJZQI01,JAKAFK01,JAKASW01,JAKLHH01,JAMPXM01,JANLFN01,JC228,JCM-10596,Jeotgalibacillaceae,K13,Kangiellaceae,Ketobacteraceae,Kiloniellaceae,Kineococcaceae,Koleobacteraceae,Kordiimonadaceae,Koribacteraceae,Krumholzibacteriaceae,Kryptoniaceae,Kyrpidiaceae,LMEP-6097,LZORAL124-64-63,Lachnospiraceae,Lacipirellulaceae,Lactobacillaceae,Latescibacteraceae,Leeiaceae,Legionellaceae,Lentisphaeraceae,Leptonemataceae,Leptospiraceae,Leptospirillaceae,Limnochordaceae,Litoricolaceae,Lutisporaceae,MES13,MWEM01,Magnetaquicoccaceae,Magnetococcaceae,Magnetospirillaceae,Magnetovibrionaceae,Mahellaceae,Maricaulaceae,Marinococcaceae,Marinomonadaceae,Mariprofundaceae,Marispirochaetaceae,Massilibacillaceae,Melioribacteraceae,Mesoaciditogaceae,Methylococcaceae,Methylomonadaceae,Methylophagaceae,Methylophilaceae,Methylopilaceae,Methylothermaceae,Micavibrionaceae,Micrococcaceae,Micromonosporaceae,Micropepsaceae,Microtrichaceae,Midichloriaceae,Miltoncostaeaceae,Minwuiaceae,Moorellaceae,Moraxellaceae,Moritellaceae,Motilibacteraceae,Mucispirillaceae,Muirbacteriaceae,Myxococcaceae,NAC60-12,NBRC-103111,NGM72-4,NICIL-2,Nannocystaceae,Nap2-2B,Natranaerobiaceae,Natronincolaceae,Natronogracilivirgulaceae,Natronospirillaceae,Nautiliaceae,Neiellaceae,Nevskiaceae,Nitratiruptoraceae,Nitriliruptoraceae,Nitrincolaceae,Nitrococcaceae,Nitrosococcaceae,Nitrosomonadaceae,Nocardioidaceae,OLB16,OMII01,OSC116,Oceanibaculaceae,Oceanococcaceae,Oleiphilaceae,Oligoflexaceae,Opitutaceae,Oscillospiraceae,Oxobacteraceae,Ozemobacteraceae,PGXB01,PH28-bin88,PHBI01,PNKZ01,PR03,PUMD01,PWMO01,PWPN01,PWPR01,PWYM01,PXBQ01,Paenibacillaceae,Palsa-1104,Palsa-1178,Palsa-1400,Palsa-688,Pan216,Parvibaculaceae,Parvularculaceae,Pelotomaculaceae,Peptostreptococcaceae,Petrotogaceae,Phreatobacteraceae,Phycisphaeraceae,Pirellulaceae,Piscirickettsiaceae,Planctomycetaceae,Planococcaceae,Pleomorphomonadaceae,Polarisedimenticolaceae,Polyangiaceae,Pontiellaceae,Porticoccaceae,Propionisporaceae,Proteiniboraceae,Proteinivoraceae,Pseudohongiellaceae,Pseudomonadaceae,Pseudonocardiaceae,Psychrobiaceae,Psychromonadaceae,Puniceispirillaceae,Pyrinomonadaceae,QNDG01,QNZT01,QOAS01,QPJT01,QZLD01,Quadrisphaeraceae,RAAP-2,RAOX-1,RBC074,RBG-13-55-18,RBG-16-58-11,RBG-16-71-46,RFNS01,RFPC01,RGIG9151,RGVZ01,RGZA01,RGZZ01,RI-55,RPPD01,RPQS01,RS24,RSA5,RSA9,RUG14156,Reconciliibacillaceae,Rectinemataceae,Rhizobiaceae,Rhodanobacteraceae,Rhodobacteraceae,Rhodobiaceae,Rhodocyclaceae,Rhodospirillaceae,Rhodothalassiaceae,Rhodothermaceae,Rhodovibrionaceae,Ruminococcaceae,S012-40,S143-82,SA4,SCN-69-37,SCOH01,SCQP01,SCRA01,SCSIO-06110,SG8-11,SG8-39,SG8-4,SG8-41,SHVZ01,SHXO01,SIBE01,SIT17,SK-Y3,SKKC01,SKNC01,SLAA01,SLHB01,SLMV01,SLND01,SLST01,SLTJ01,SM1A02,SM23-30,SM23-32,SM23-33,SMXQ01,SORT01,SURF-12,SURF-5,SV1-B22,SXON01,SXRF01,SXTU01,SZUA-140,SZUA-149,SZUA-152,SZUA-21,SZUA-229,SZUA-336,SZUA-35,SZUA-371,SZUA-545,SZUA-567,SZUA-584,SZUA-6,SZUA-76,Salinibacteraceae,Salinisphaeraceae,Salinispiraceae,Salisediminibacteriaceae,Sandaracinaceae,SbA1,Scalinduaceae,Sedimentibacteraceae,Sedimenticolaceae,Sediminispirochaetaceae,Selenomonadaceae,Shewanellaceae,Silvanigrellaceae,Sneathiellaceae,Solirubrobacteraceae,Sphingomonadaceae,Spirochaetaceae_B,Spongiibacteraceae,Sporanaerobacteraceae,Sporolactobacillaceae,Sporomusaceae,Stappiaceae,Stellaceae,Steroidobacteraceae,Streptosporangiaceae,Succinivibrionaceae,Sulfobacillaceae,Sulfuricellaceae,Sulfuriferulaceae,Sulfurimonadaceae,Sulfurospirillaceae,Symbiobacteriaceae,Synergistaceae,Syntrophobotulaceae,Syntrophomonadaceae,Syntrophorhabdaceae,Syntrophothermaceae,T1SED10-28,T1Sed10-126,T3Sed10-11,TH1-2,TK06,TMED127,TMED2,TS1B11,Tenderiaceae,Tepidamorphaceae,Tepidanaerobacteraceae,Tepidibacillaceae,Tepidiformaceae,Tepidimicrobiaceae,Tepidisphaeraceae,Terasakiellaceae,Terrimicrobiaceae,Thalassobaculaceae,Thalassospiraceae,Thermacetogeniaceae,Thermaerobacteraceae,Thermoanaerobacteraceae,Thermodesulfobiaceae,Thermoguttaceae,Thermohalobacteraceae,Thermoleophilaceae,Thermomicrobiaceae,Thermosediminibacteraceae,Thermosinaceae,Thermosulfidibacteraceae,Thermosynergistaceae,Thermotaleaceae,Thermotogaceae,Thermovirgaceae,Thioalkalivibrionaceae,Thiobacillaceae,Thiohalobacteraceae,Thiohalomonadaceae,Thiomicrospiraceae,Thiovulaceae,Tindalliaceae,Tissierellaceae,Tissierellaceae_A,Tissierellaceae_B,Tissierellaceae_C,Tistrellaceae,Treponemataceae,Tumebacillaceae,Turneriellaceae,UB4802,UBA10030,UBA1018,UBA10575,UBA10806,UBA1096,UBA10988,UBA1100,UBA1113,UBA11236,UBA11320,UBA11346,UBA11358,UBA11657,UBA1172,UBA12015,UBA12059,UBA12178,UBA12225,UBA12420,UBA12454,UBA1319,UBA1321,UBA1381,UBA1444,UBA1532,UBA1609,UBA1845,UBA1877,UBA1908,UBA1924,UBA2020,UBA2136,UBA2165,UBA2242,UBA2268,UBA2385,UBA2386,UBA2392,UBA2394,UBA2428,UBA2466,UBA2595,UBA2780,UBA2964,UBA2966,UBA2968,UBA2979,UBA2999,UBA3002,UBA3065,UBA3067,UBA3941,UBA4045,UBA4055,UBA4068,UBA4093,UBA4151,UBA4427,UBA4486,UBA4575,UBA4823,UBA4971,UBA5070,UBA5301,UBA5335,UBA5352,UBA5368,UBA5500,UBA5518,UBA5550,UBA5734,UBA5745,UBA5793,UBA5829,UBA5861,UBA5962,UBA6016,UBA6077,UBA6099,UBA6156,UBA6191,UBA6429,UBA6503,UBA6522,UBA6615,UBA6663,UBA6769,UBA6776,UBA6901,UBA6906,UBA6911,UBA6930,UBA6960,UBA7434,UBA7540,UBA7541,UBA7694,UBA7701,UBA796,UBA8154,UBA8190,UBA8199,UBA8231,UBA8346,UBA8349,UBA8363,UBA8366,UBA840,UBA8401,UBA8477,UBA9215,UBA9216,UBA9219,UBA9220,UBA923,UBA929,UBA9464,UBA961,UBA9615,UBA9662,UBA994,UBA9968,UBA9971,UBA998,UBA9980,UM-FILTER-46-8,UMGS1260,UMGS416,UTPLA1,UTPRO1,UWMA-0217,UXAT02,Usitatibacteraceae,VBWC01,VENG01,VGDC01,VGJW01,VGOW01,VGSZ01,Vagococcaceae,Vallitaleaceae,Vampirovibrionaceae,Verruco-01,Vibrionaceae,Vicinamibacteraceae,WCHB1-27,WJJG01,WJJR01,WJKA01,WJMI01,WMHbin7,WQUN01,WQYP01,WRAA01,WRAX01,WRBN01,WRFX01,WRIO01,WSZJ01,WYAZ01,WYBJ01,Wenzhouxiangellaceae,Woeseiaceae,XN24,XYA12-FULL-58-9,XYD2-FULL-50-16,Xanthobacteraceae,Xanthomonadaceae,Xylanivirgaceae,YIM-B00363,ZC4RG38,ZCTH02-B6,Zavarziniaceae,Zgenome-0027,Zhaonellaceae,Zooshikellaceae,Zrk34
gtdb_only	966	2-02-FULL-58-16,2-02-FULL-58-16_A,2-12-FULL-62-27,20CM-2-55-15,21-64-14,33-17,40CM-4-68-19,4484-171,4484-95,4572-78,70-9,AAA164-E04,AABM5-125-24,AE-B3A,AK92,AKS1,ARS1246,ATM1,Acanthopleuribacteraceae,Acetivibrionaceae,Acetobacteraceae,Acetohalobiaceae,Acetomicrobiaceae,Acetonemaceae,Acidaminobacteraceae,Acidibacillaceae,Acidihalobacteraceae,Acidithiobacillaceae,Acidobacteriaceae,Acidulodesulfobacteraceae,Actinomycetaceae,Acutalibacteraceae,Aeribacillaceae,Aerococcaceae,Aeromonadaceae,Aestuariirhabdaceae,Ahniellaceae,Alcanivoracaceae,Algiphilaceae,Alicyclobacillaceae,Alkalibacillaceae,Alkalibacteraceae,Alkalispirochaetaceae,Alteromonadaceae,Aminiphilaceae,Aminobacteriaceae,Ammonificaceae,Amphibacillaceae,Anaerobacillaceae,Anaerohalosphaeraceae,Anaerolineaceae,Anaeromusaceae,Anaeromyxobacteraceae,Anaerotignaceae,Anaerovoracaceae,Anammoxibacteraceae,Ancalomicrobiaceae,Aneurinibacillaceae,Anoxybacillaceae,Aquaspirillaceae,Aquicultoraceae,Aquificaceae,Aquisalimonadaceae,Arcobacteraceae,Auribacteraceae,Azospirillaceae,B11-G9,B130-G9,B1SED10-159,B1SED10-174,B28-G17,B3-G13,B3-G15,B3-LCP,B5-G15,B62-G9,B64-G9,B68-G9,BB28,BH030062,BICA1-8,BJHT01,BM714,BMS3Abin05,BMS3BBIN04,BW-2,Bacillaceae,Bacillaceae_B,Bacillaceae_C,Bacillaceae_D,Bacillaceae_F,Bacillaceae_G,Bacillaceae_H,Bacillaceae_I,Bacillaceae_J,Bacillaceae_L,Bacillaceae_N,Bacillaceae_O,Bacteriovoracaceae,Balneolaceae,Baltobacteraceae,Bdellovibrionaceae,Beijerinckiaceae,Berkiellaceae,Bog-1112,Borreliaceae,Brachyspiraceae,Bradymonadaceae,Brevibacillaceae,Breznakiellaceae,Brocadiaceae,Bryobacteraceae,Bu92,Burkholderiaceae,Burkholderiaceae_A,Burkholderiaceae_B,Burkholderiaceae_C,Burkholderiaceae_D,Butyricicoccaceae,CACIAM-22H2,CACZRW01,CADAEX01,CADDYW01,CAG-138,CAG-239,CAG-272,CAG-274,CAG-382,CAG-74,CAG-977,CAIKXV01,CAIMNF01,CAIMTB01,CAIMUX01,CAIPTA01,CAIRSR01,CAIVHJ01,CAIWAD01,CAIWXX01,CAIXPF01,CAIYQO01,CAIYYI01,CAIYYT01,CAJBBX01,CAJFVJ01,CAJQPC01,CALXOJ01,CALZJG01,CF-72,CGMCC-115125,CR04bin15,CSP1-4,CTSoil-072,CTSoil-080,Caldanaerobiaceae,Caldatribacteriaceae,Caldibacillaceae,Caldicellulosiruptoraceae,Caldicoprobacteraceae,Caldilineaceae,Calditerrivibrionaceae,Calditrichaceae,Calescibacteriaceae,Caloramatoraceae,Caminicellaceae,Campylobacteraceae,Capsulimonadaceae,Carboxydothermaceae,Carnobacteriaceae,Casimicrobiaceae,Casp-alpha2,Caulobacteraceae,Celerinatantimonadaceae,Cellulomonadaceae,Cellulosilyticaceae,Cellvibrionaceae,Ch109,Ch115,Ch29,Chitinibacteraceae,Chitinimonadaceae,Chitinispirillaceae,Christensenellaceae,Chromatiaceae,Chromobacteriaceae,Chrysiogenaceae,Chthoniobacteraceae,Chthonomonadaceae,Clostridiaceae,Cohaesibacteraceae,Competibacteraceae,Cycloclasticaceae,Cyclonatronaceae,DC-out160,DC0425bin3,DP-6,DREG01,DRHE01,DRI-13,DRLW01,DRMK01,DRQF01,DSM-103792,DSM-1321,DSM-13327,DSM-15969,DSM-16500,DSM-18226,DSM-19205,DSM-19610,DSM-21159,DSM-21967,DSM-22653,DSM-24629,DSM-25281,DSM-27016,DSM-28697,DSM-2933,DSM-5069,DSM-6294,DSM-6578,DSM-8532,DTU010,DTU012,DTU013,DTU014,DTU015,DTU022,DTU025,DTU029,DTU030,DTU052,DTU065,DTU073,DTU080,DTU083,DTU084,DTU086,DTU087,DUEN01,DULZ01,DUMB01,DUMC01,DUMJ01,DUMP01,DUMU01,DUMW01,DUPL01,DUSS01,DY22613,DYLW01,Deferribacteraceae,Deferrimicrobiaceae,Deferrisomataceae,Deferrivibrionaceae,Defluviitaleaceae,Dendrosporobacteraceae,Denitrovibrionaceae,Dermatophilaceae,Desulfallaceae,Desulfitibacteraceae,Desulfitobacteriaceae,Desulfocucumaceae,Desulfofarciminaceae,Desulfohalotomaculaceae,Desulforudaceae,Desulfotomaculaceae,Desulfovirgulaceae,Desulfurellaceae,Desulfuribacillaceae,Desulfurobacteriaceae,Dethiobacteraceae,Dethiosulfovibrionaceae,Devosiaceae,Domibacillaceae,Dongiaceae,E44-bin32,Ectothiorhodospiraceae,Effusibacillaceae,Elsteraceae,Emcibacteraceae,Endozoicomonadaceae,Enterobacteriaceae,Enterococcaceae,EnvOPS12,Erysipelotrichaceae,Ethanoligenenaceae,Eubacteriaceae,Euzebyaceae,Exiguobacteraceae,F1-140-MAGs086,FEB-12,FEN-1099,FEN-1173,FEN-1343,FEN-1346,FW602-bin22,Fen-1088,Fen-1342,Fen-1364,Ferrovaceae,Ferrovibrionaceae,Fervidobacteriaceae,Fibrobacteraceae,Fictibacillaceae,Filifactoraceae,Fimbriimonadaceae,Flavobacteriaceae,Fusobacteriaceae,GBS-1,GBS-DC,GCA-001735895,GCA-002684695,GCA-002686595,GCA-002687715,GCA-002748355,GCA-002770795,GCA-2400775,GCA-2687025,GCA-2689995,GCA-2696645,GCA-2717185,GCA-2729495,GCA-2731375,GCA-2746155,GCA-2746185,GCA-2746255,GCA-2746425,GCA-2753255,GCA-2862545,GCA-2863065,GCF-002020875,GRL18,GWA2-58-10,GWC2-71-9,GWE2-31-10,GWF1-51-8,GWF2-35-9,GWF2-45-14,Ga007554,Ga0077523,Ga0077536,Ga0077539,Gaiellaceae,Gallaecimonadaceae,Gallionellaceae,Garciellaceae,Gastranaerophilaceae,Geminicoccaceae,Gemmataceae,Gemmatimonadaceae,Geodermatophilaceae,Gottschalkiaceae,Granulosicoccaceae,HB172195,HGW-17,HLUCCA01,HRBIN16,HRBIN17,HRBIN21,HRBIN32,HTCC2089,Halanaerobiaceae,Halarsenatibacteraceae,Haliangiaceae,Halieaceae,Halobacillaceae,Halobacteroidaceae,Halomonadaceae,Halorhodospiraceae,Halothiobacillaceae,Helicobacteraceae,Heliobacteriaceae,Hippeaceae,Holophagaceae,Humimicrobiaceae,HyVt-429,Hydrogenimonadaceae,Hydrogenobaculaceae,Hydrogenothermaceae,Hyphomonadaceae,IMCC2047,Ignavibacteriaceae,Ilumatobacteraceae,Immundisolibacteraceae,Inquilinaceae,J004,J009,J042,J044,J045,J058,J090,J093,J111,J153,JAABTG01,JAABVY01,JAACEH01,JAADGQ01,JAADHS01,JAAXVQ01,JAAYCJ01,JAAYKL01,JAAYNZ01,JAAYPU01,JAAYUW01,JAAZEB01,JAAZLZ01,JAAZOE01,JABCZZ01,JABDDW01,JABDJQ01,JABDKV01,JABDQX01,JABEVD01,JABEVK01,JABHGC01,JABLXB01,JABLXJ01,JABLXN01,JABUFB01,JABWBI01,JACCZL01,JACDGC01,JACDOC01,JACIZP01,JACKCT01,JACNKJ01,JACNLC01,JACPQY01,JACQFD01,JACQKK01,JACRMM01,JACZUZ01,JADGCH01,JADJEK01,JADJMO01,JADJPG01,JADJWH01,JADMJV01,JADQBR01,JAEUIK01,JAEULC01,JAEUOS01,JAEUWI01,JAFGCY01,JAFGDQ01,JAFGJZ01,JAFGRV01,JAFGTP01,JAFLCA01,JAFLJP01,JAFNAJ01,JAGQZY01,JAHJOQ01,JAHJQQ01,JAHJRI01,JAHRWD01,JAJFHC01,JAJFLO01,JAJPHF01,JAJPIJ01,JAJRUJ01,JAJTBE01,JAJYTV01,JAJYVN01,JAJZPE01,JAJZQI01,JAKAFK01,JAKASW01,JAKLHH01,JAMPXM01,JANLFN01,JC228,JCM-10596,Jeotgalibacillaceae,K13,Kangiellaceae,Ketobacteraceae,Kiloniellaceae,Kineococcaceae,Koleobacteraceae,Kordiimonadaceae,Koribacteraceae,Krumholzibacteriaceae,Kryptoniaceae,Kyrpidiaceae,LMEP-6097,LZORAL124-64-63,Lachnospiraceae,Lacipirellulaceae,Lactobacillaceae,Latescibacteraceae,Leeiaceae,Legionellaceae,Lentisphaeraceae,Leptonemataceae,Leptospiraceae,Leptospirillaceae,Limnochordaceae,Litoricolaceae,Lutisporaceae,MES13,MWEM01,Magnetaquicoccaceae,Magnetococcaceae,Magnetospirillaceae,Magnetovibrionaceae,Mahellaceae,Maricaulaceae,Marinococcaceae,Marinomonadaceae,Mariprofundaceae,Marispirochaetaceae,Massilibacillaceae,Melioribacteraceae,Mesoaciditogaceae,Methylococcaceae,Methylomonadaceae,Methylophagaceae,Methylophilaceae,Methylopilaceae,Methylothermaceae,Micavibrionaceae,Micrococcaceae,Micromonosporaceae,Micropepsaceae,Microtrichaceae,Midichloriaceae,Miltoncostaeaceae,Minwuiaceae,Moorellaceae,Moraxellaceae,Moritellaceae,Motilibacteraceae,Mucispirillaceae,Muirbacteriaceae,Myxococcaceae,NAC60-12,NBRC-103111,NGM72-4,NICIL-2,Nannocystaceae,Nap2-2B,Natranaerobiaceae,Natronincolaceae,Natronogracilivirgulaceae,Natronospirillaceae,Nautiliaceae,Neiellaceae,Nevskiaceae,Nitratiruptoraceae,Nitriliruptoraceae,Nitrincolaceae,Nitrococcaceae,Nitrosococcaceae,Nitrosomonadaceae,Nocardioidaceae,OLB16,OMII01,OSC116,Oceanibaculaceae,Oceanococcaceae,Oleiphilaceae,Oligoflexaceae,Opitutaceae,Oscillospiraceae,Oxobacteraceae,Ozemobacteraceae,PGXB01,PH28-bin88,PHBI01,PNKZ01,PR03,PUMD01,PWMO01,PWPN01,PWPR01,PWYM01,PXBQ01,Paenibacillaceae,Palsa-1104,Palsa-1178,Palsa-1400,Palsa-688,Pan216,Parvibaculaceae,Parvularculaceae,Pelotomaculaceae,Peptostreptococcaceae,Petrotogaceae,Phreatobacteraceae,Phycisphaeraceae,Pirellulaceae,Piscirickettsiaceae,Planctomycetaceae,Planococcaceae,Pleomorphomonadaceae,Polarisedimenticolaceae,Polyangiaceae,Pontiellaceae,Porticoccaceae,Propionisporaceae,Proteiniboraceae,Proteinivoraceae,Pseudohongiellaceae,Pseudomonadaceae,Pseudonocardiaceae,Psychrobiaceae,Psychromonadaceae,Puniceispirillaceae,Pyrinomonadaceae,QNDG01,QNZT01,QOAS01,QPJT01,QZLD01,Quadrisphaeraceae,RAAP-2,RAOX-1,RBC074,RBG-13-55-18,RBG-16-58-11,RBG-16-71-46,RFNS01,RFPC01,RGIG9151,RGVZ01,RGZA01,RGZZ01,RI-55,RPPD01,RPQS01,RS24,RSA5,RSA9,RUG14156,Reconciliibacillaceae,Rectinemataceae,Rhizobiaceae,Rhodanobacteraceae,Rhodobacteraceae,Rhodobiaceae,Rhodocyclaceae,Rhodospirillaceae,Rhodothalassiaceae,Rhodothermaceae,Rhodovibrionaceae,Ruminococcaceae,S012-40,S143-82,S145-22,SA4,SCN-69-37,SCOH01,SCQP01,SCRA01,SCSIO-06110,SG8-11,SG8-39,SG8-4,SG8-41,SHVZ01,SHXO01,SIBE01,SIT17,SK-Y3,SKKC01,SKNC01,SLAA01,SLHB01,SLMV01,SLND01,SLST01,SLTJ01,SM1A02,SM23-30,SM23-32,SM23-33,SMXQ01,SORT01,SURF-12,SURF-5,SV1-B22,SXON01,SXRF01,SXTU01,SZUA-140,SZUA-149,SZUA-152,SZUA-21,SZUA-229,SZUA-336,SZUA-35,SZUA-371,SZUA-545,SZUA-567,SZUA-584,SZUA-6,SZUA-76,Salinibacteraceae,Salinisphaeraceae,Salinispiraceae,Salisediminibacteriaceae,Sandaracinaceae,SbA1,Scalinduaceae,Sedimentibacteraceae,Sedimenticolaceae,Sediminispirochaetaceae,Selenomonadaceae,Shewanellaceae,Silvanigrellaceae,Sneathiellaceae,Solirubrobacteraceae,Sphingomonadaceae,Spirochaetaceae_B,Spongiibacteraceae,Sporanaerobacteraceae,Sporolactobacillaceae,Sporomusaceae,Stappiaceae,Stellaceae,Steroidobacteraceae,Streptosporangiaceae,Succinivibrionaceae,Sulfobacillaceae,Sulfuricellaceae,Sulfuriferulaceae,Sulfurimonadaceae,Sulfurospirillaceae,Symbiobacteriaceae,Synergistaceae,Syntrophobotulaceae,Syntrophomonadaceae,Syntrophorhabdaceae,Syntrophothermaceae,T1SED10-28,T1Sed10-126,T3Sed10-11,TH1-2,TK06,TMED127,TMED2,TS1B11,Tenderiaceae,Tepidamorphaceae,Tepidanaerobacteraceae,Tepidibacillaceae,Tepidiformaceae,Tepidimicrobiaceae,Tepidisphaeraceae,Terasakiellaceae,Terrimicrobiaceae,Thalassobaculaceae,Thalassospiraceae,Tharpellaceae,Thermacetogeniaceae,Thermaerobacteraceae,Thermoanaerobacteraceae,Thermodesulfobiaceae,Thermoguttaceae,Thermohalobacteraceae,Thermoleophilaceae,Thermomicrobiaceae,Thermosediminibacteraceae,Thermosinaceae,Thermosulfidibacteraceae,Thermosynergistaceae,Thermotaleaceae,Thermotogaceae,Thermovirgaceae,Thioalkalivibrionaceae,Thiobacillaceae,Thiohalobacteraceae,Thiohalomonadaceae,Thiomicrospiraceae,Thiovulaceae,Tindalliaceae,Tissierellaceae,Tissierellaceae_A,Tissierellaceae_B,Tissierellaceae_C,Tistrellaceae,Treponemataceae,Tumebacillaceae,Turneriellaceae,UB4802,UBA10030,UBA1018,UBA10575,UBA10806,UBA1096,UBA10988,UBA1100,UBA1113,UBA11236,UBA11320,UBA11346,UBA11358,UBA11657,UBA1172,UBA12015,UBA12059,UBA12178,UBA12225,UBA12420,UBA12454,UBA1319,UBA1321,UBA1381,UBA1444,UBA1532,UBA1609,UBA1845,UBA1877,UBA1908,UBA1924,UBA2020,UBA2136,UBA2165,UBA2242,UBA2268,UBA2385,UBA2386,UBA2392,UBA2394,UBA2428,UBA2466,UBA2595,UBA2780,UBA2964,UBA2966,UBA2968,UBA2979,UBA2999,UBA3002,UBA3065,UBA3067,UBA3941,UBA4045,UBA4055,UBA4068,UBA4093,UBA4151,UBA4427,UBA4486,UBA4575,UBA4823,UBA4971,UBA5070,UBA5301,UBA5335,UBA5352,UBA5368,UBA5500,UBA5518,UBA5550,UBA5734,UBA5745,UBA5793,UBA5829,UBA5861,UBA5962,UBA6016,UBA6077,UBA6099,UBA6156,UBA6191,UBA6429,UBA6503,UBA6522,UBA6615,UBA6663,UBA6769,UBA6776,UBA6901,UBA6906,UBA6911,UBA6930,UBA6960,UBA7434,UBA7540,UBA7541,UBA7694,UBA7701,UBA796,UBA8154,UBA8190,UBA8199,UBA8231,UBA8346,UBA8349,UBA8363,UBA8366,UBA840,UBA8401,UBA8477,UBA9215,UBA9216,UBA9219,UBA9220,UBA923,UBA929,UBA9464,UBA961,UBA9615,UBA9662,UBA994,UBA9968,UBA9971,UBA998,UBA9980,UM-FILTER-46-8,UMGS1260,UMGS416,UTPLA1,UTPRO1,UWMA-0217,UXAT02,Usitatibacteraceae,VBWC01,VENG01,VGDC01,VGJW01,VGOW01,VGSZ01,Vagococcaceae,Vallitaleaceae,Vampirovibrionaceae,Verruco-01,Vibrionaceae,Vicinamibacteraceae,WCHB1-27,WJJG01,WJJR01,WJKA01,WJMI01,WMHbin7,WQUN01,WQYP01,WRAA01,WRAX01,WRBN01,WRFX01,WRIO01,WSZJ01,WYAZ01,WYBJ01,Wenzhouxiangellaceae,Woeseiaceae,XN24,XYA12-FULL-58-9,XYD2-FULL-50-16,Xanthobacteraceae,Xanthomonadaceae,Xylanivirgaceae,YIM-B00363,ZC4RG38,ZCTH02-B6,Zavarziniaceae,Zgenome-0027,Zhaonellaceae,Zooshikellaceae,Zrk34
flagella_only	990	2-02-FULL-58-16,2-02-FULL-58-16_A,2-12-FULL-62-27,20CM-2-55-15,21-64-14,33-17,40CM-4-68-19,4484-171,4484-95,4572-78,70-9,AAA164-E04,AABM5-125-24,AE-B3A,AK92,AKS1,ARS1246,ATM1,Acanthopleuribacteraceae,Acetivibrionaceae,Acetobacteraceae,Acetohalobiaceae,Acetomicrobiaceae,Acetonemaceae,Acidaminobacteraceae,Acidibacillaceae,Acidihalobacteraceae,Acidithiobacillaceae,Acidobacteriaceae,Acidulodesulfobacteraceae,Actinomycetaceae,Acutalibacteraceae,Aeribacillaceae,Aerococcaceae,Aeromonadaceae,Aestuariirhabdaceae,Ahniellaceae,Alcanivoracaceae,Algiphilaceae,Alicyclobacillaceae,Alkalibacillaceae,Alkalibacteraceae,Alkalispirochaetaceae,Alteromonadaceae,Aminiphilaceae,Aminobacteriaceae,Ammonificaceae,Amphibacillaceae,Anaerobacillaceae,Anaerohalosphaeraceae,Anaerolineaceae,Anaeromusaceae,Anaeromyxobacteraceae,Anaerotignaceae,Anaerovoracaceae,Anammoxibacteraceae,Ancalomicrobiaceae,Aneurinibacillaceae,Anoxybacillaceae,Aquaspirillaceae,Aquicultoraceae,Aquificaceae,Aquisalimonadaceae,Arcobacteraceae,Auribacteraceae,Azospirillaceae,B11-G9,B130-G9,B1SED10-159,B1SED10-174,B28-G17,B3-G13,B3-G15,B3-LCP,B5-G15,B62-G9,B64-G9,B68-G9,BB28,BH030062,BICA1-8,BJHT01,BM714,BMS3Abin05,BMS3BBIN04,BW-2,Bacillaceae,Bacillaceae_B,Bacillaceae_C,Bacillaceae_D,Bacillaceae_F,Bacillaceae_G,Bacillaceae_H,Bacillaceae_I,Bacillaceae_J,Bacillaceae_L,Bacillaceae_N,Bacillaceae_O,Bacteriovoracaceae,Balneolaceae,Baltobacteraceae,Bdellovibrionaceae,Beijerinckiaceae,Berkiellaceae,Bog-1112,Borreliaceae,Brachyspiraceae,Bradymonadaceae,Brevibacillaceae,Breznakiellaceae,Brocadiaceae,Bryobacteraceae,Bu92,Burkholderiaceae,Burkholderiaceae_A,Burkholderiaceae_B,Burkholderiaceae_C,Burkholderiaceae_D,Butyricicoccaceae,CACIAM-22H2,CACZRW01,CADAEX01,CADDYW01,CAG-138,CAG-239,CAG-272,CAG-274,CAG-382,CAG-74,CAG-977,CAIKXV01,CAIMNF01,CAIMTB01,CAIMUX01,CAIPTA01,CAIRSR01,CAIVHJ01,CAIWAD01,CAIWXX01,CAIXPF01,CAIYQO01,CAIYYI01,CAIYYT01,CAJBBX01,CAJFVJ01,CAJQPC01,CALXOJ01,CALZJG01,CF-72,CGMCC-115125,CR04bin15,CSP1-4,CSP1-6,CTSoil-072,CTSoil-080,Caldanaerobiaceae,Caldatribacteriaceae,Caldibacillaceae,Caldicellulosiruptoraceae,Caldicoprobacteraceae,Caldilineaceae,Calditerrivibrionaceae,Calditrichaceae,Calescibacteriaceae,Caloramatoraceae,Caminicellaceae,Campylobacteraceae,Capsulimonadaceae,Carboxydothermaceae,Carnobacteriaceae,Casimicrobiaceae,Casp-alpha2,Caulobacteraceae,Celerinatantimonadaceae,Cellulomonadaceae,Cellulosilyticaceae,Cellvibrionaceae,Ch109,Ch115,Ch29,Chitinibacteraceae,Chitinimonadaceae,Chitinispirillaceae,Christensenellaceae,Chromatiaceae,Chromobacteriaceae,Chrysiogenaceae,Chthoniobacteraceae,Chthonomonadaceae,Clostridiaceae,Cohaesibacteraceae,Competibacteraceae,Cycloclasticaceae,Cyclonatronaceae,DC-out160,DC0425bin3,DP-6,DREG01,DRHE01,DRI-13,DRLW01,DRMK01,DRQE01,DRQF01,DSM-103792,DSM-1321,DSM-13327,DSM-15969,DSM-16500,DSM-18226,DSM-19205,DSM-19610,DSM-21159,DSM-21967,DSM-22653,DSM-24629,DSM-25281,DSM-27016,DSM-28697,DSM-2933,DSM-5069,DSM-6294,DSM-6578,DSM-8532,DTU010,DTU012,DTU013,DTU014,DTU015,DTU022,DTU025,DTU029,DTU030,DTU052,DTU065,DTU073,DTU080,DTU083,DTU084,DTU086,DTU087,DUEN01,DULZ01,DUMB01,DUMC01,DUMJ01,DUMP01,DUMU01,DUMW01,DUPL01,DUSS01,DY22613,DYLW01,Deferribacteraceae,Deferrimicrobiaceae,Deferrisomataceae,Deferrivibrionaceae,Defluviitaleaceae,Dendrosporobacteraceae,Denitrovibrionaceae,Dermatophilaceae,Desulfallaceae,Desulfitibacteraceae,Desulfitobacteriaceae,Desulfocucumaceae,Desulfofarciminaceae,Desulfohalotomaculaceae,Desulforudaceae,Desulfotomaculaceae,Desulfovirgulaceae,Desulfurellaceae,Desulfuribacillaceae,Desulfurobacteriaceae,Dethiobacteraceae,Dethiosulfovibrionaceae,Devosiaceae,Dissulfurispiraceae,Domibacillaceae,Dongiaceae,E44-bin32,Ectothiorhodospiraceae,Effusibacillaceae,Elsteraceae,Emcibacteraceae,Endozoicomonadaceae,Enterobacteriaceae,Enterococcaceae,EnvOPS12,Erysipelotrichaceae,Ethanoligenenaceae,Eubacteriaceae,Euzebyaceae,Exiguobacteraceae,F1-140-MAGs086,FEB-12,FEN-1099,FEN-1173,FEN-1343,FEN-1346,FW602-bin22,Fen-1088,Fen-1342,Fen-1364,Ferrovaceae,Ferrovibrionaceae,Fervidobacteriaceae,Fibrobacteraceae,Fictibacillaceae,Filifactoraceae,Fimbriimonadaceae,Flavobacteriaceae,Fusobacteriaceae,GBS-1,GBS-DC,GCA-001735895,GCA-002684695,GCA-002686595,GCA-002687715,GCA-002748355,GCA-002770795,GCA-2400775,GCA-2687025,GCA-2689995,GCA-2696645,GCA-2717185,GCA-2729495,GCA-2731375,GCA-2746155,GCA-2746185,GCA-2746255,GCA-2746425,GCA-2753255,GCA-2862545,GCA-2863065,GCF-002020875,GRL18,GWA2-58-10,GWC2-42-11,GWC2-55-46,GWC2-71-9,GWE2-31-10,GWF1-51-8,GWF2-35-9,GWF2-45-14,Ga007554,Ga0077523,Ga0077536,Ga0077539,Gaiellaceae,Gallaecimonadaceae,Gallionellaceae,Garciellaceae,Gastranaerophilaceae,Geminicoccaceae,Gemmataceae,Gemmatimonadaceae,Geodermatophilaceae,Gottschalkiaceae,Granulosicoccaceae,HB172195,HDB-SIOI813,HGW-17,HLUCCA01,HRBIN16,HRBIN17,HRBIN21,HRBIN32,HTCC2089,Halanaerobiaceae,Halarsenatibacteraceae,Haliangiaceae,Halieaceae,Halobacillaceae,Halobacteroidaceae,Halomonadaceae,Halorhodospiraceae,Halothiobacillaceae,Helicobacteraceae,Heliobacteriaceae,Hippeaceae,Holophagaceae,Humimicrobiaceae,HyVt-429,Hydrogenimonadaceae,Hydrogenobaculaceae,Hydrogenothermaceae,Hyphomonadaceae,IMCC2047,Ignavibacteriaceae,Ilumatobacteraceae,Immundisolibacteraceae,Inquilinaceae,J004,J009,J042,J044,J045,J058,J061,J090,J093,J111,J153,JAABTG01,JAABVY01,JAACEH01,JAADGQ01,JAADHI01,JAADHS01,JAAXVQ01,JAAYCJ01,JAAYKL01,JAAYNZ01,JAAYPU01,JAAYUW01,JAAZEB01,JAAZLZ01,JAAZOE01,JABCZZ01,JABDDW01,JABDJQ01,JABDKV01,JABDQX01,JABEVD01,JABEVK01,JABHGC01,JABLXB01,JABLXJ01,JABLXN01,JABUFB01,JABWBI01,JACCZL01,JACDGC01,JACDOC01,JACIZP01,JACKCT01,JACNKJ01,JACNLC01,JACQBW01,JACQFD01,JACQKK01,JACRMM01,JACZUZ01,JADFVP01,JADGCH01,JADJEK01,JADJMO01,JADJPG01,JADJWH01,JADMJV01,JADQBR01,JAEUIK01,JAEULC01,JAEUOS01,JAEUWI01,JAFGCY01,JAFGDQ01,JAFGJZ01,JAFGRV01,JAFGTP01,JAFLCA01,JAFLJP01,JAFNAJ01,JAGQZY01,JAHJOQ01,JAHJQQ01,JAHJRI01,JAHRWD01,JAJFHC01,JAJFLO01,JAJPHF01,JAJPIJ01,JAJRUJ01,JAJRXV01,JAJTBE01,JAJYTV01,JAJYVN01,JAJZPE01,JAJZQI01,JAKAFK01,JAKASW01,JAKLHH01,JAMPXM01,JANLFN01,JC228,JCM-10596,JdFR-85,JdFR-88,Jeotgalibacillaceae,K13,Kangiellaceae,Ketobacteraceae,Kiloniellaceae,Kineococcaceae,Koleobacteraceae,Kordiimonadaceae,Koribacteraceae,Krumholzibacteriaceae,Kryptoniaceae,Kyrpidiaceae,LMEP-6097,LZORAL124-64-63,Lachnospiraceae,Lacipirellulaceae,Lactobacillaceae,Latescibacteraceae,Leeiaceae,Legionellaceae,Lentisphaeraceae,Leptonemataceae,Leptospiraceae,Leptospirillaceae,Limnochordaceae,Litoricolaceae,Lutisporaceae,MES13,MWEM01,Magnetaquicoccaceae,Magnetobacteriaceae,Magnetococcaceae,Magnetospirillaceae,Magnetovibrionaceae,Mahellaceae,Manganitrophaceae,Maricaulaceae,Marinococcaceae,Marinomonadaceae,Mariprofundaceae,Marispirochaetaceae,Massilibacillaceae,Melioribacteraceae,Mesoaciditogaceae,Methylococcaceae,Methylomirabilaceae,Methylomonadaceae,Methylophagaceae,Methylophilaceae,Methylopilaceae,Methylothermaceae,Micavibrionaceae,Micrococcaceae,Micromonosporaceae,Micropepsaceae,Microtrichaceae,Midichloriaceae,Miltoncostaeaceae,Minwuiaceae,Moorellaceae,Moraxellaceae,Moritellaceae,Motilibacteraceae,Mucispirillaceae,Muirbacteriaceae,Myxococcaceae,NAC60-12,NBRC-103111,NGM72-4,NICIL-2,Nannocystaceae,Nap2-2B,Natranaerobiaceae,Natronincolaceae,Natronogracilivirgulaceae,Natronospirillaceae,Nautiliaceae,Neiellaceae,Nevskiaceae,Nitratiruptoraceae,Nitriliruptoraceae,Nitrincolaceae,Nitrococcaceae,Nitrosococcaceae,Nitrosomonadaceae,Nitrospiraceae,Nocardioidaceae,OLB16,OMII01,OSC116,Oceanibaculaceae,Oceanococcaceae,Oleiphilaceae,Oligoflexaceae,Opitutaceae,Oscillospiraceae,Oxobacteraceae,Ozemobacteraceae,PGXB01,PH28-bin88,PHBI01,PNKZ01,PR03,PUMD01,PWMO01,PWPN01,PWPR01,PWYM01,PXBQ01,Paenibacillaceae,Palsa-1104,Palsa-1178,Palsa-1400,Palsa-688,Pan216,Parvibaculaceae,Parvularculaceae,Pelotomaculaceae,Peptostreptococcaceae,Petrotogaceae,Phreatobacteraceae,Phycisphaeraceae,Pirellulaceae,Piscirickettsiaceae,Planctomycetaceae,Planococcaceae,Pleomorphomonadaceae,Polarisedimenticolaceae,Polyangiaceae,Pontiellaceae,Porticoccaceae,Propionisporaceae,Proteiniboraceae,Proteinivoraceae,Pseudohongiellaceae,Pseudomonadaceae,Pseudonocardiaceae,Psychrobiaceae,Psychromonadaceae,Puniceispirillaceae,Pyrinomonadaceae,QNDG01,QNZT01,QOAS01,QPJT01,QZLD01,Quadrisphaeraceae,RAAP-2,RAOX-1,RBC074,RBG-13-43-22,RBG-13-55-18,RBG-16-58-11,RBG-16-64-22,RBG-16-71-46,RFNS01,RFPC01,RGIG9151,RGVZ01,RGZA01,RGZZ01,RI-55,RPPD01,RPQS01,RS24,RSA5,RSA9,RUG14156,Reconciliibacillaceae,Rectinemataceae,Rhizobiaceae,Rhodanobacteraceae,Rhodobacteraceae,Rhodobiaceae,Rhodocyclaceae,Rhodospirillaceae,Rhodothalassiaceae,Rhodothermaceae,Rhodovibrionaceae,Ruminococcaceae,S012-40,S143-82,SA4,SBBA01,SCN-69-37,SCOH01,SCQP01,SCRA01,SCSIO-06110,SG8-11,SG8-39,SG8-4,SG8-41,SHVZ01,SHXO01,SIBE01,SIT17,SK-Y3,SKKC01,SKNC01,SLAA01,SLHB01,SLMV01,SLND01,SLST01,SLTJ01,SM1A02,SM23-30,SM23-32,SM23-33,SM23-35,SMXQ01,SORT01,SURF-12,SURF-5,SV1-B22,SXON01,SXRF01,SXTU01,SZUA-140,SZUA-149,SZUA-152,SZUA-21,SZUA-229,SZUA-336,SZUA-35,SZUA-371,SZUA-545,SZUA-567,SZUA-584,SZUA-6,SZUA-76,Salinibacteraceae,Salinisphaeraceae,Salinispiraceae,Salisediminibacteriaceae,Sandaracinaceae,SbA1,Scalinduaceae,Sedimentibacteraceae,Sedimenticolaceae,Sediminispirochaetaceae,Selenomonadaceae,Shewanellaceae,Silvanigrellaceae,Sneathiellaceae,Solirubrobacteraceae,Sphingomonadaceae,Spirochaetaceae_B,Spongiibacteraceae,Sporanaerobacteraceae,Sporolactobacillaceae,Sporomusaceae,Stappiaceae,Stellaceae,Steroidobacteraceae,Streptosporangiaceae,Succinivibrionaceae,Sulfobacillaceae,Sulfuricellaceae,Sulfuriferulaceae,Sulfurimonadaceae,Sulfurospirillaceae,Symbiobacteriaceae,Synergistaceae,Syntrophobotulaceae,Syntrophomonadaceae,Syntrophorhabdaceae,Syntrophothermaceae,T1SED10-28,T1Sed10-126,T3Sed10-11,TH1-2,TK06,TMED127,TMED2,TS1B11,Tenderiaceae,Tepidamorphaceae,Tepidanaerobacteraceae,Tepidibacillaceae,Tepidiformaceae,Tepidimicrobiaceae,Tepidisphaeraceae,Terasakiellaceae,Terrimicrobiaceae,Thalassobaculaceae,Thalassospiraceae,Thermacetogeniaceae,Thermaerobacteraceae,Thermoanaerobacteraceae,Thermodesulfobiaceae,Thermodesulfovibrionaceae,Thermoguttaceae,Thermohalobacteraceae,Thermoleophilaceae,Thermomicrobiaceae,Thermosediminibacteraceae,Thermosinaceae,Thermosulfidibacteraceae,Thermosynergistaceae,Thermotaleaceae,Thermotogaceae,Thermovirgaceae,Thioalkalivibrionaceae,Thiobacillaceae,Thiohalobacteraceae,Thiohalomonadaceae,Thiomicrospiraceae,Thiovulaceae,Tindalliaceae,Tissierellaceae,Tissierellaceae_A,Tissierellaceae_B,Tissierellaceae_C,Tistrellaceae,Treponemataceae,Tumebacillaceae,Turneriellaceae,UB4802,UBA10030,UBA1018,UBA10575,UBA10806,UBA1096,UBA10988,UBA1100,UBA1113,UBA11236,UBA11320,UBA11346,UBA11358,UBA11657,UBA1172,UBA12015,UBA12059,UBA12178,UBA12225,UBA12420,UBA12454,UBA1319,UBA1321,UBA1381,UBA1444,UBA1532,UBA1609,UBA1845,UBA1877,UBA1908,UBA1924,UBA2020,UBA2136,UBA2165,UBA2242,UBA2268,UBA2385,UBA2386,UBA2392,UBA2394,UBA2428,UBA2466,UBA2595,UBA2780,UBA2964,UBA2966,UBA2968,UBA2979,UBA2999,UBA3002,UBA3065,UBA3067,UBA3941,UBA4045,UBA4055,UBA4068,UBA4093,UBA4151,UBA4427,UBA4486,UBA4575,UBA4823,UBA4971,UBA5070,UBA5301,UBA5335,UBA5352,UBA5368,UBA5500,UBA5518,UBA5550,UBA5734,UBA5745,UBA5793,UBA5829,UBA5861,UBA5962,UBA6016,UBA6077,UBA6099,UBA6156,UBA6191,UBA6429,UBA6503,UBA6522,UBA6615,UBA6663,UBA6769,UBA6776,UBA6898,UBA6901,UBA6902,UBA6906,UBA6911,UBA6930,UBA6960,UBA7434,UBA7540,UBA7541,UBA7694,UBA7701,UBA796,UBA8154,UBA8190,UBA8199,UBA8231,UBA8248,UBA8346,UBA8349,UBA8363,UBA8366,UBA840,UBA8401,UBA8473,UBA8477,UBA8639,UBA9215,UBA9216,UBA9219,UBA9220,UBA923,UBA929,UBA9464,UBA961,UBA9615,UBA9662,UBA994,UBA9968,UBA9971,UBA998,UBA9980,UM-FILTER-46-8,UMGS1260,UMGS416,UTPLA1,UTPRO1,UWMA-0217,UXAT02,Usitatibacteraceae,VBWC01,VENG01,VGDC01,VGJW01,VGOW01,VGSZ01,Vagococcaceae,Vallitaleaceae,Vampirovibrionaceae,Verruco-01,Vibrionaceae,Vicinamibacteraceae,WCHB1-27,WJJG01,WJJR01,WJKA01,WJMI01,WMHbin7,WQUN01,WQYP01,WRAA01,WRAX01,WRBN01,WRFX01,WRIO01,WSZJ01,WYAZ01,WYBJ01,Wenzhouxiangellaceae,Woeseiaceae,XN24,XYA12-FULL-58-9,XYD2-FULL-50-16,Xanthobacteraceae,Xanthomonadaceae,Xylanivirgaceae,YIM-B00363,ZC4RG38,ZCTH02-B6,Zavarziniaceae,Zgenome-0027,Zhaonellaceae,Zooshikellaceae,Zrk34
flagella_only	1007	2-02-FULL-58-16,2-02-FULL-58-16_A,2-12-FULL-62-27,20CM-2-55-15,21-64-14,33-17,40CM-4-68-19,4484-171,4484-95,4572-78,70-9,AAA164-E04,AABM5-125-24,AE-B3A,AK92,AKS1,ARS1246,ATM1,Acanthopleuribacteraceae,Acetivibrionaceae,Acetobacteraceae,Acetohalobiaceae,Acetomicrobiaceae,Acetonemaceae,Acidaminobacteraceae,Acidibacillaceae,Acidihalobacteraceae,Acidithiobacillaceae,Acidobacteriaceae,Acidulodesulfobacteraceae,Actinomycetaceae,Acutalibacteraceae,Aeribacillaceae,Aerococcaceae,Aeromonadaceae,Aestuariirhabdaceae,Ahniellaceae,Alcanivoracaceae,Algiphilaceae,Alicyclobacillaceae,Alkalibacillaceae,Alkalibacteraceae,Alkalispirochaetaceae,Alteromonadaceae,Aminiphilaceae,Aminobacteriaceae,Ammonificaceae,Amphibacillaceae,Anaerobacillaceae,Anaerohalosphaeraceae,Anaerolineaceae,Anaeromusaceae,Anaeromyxobacteraceae,Anaerotignaceae,Anaerovoracaceae,Anammoxibacteraceae,Ancalomicrobiaceae,Aneurinibacillaceae,Anoxybacillaceae,Aquaspirillaceae,Aquicultoraceae,Aquificaceae,Aquisalimonadaceae,Arcobacteraceae,Auribacteraceae,Azospirillaceae,B11-G9,B130-G9,B1SED10-159,B1SED10-174,B28-G17,B3-G13,B3-G15,B3-LCP,B5-G15,B62-G9,B64-G9,B68-G9,BB28,BH030062,BICA1-8,BJHT01,BM004,BM714,BMS3Abin05,BMS3BBIN04,BW-2,Bacillaceae,Bacillaceae_B,Bacillaceae_C,Bacillaceae_D,Bacillaceae_F,Bacillaceae_G,Bacillaceae_H,Bacillaceae_I,Bacillaceae_J,Bacillaceae_L,Bacillaceae_N,Bacillaceae_O,Bacteriovoracaceae,Balneolaceae,Baltobacteraceae,Bdellovibrionaceae,Beijerinckiaceae,Berkiellaceae,Bog-1112,Borreliaceae,Brachyspiraceae,Bradymonadaceae,Brevibacillaceae,Breznakiellaceae,Brocadiaceae,Bryobacteraceae,Bu92,Burkholderiaceae,Burkholderiaceae_A,Burkholderiaceae_B,Burkholderiaceae_C,Burkholderiaceae_D,Butyricicoccaceae,CACIAM-22H2,CACZRW01,CADAEX01,CADDYW01,CAG-138,CAG-239,CAG-272,CAG-274,CAG-382,CAG-74,CAG-977,CAIKXV01,CAIMNF01,CAIMTB01,CAIMUX01,CAIOGM01,CAIPTA01,CAIRSR01,CAIVHJ01,CAIWAD01,CAIWXX01,CAIXPF01,CAIYQO01,CAIYYI01,CAIYYT01,CAJBBX01,CAJFVJ01,CAJQPC01,CALXOJ01,CALZJG01,CF-72,CGMCC-115125,CR04bin15,CSP1-4,CSP1-6,CTSoil-072,CTSoil-080,Caldanaerobiaceae,Caldatribacteriaceae,Caldibacillaceae,Caldicellulosiruptoraceae,Caldicoprobacteraceae,Caldilineaceae,Calditerrivibrionaceae,Calditrichaceae,Calescibacteriaceae,Caloramatoraceae,Caminicellaceae,Campylobacteraceae,Capsulimonadaceae,Carboxydothermaceae,Carnobacteriaceae,Casimicrobiaceae,Casp-alpha2,Caulobacteraceae,Celerinatantimonadaceae,Cellulomonadaceae,Cellulosilyticaceae,Cellvibrionaceae,Ch109,Ch115,Ch29,Chitinibacteraceae,Chitinimonadaceae,Chitinispirillaceae,Christensenellaceae,Chromatiaceae,Chromobacteriaceae,Chrysiogenaceae,Chthoniobacteraceae,Chthonomonadaceae,Clostridiaceae,Cohaesibacteraceae,Competibacteraceae,Cycloclasticaceae,Cyclonatronaceae,DC-out160,DC0425bin3,DP-6,DREG01,DRHE01,DRI-13,DRLW01,DRMK01,DRQE01,DRQF01,DSM-103792,DSM-1321,DSM-13327,DSM-15969,DSM-16500,DSM-18226,DSM-19205,DSM-19610,DSM-21159,DSM-21967,DSM-22653,DSM-24629,DSM-25281,DSM-27016,DSM-28697,DSM-2933,DSM-5069,DSM-6294,DSM-6578,DSM-8532,DTU010,DTU012,DTU013,DTU014,DTU015,DTU022,DTU025,DTU029,DTU030,DTU052,DTU065,DTU073,DTU080,DTU083,DTU084,DTU086,DTU087,DUEN01,DULZ01,DUMB01,DUMC01,DUMJ01,DUMP01,DUMU01,DUMW01,DUPL01,DUSS01,DY22613,DYLW01,Deferribacteraceae,Deferrimicrobiaceae,Deferrisomataceae,Deferrivibrionaceae,Defluviitaleaceae,Dendrosporobacteraceae,Denitrovibrionaceae,Dermatophilaceae,Desulfallaceae,Desulfitibacteraceae,Desulfitobacteriaceae,Desulfobulbaceae,Desulfocapsaceae,Desulfocucumaceae,Desulfofarciminaceae,Desulfohalobiaceae,Desulfohalotomaculaceae,Desulforudaceae,Desulfosalsimonadaceae,Desulfotomaculaceae,Desulfovirgulaceae,Desulfurellaceae,Desulfuribacillaceae,Desulfurobacteriaceae,Desulfuromonadaceae,Dethiobacteraceae,Dethiosulfovibrionaceae,Devosiaceae,Dissulfurispiraceae,Domibacillaceae,Dongiaceae,E44-bin32,Ectothiorhodospiraceae,Effusibacillaceae,Elsteraceae,Emcibacteraceae,Endozoicomonadaceae,Enterobacteriaceae,Enterococcaceae,EnvOPS12,Erysipelotrichaceae,Ethanoligenenaceae,Eubacteriaceae,Euzebyaceae,Exiguobacteraceae,F1-140-MAGs086,FEB-12,FEN-1099,FEN-1173,FEN-1343,FEN-1346,FW602-bin22,Fen-1088,Fen-1342,Fen-1364,Ferrovaceae,Ferrovibrionaceae,Fervidobacteriaceae,Fibrobacteraceae,Fictibacillaceae,Filifactoraceae,Fimbriimonadaceae,Flavobacteriaceae,Fusobacteriaceae,GBS-1,GBS-DC,GCA-001735895,GCA-002684695,GCA-002686595,GCA-002687715,GCA-002748355,GCA-002770795,GCA-2400775,GCA-2687025,GCA-2689995,GCA-2696645,GCA-2717185,GCA-2729495,GCA-2731375,GCA-2746155,GCA-2746185,GCA-2746255,GCA-2746425,GCA-2753255,GCA-2862545,GCA-2863065,GCF-002020875,GRL18,GWA2-58-10,GWC2-42-11,GWC2-55-46,GWC2-71-9,GWE2-31-10,GWF1-51-8,GWF2-35-9,GWF2-45-14,Ga007554,Ga0077523,Ga0077536,Ga0077539,Gaiellaceae,Gallaecimonadaceae,Gallionellaceae,Garciellaceae,Gastranaerophilaceae,Geminicoccaceae,Gemmataceae,Gemmatimonadaceae,Geoalkalibacteraceae,Geobacteraceae,Geobacteraceae_A,Geodermatophilaceae,Geopsychrobacteraceae,Geothermobacteraceae,Gottschalkiaceae,Granulosicoccaceae,HB172195,HDB-SIOI813,HGW-17,HLUCCA01,HRBIN16,HRBIN17,HRBIN21,HRBIN32,HTCC2089,Halanaerobiaceae,Halarsenatibacteraceae,Haliangiaceae,Halieaceae,Halobacillaceae,Halobacteroidaceae,Halomonadaceae,Halorhodospiraceae,Halothiobacillaceae,Helicobacteraceae,Heliobacteriaceae,Hippeaceae,Holophagaceae,Humimicrobiaceae,HyVt-429,Hydrogenimonadaceae,Hydrogenobaculaceae,Hydrogenothermaceae,Hyphomonadaceae,IMCC2047,Ignavibacteriaceae,Ilumatobacteraceae,Immundisolibacteraceae,Inquilinaceae,J004,J009,J042,J044,J045,J058,J061,J090,J093,J111,J153,JAABTG01,JAABVY01,JAACEH01,JAADGQ01,JAADHI01,JAADHS01,JAAXVQ01,JAAYCJ01,JAAYDE01,JAAYKL01,JAAYNZ01,JAAYPU01,JAAYUW01,JAAZEB01,JAAZLZ01,JAAZOE01,JABCZZ01,JABDDW01,JABDJQ01,JABDKV01,JABDQX01,JABEVD01,JABEVK01,JABHGC01,JABLXB01,JABLXJ01,JABLXN01,JABUFB01,JABWBI01,JACCZL01,JACDGC01,JACDOC01,JACIZP01,JACKCT01,JACNKJ01,JACNLC01,JACQBW01,JACQFD01,JACQKK01,JACRMM01,JACZUZ01,JADFVP01,JADGCH01,JADJEK01,JADJMO01,JADJPG01,JADJWH01,JADMJV01,JADQBR01,JAEUIK01,JAEULC01,JAEUOS01,JAEUWI01,JAFGCY01,JAFGDQ01,JAFGJZ01,JAFGRV01,JAFGTP01,JAFLCA01,JAFLJP01,JAFNAJ01,JAGQZY01,JAHJOQ01,JAHJQQ01,JAHJRI01,JAHRWD01,JAJFHC01,JAJFLO01,JAJPHF01,JAJPIJ01,JAJRUJ01,JAJRXV01,JAJTBE01,JAJYTV01,JAJYVN01,JAJZPE01,JAJZQI01,JAKAFK01,JAKASW01,JAKLHH01,JAMPXM01,JANLFN01,JC228,JCM-10596,JdFR-85,JdFR-88,Jeotgalibacillaceae,K13,Kangiellaceae,Ketobacteraceae,Kiloniellaceae,Kineococcaceae,Koleobacteraceae,Kordiimonadaceae,Koribacteraceae,Krumholzibacteriaceae,Kryptoniaceae,Kyrpidiaceae,LMEP-6097,LZORAL124-64-63,Lachnospiraceae,Lacipirellulaceae,Lactobacillaceae,Latescibacteraceae,Leeiaceae,Legionellaceae,Lentisphaeraceae,Leptonemataceae,Leptospiraceae,Leptospirillaceae,Limnochordaceae,Litoricolaceae,Lutisporaceae,MES13,MWEM01,Magnetaquicoccaceae,Magnetobacteriaceae,Magnetococcaceae,Magnetospirillaceae,Magnetovibrionaceae,Mahellaceae,Manganitrophaceae,Maricaulaceae,Marinococcaceae,Marinomonadaceae,Mariprofundaceae,Marispirochaetaceae,Massilibacillaceae,Melioribacteraceae,Mesoaciditogaceae,Methylococcaceae,Methylomirabilaceae,Methylomonadaceae,Methylophagaceae,Methylophilaceae,Methylopilaceae,Methylothermaceae,Micavibrionaceae,Micrococcaceae,Micromonosporaceae,Micropepsaceae,Microtrichaceae,Midichloriaceae,Miltoncostaeaceae,Minwuiaceae,Moorellaceae,Moraxellaceae,Moritellaceae,Motilibacteraceae,Mucispirillaceae,Muirbacteriaceae,Myxococcaceae,NAC60-12,NBRC-103111,NGM72-4,NICIL-2,Nannocystaceae,Nap2-2B,Natranaerobiaceae,Natronincolaceae,Natronogracilivirgulaceae,Natronospirillaceae,Nautiliaceae,Neiellaceae,Nevskiaceae,Nitratiruptoraceae,Nitriliruptoraceae,Nitrincolaceae,Nitrococcaceae,Nitrosococcaceae,Nitrosomonadaceae,Nitrospiraceae,Nocardioidaceae,OLB16,OMII01,OSC116,Oceanibaculaceae,Oceanococcaceae,Oleiphilaceae,Oligoflexaceae,Opitutaceae,Oscillospiraceae,Oxobacteraceae,Ozemobacteraceae,PGXB01,PH28-bin88,PHBI01,PNKZ01,PR03,PUMD01,PWMO01,PWPN01,PWPR01,PWYM01,PXBQ01,Paenibacillaceae,Palsa-1104,Palsa-1178,Palsa-1400,Palsa-688,Pan216,Parvibaculaceae,Parvularculaceae,Pelotomaculaceae,Peptostreptococcaceae,Petrotogaceae,Phreatobacteraceae,Phycisphaeraceae,Pirellulaceae,Piscirickettsiaceae,Planctomycetaceae,Planococcaceae,Pleomorphomonadaceae,Polarisedimenticolaceae,Polyangiaceae,Pontiellaceae,Porticoccaceae,Propionisporaceae,Proteiniboraceae,Proteinivoraceae,Pseudohongiellaceae,Pseudomonadaceae,Pseudonocardiaceae,Pseudopelobacteraceae,Psychrobiaceae,Psychromonadaceae,Puniceispirillaceae,Pyrinomonadaceae,QNDG01,QNZT01,QOAS01,QPJT01,QZLD01,Quadrisphaeraceae,RAAP-2,RAOX-1,RBC074,RBG-13-43-22,RBG-13-55-18,RBG-16-58-11,RBG-16-64-22,RBG-16-71-46,RFNS01,RFPC01,RGIG9151,RGVZ01,RGZA01,RGZZ01,RI-55,RPPD01,RPQS01,RS24,RSA5,RSA9,RUG14156,Reconciliibacillaceae,Rectinemataceae,Rhizobiaceae,Rhodanobacteraceae,Rhodobacteraceae,Rhodobiaceae,Rhodocyclaceae,Rhodospirillaceae,Rhodothalassiaceae,Rhodothermaceae,Rhodovibrionaceae,Ruminococcaceae,S012-40,S143-82,SA4,SBBA01,SCN-69-37,SCOH01,SCQP01,SCRA01,SCSIO-06110,SG8-11,SG8-39,SG8-4,SG8-41,SHVZ01,SHXO01,SIBE01,SIT17,SK-Y3,SKKC01,SKNC01,SLAA01,SLHB01,SLMV01,SLND01,SLST01,SLTJ01,SM1A02,SM23-30,SM23-32,SM23-33,SM23-35,SMXQ01,SORT01,SURF-12,SURF-5,SV1-B22,SXON01,SXRF01,SXTU01,SZUA-140,SZUA-149,SZUA-152,SZUA-21,SZUA-229,SZUA-336,SZUA-35,SZUA-371,SZUA-540,SZUA-545,SZUA-567,SZUA-584,SZUA-6,SZUA-76,Salinibacteraceae,Salinisphaeraceae,Salinispiraceae,Salisediminibacteriaceae,Sandaracinaceae,SbA1,Scalinduaceae,Sedimentibacteraceae,Sedimenticolaceae,Sediminispirochaetaceae,Selenomonadaceae,Shewanellaceae,Silvanigrellaceae,Sneathiellaceae,Solirubrobacteraceae,Sphingomonadaceae,Spirochaetaceae_B,Spongiibacteraceae,Sporanaerobacteraceae,Sporolactobacillaceae,Sporomusaceae,Stappiaceae,Stellaceae,Steroidobacteraceae,Streptosporangiaceae,Succinivibrionaceae,Sulfobacillaceae,Sulfuricellaceae,Sulfuriferulaceae,Sulfurimonadaceae,Sulfurospirillaceae,Symbiobacteriaceae,Synergistaceae,Syntrophobotulaceae,Syntrophomonadaceae,Syntrophorhabdaceae,Syntrophotaleaceae,Syntrophothermaceae,T1SED10-28,T1Sed10-126,T3Sed10-11,TH1-2,TK06,TMED127,TMED2,TS1B11,Tenderiaceae,Tepidamorphaceae,Tepidanaerobacteraceae,Tepidibacillaceae,Tepidiformaceae,Tepidimicrobiaceae,Tepidisphaeraceae,Terasakiellaceae,Terrimicrobiaceae,Thalassobaculaceae,Thalassospiraceae,Thermacetogeniaceae,Thermaerobacteraceae,Thermoanaerobacteraceae,Thermodesulfobiaceae,Thermodesulfovibrionaceae,Thermoguttaceae,Thermohalobacteraceae,Thermoleophilaceae,Thermomicrobiaceae,Thermosediminibacteraceae,Thermosinaceae,Thermosulfidibacteraceae,Thermosynergistaceae,Thermotaleaceae,Thermotogaceae,Thermovirgaceae,Thioalkalivibrionaceae,Thiobacillaceae,Thiohalobacteraceae,Thiohalomonadaceae,Thiomicrospiraceae,Thiovulaceae,Tindalliaceae,Tissierellaceae,Tissierellaceae_A,Tissierellaceae_B,Tissierellaceae_C,Tistrellaceae,Treponemataceae,Trichloromonadaceae,Tumebacillaceae,Turneriellaceae,UB4802,UBA10030,UBA1018,UBA10575,UBA10806,UBA1096,UBA10988,UBA1100,UBA1113,UBA11236,UBA11320,UBA11346,UBA11358,UBA11657,UBA1172,UBA12015,UBA12059,UBA12178,UBA12225,UBA12420,UBA12454,UBA1319,UBA1321,UBA1381,UBA1444,UBA1532,UBA1609,UBA1845,UBA1877,UBA1908,UBA1924,UBA2020,UBA2136,UBA2165,UBA2242,UBA2268,UBA2385,UBA2386,UBA2392,UBA2394,UBA2428,UBA2466,UBA2595,UBA2780,UBA2964,UBA2966,UBA2968,UBA2979,UBA2999,UBA3002,UBA3065,UBA3067,UBA3941,UBA4045,UBA4055,UBA4068,UBA4093,UBA4151,UBA4427,UBA4486,UBA4575,UBA4823,UBA4971,UBA5070,UBA5301,UBA5335,UBA5352,UBA5368,UBA5500,UBA5518,UBA5550,UBA5734,UBA5745,UBA5793,UBA5829,UBA5861,UBA5962,UBA6016,UBA6077,UBA6099,UBA6156,UBA6191,UBA6429,UBA6503,UBA6522,UBA6615,UBA6663,UBA6769,UBA6776,UBA6898,UBA6901,UBA6902,UBA6906,UBA6911,UBA6930,UBA6960,UBA7434,UBA7540,UBA7541,UBA7694,UBA7701,UBA796,UBA8154,UBA8190,UBA8199,UBA8231,UBA8248,UBA8346,UBA8349,UBA8363,UBA8366,UBA840,UBA8401,UBA8473,UBA8477,UBA8639,UBA9215,UBA9216,UBA9219,UBA9220,UBA923,UBA929,UBA9464,UBA961,UBA9615,UBA9662,UBA994,UBA9968,UBA9971,UBA998,UBA9980,UM-FILTER-46-8,UMGS1260,UMGS416,UTPLA1,UTPRO1,UWMA-0217,UXAT02,Usitatibacteraceae,VBWC01,VENG01,VGDC01,VGJW01,VGOW01,VGSZ01,Vagococcaceae,Vallitaleaceae,Vampirovibrionaceae,Verruco-01,Vibrionaceae,Vicinamibacteraceae,WCHB1-27,WJJG01,WJJR01,WJKA01,WJMI01,WMHbin7,WQUN01,WQYP01,WRAA01,WRAX01,WRBN01,WRFX01,WRIO01,WSZJ01,WYAZ01,WYBJ01,Wenzhouxiangellaceae,Woeseiaceae,XN24,XYA12-FULL-58-9,XYD2-FULL-50-16,Xanthobacteraceae,Xanthomonadaceae,Xylanivirgaceae,YIM-B00363,ZC4RG38,ZCTH02-B6,Zavarziniaceae,Zgenome-0027,Zhaonellaceae,Zooshikellaceae,Zrk34
flagella_only	1012	2-02-FULL-58-16,2-02-FULL-58-16_A,2-12-FULL-62-27,20CM-2-55-15,21-64-14,33-17,40CM-4-68-19,4484-171,4484-95,4572-78,70-9,AAA164-E04,AABM5-125-24,AE-B3A,AK92,AKS1,ARS1246,ATM1,Acanthopleuribacteraceae,Acetivibrionaceae,Acetobacteraceae,Acetohalobiaceae,Acetomicrobiaceae,Acetonemaceae,Acidaminobacteraceae,Acidibacillaceae,Acidihalobacteraceae,Acidithiobacillaceae,Acidobacteriaceae,Acidulodesulfobacteraceae,Actinomycetaceae,Acutalibacteraceae,Aeribacillaceae,Aerococcaceae,Aeromonadaceae,Aestuariirhabdaceae,Ahniellaceae,Alcanivoracaceae,Algiphilaceae,Alicyclobacillaceae,Alkalibacillaceae,Alkalibacteraceae,Alkalispirochaetaceae,Alteromonadaceae,Aminiphilaceae,Aminobacteriaceae,Ammonificaceae,Amphibacillaceae,Anaerobacillaceae,Anaerohalosphaeraceae,Anaerolineaceae,Anaeromusaceae,Anaeromyxobacteraceae,Anaerotignaceae,Anaerovoracaceae,Anammoxibacteraceae,Ancalomicrobiaceae,Aneurinibacillaceae,Anoxybacillaceae,Aquaspirillaceae,Aquicultoraceae,Aquificaceae,Aquisalimonadaceae,Arcobacteraceae,Auribacteraceae,Azospirillaceae,B11-G9,B130-G9,B1SED10-159,B1SED10-174,B28-G17,B3-G13,B3-G15,B3-LCP,B5-G15,B62-G9,B64-G9,B68-G9,BB28,BH030062,BICA1-8,BJHT01,BM004,BM714,BMS3Abin05,BMS3BBIN04,BW-2,Bacillaceae,Bacillaceae_B,Bacillaceae_C,Bacillaceae_D,Bacillaceae_F,Bacillaceae_G,Bacillaceae_H,Bacillaceae_I,Bacillaceae_J,Bacillaceae_L,Bacillaceae_N,Bacillaceae_O,Bacteriovoracaceae,Balneolaceae,Baltobacteraceae,Bdellovibrionaceae,Beijerinckiaceae,Berkiellaceae,Bog-1112,Borreliaceae,Brachyspiraceae,Bradymonadaceae,Brevibacillaceae,Breznakiellaceae,Brocadiaceae,Bryobacteraceae,Bu92,Burkholderiaceae,Burkholderiaceae_A,Burkholderiaceae_B,Burkholderiaceae_C,Burkholderiaceae_D,Butyricicoccaceae,CACIAM-22H2,CACZRW01,CADAEX01,CADDYW01,CAG-138,CAG-239,CAG-272,CAG-274,CAG-382,CAG-74,CAG-977,CAIKXV01,CAIMNF01,CAIMTB01,CAIMUX01,CAIOGM01,CAIPTA01,CAIRSR01,CAIVHJ01,CAIWAD01,CAIWXX01,CAIXPF01,CAIYQO01,CAIYYI01,CAIYYT01,CAJBBX01,CAJFVJ01,CAJQPC01,CALXOJ01,CALZJG01,CF-72,CGMCC-115125,CR04bin15,CSP1-4,CSP1-6,CTSoil-072,CTSoil-080,Caldanaerobiaceae,Caldatribacteriaceae,Caldibacillaceae,Caldicellulosiruptoraceae,Caldicoprobacteraceae,Caldilineaceae,Calditerrivibrionaceae,Calditrichaceae,Calescibacteriaceae,Caloramatoraceae,Caminicellaceae,Campylobacteraceae,Capsulimonadaceae,Carboxydothermaceae,Carnobacteriaceae,Casimicrobiaceae,Casp-alpha2,Caulobacteraceae,Celerinatantimonadaceae,Cellulomonadaceae,Cellulosilyticaceae,Cellvibrionaceae,Ch109,Ch115,Ch29,Chitinibacteraceae,Chitinimonadaceae,Chitinispirillaceae,Christensenellaceae,Chromatiaceae,Chromobacteriaceae,Chrysiogenaceae,Chthoniobacteraceae,Chthonomonadaceae,Clostridiaceae,Cohaesibacteraceae,Competibacteraceae,Cycloclasticaceae,Cyclonatronaceae,DC-out160,DC0425bin3,DP-6,DREG01,DRHE01,DRI-13,DRLW01,DRMK01,DRQE01,DRQF01,DSM-103792,DSM-1321,DSM-13327,DSM-15969,DSM-16500,DSM-18226,DSM-19205,DSM-19610,DSM-21159,DSM-21967,DSM-22653,DSM-24629,DSM-25281,DSM-27016,DSM-28697,DSM-2933,DSM-5069,DSM-6294,DSM-6578,DSM-8532,DTU010,DTU012,DTU013,DTU014,DTU015,DTU022,DTU025,DTU029,DTU030,DTU052,DTU065,DTU073,DTU080,DTU083,DTU084,DTU086,DTU087,DUEN01,DULZ01,DUMB01,DUMC01,DUMJ01,DUMP01,DUMU01,DUMW01,DUPL01,DUSS01,DY22613,DYLW01,Deferribacteraceae,Deferrimicrobiaceae,Deferrisomataceae,Deferrivibrionaceae,Defluviitaleaceae,Dendrosporobacteraceae,Denitrovibrionaceae,Dermatophilaceae,Desulfallaceae,Desulfitibacteraceae,Desulfitobacteriaceae,Desulfobulbaceae,Desulfocapsaceae,Desulfocucumaceae,Desulfofarciminaceae,Desulfohalobiaceae,Desulfohalotomaculaceae,Desulfomicrobiaceae,Desulfonatronaceae,Desulfonatronovibrionaceae,Desulfonauticaceae,Desulforudaceae,Desulfosalsimonadaceae,Desulfotomaculaceae,Desulfovibrionaceae,Desulfovirgulaceae,Desulfurellaceae,Desulfuribacillaceae,Desulfurobacteriaceae,Desulfuromonadaceae,Dethiobacteraceae,Dethiosulfovibrionaceae,Devosiaceae,Dissulfurispiraceae,Domibacillaceae,Dongiaceae,E44-bin32,Ectothiorhodospiraceae,Effusibacillaceae,Elsteraceae,Emcibacteraceae,Endozoicomonadaceae,Enterobacteriaceae,Enterococcaceae,EnvOPS12,Erysipelotrichaceae,Ethanoligenenaceae,Eubacteriaceae,Euzebyaceae,Exiguobacteraceae,F1-140-MAGs086,FEB-12,FEN-1099,FEN-1173,FEN-1343,FEN-1346,FW602-bin22,Fen-1088,Fen-1342,Fen-1364,Ferrovaceae,Ferrovibrionaceae,Fervidobacteriaceae,Fibrobacteraceae,Fictibacillaceae,Filifactoraceae,Fimbriimonadaceae,Flavobacteriaceae,Fusobacteriaceae,GBS-1,GBS-DC,GCA-001735895,GCA-002684695,GCA-002686595,GCA-002687715,GCA-002748355,GCA-002770795,GCA-2400775,GCA-2687025,GCA-2689995,GCA-2696645,GCA-2717185,GCA-2729495,GCA-2731375,GCA-2746155,GCA-2746185,GCA-2746255,GCA-2746425,GCA-2753255,GCA-2862545,GCA-2863065,GCF-002020875,GRL18,GWA2-58-10,GWC2-42-11,GWC2-55-46,GWC2-71-9,GWE2-31-10,GWF1-51-8,GWF2-35-9,GWF2-45-14,Ga007554,Ga0077523,Ga0077536,Ga0077539,Gaiellaceae,Gallaecimonadaceae,Gallionellaceae,Garciellaceae,Gastranaerophilaceae,Geminicoccaceae,Gemmataceae,Gemmatimonadaceae,Geoalkalibacteraceae,Geobacteraceae,Geobacteraceae_A,Geodermatophilaceae,Geopsychrobacteraceae,Geothermobacteraceae,Gottschalkiaceae,Granulosicoccaceae,HB172195,HDB-SIOI813,HGW-17,HLUCCA01,HRBIN16,HRBIN17,HRBIN21,HRBIN32,HTCC2089,Halanaerobiaceae,Halarsenatibacteraceae,Haliangiaceae,Halieaceae,Halobacillaceae,Halobacteroidaceae,Halomonadaceae,Halorhodospiraceae,Halothiobacillaceae,Helicobacteraceae,Heliobacteriaceae,Hippeaceae,Holophagaceae,Humimicrobiaceae,HyVt-429,Hydrogenimonadaceae,Hydrogenobaculaceae,Hydrogenothermaceae,Hyphomonadaceae,IMCC2047,Ignavibacteriaceae,Ilumatobacteraceae,Immundisolibacteraceae,Inquilinaceae,J004,J009,J042,J044,J045,J058,J061,J090,J093,J111,J153,JAABTG01,JAABVY01,JAACEH01,JAADGQ01,JAADHI01,JAADHS01,JAAXVQ01,JAAYCJ01,JAAYDE01,JAAYKL01,JAAYNZ01,JAAYPU01,JAAYUW01,JAAZEB01,JAAZLZ01,JAAZOE01,JABCZZ01,JABDDW01,JABDJQ01,JABDKV01,JABDQX01,JABEVD01,JABEVK01,JABHGC01,JABLXB01,JABLXJ01,JABLXN01,JABUFB01,JABWBI01,JACCZL01,JACDGC01,JACDOC01,JACIZP01,JACKCT01,JACNKJ01,JACNLC01,JACQBW01,JACQFD01,JACQKK01,JACRMM01,JACZUZ01,JADFVP01,JADGCH01,JADJEK01,JADJMO01,JADJPG01,JADJWH01,JADMJV01,JADQBR01,JAEUIK01,JAEULC01,JAEUOS01,JAEUWI01,JAFGCY01,JAFGDQ01,JAFGJZ01,JAFGRV01,JAFGTP01,JAFLCA01,JAFLJP01,JAFNAJ01,JAGQZY01,JAHJOQ01,JAHJQQ01,JAHJRI01,JAHRWD01,JAJFHC01,JAJFLO01,JAJPHF01,JAJPIJ01,JAJRUJ01,JAJRXV01,JAJTBE01,JAJYTV01,JAJYVN01,JAJZPE01,JAJZQI01,JAKAFK01,JAKASW01,JAKLHH01,JAMPXM01,JANLFN01,JC228,JCM-10596,JdFR-85,JdFR-88,Jeotgalibacillaceae,K13,Kangiellaceae,Ketobacteraceae,Kiloniellaceae,Kineococcaceae,Koleobacteraceae,Kordiimonadaceae,Koribacteraceae,Krumholzibacteriaceae,Kryptoniaceae,Kyrpidiaceae,LMEP-6097,LZORAL124-64-63,Lachnospiraceae,Lacipirellulaceae,Lactobacillaceae,Latescibacteraceae,Leeiaceae,Legionellaceae,Lentisphaeraceae,Leptonemataceae,Leptospiraceae,Leptospirillaceae,Limnochordaceae,Litoricolaceae,Lutisporaceae,MES13,MWEM01,Magnetaquicoccaceae,Magnetobacteriaceae,Magnetococcaceae,Magnetospirillaceae,Magnetovibrionaceae,Mahellaceae,Manganitrophaceae,Maricaulaceae,Marinococcaceae,Marinomonadaceae,Mariprofundaceae,Marispirochaetaceae,Massilibacillaceae,Melioribacteraceae,Mesoaciditogaceae,Methylococcaceae,Methylomirabilaceae,Methylomonadaceae,Methylophagaceae,Methylophilaceae,Methylopilaceae,Methylothermaceae,Micavibrionaceae,Micrococcaceae,Micromonosporaceae,Micropepsaceae,Microtrichaceae,Midichloriaceae,Miltoncostaeaceae,Minwuiaceae,Moorellaceae,Moraxellaceae,Moritellaceae,Motilibacteraceae,Mucispirillaceae,Muirbacteriaceae,Myxococcaceae,NAC60-12,NBRC-103111,NGM72-4,NICIL-2,Nannocystaceae,Nap2-2B,Natranaerobiaceae,Natronincolaceae,Natronogracilivirgulaceae,Natronospirillaceae,Nautiliaceae,Neiellaceae,Nevskiaceae,Nitratiruptoraceae,Nitriliruptoraceae,Nitrincolaceae,Nitrococcaceae,Nitrosococcaceae,Nitrosomonadaceae,Nitrospiraceae,Nocardioidaceae,OLB16,OMII01,OSC116,Oceanibaculaceae,Oceanococcaceae,Oleiphilaceae,Oligoflexaceae,Opitutaceae,Oscillospiraceae,Oxobacteraceae,Ozemobacteraceae,PGXB01,PH28-bin88,PHBI01,PNKZ01,PR03,PUMD01,PWMO01,PWPN01,PWPR01,PWYM01,PXBQ01,Paenibacillaceae,Palsa-1104,Palsa-1178,Palsa-1400,Palsa-688,Pan216,Parvibaculaceae,Parvularculaceae,Pelotomaculaceae,Peptostreptococcaceae,Petrotogaceae,Phreatobacteraceae,Phycisphaeraceae,Pirellulaceae,Piscirickettsiaceae,Planctomycetaceae,Planococcaceae,Pleomorphomonadaceae,Polarisedimenticolaceae,Polyangiaceae,Pontiellaceae,Porticoccaceae,Propionisporaceae,Proteiniboraceae,Proteinivoraceae,Pseudohongiellaceae,Pseudomonadaceae,Pseudonocardiaceae,Pseudopelobacteraceae,Psychrobiaceae,Psychromonadaceae,Puniceispirillaceae,Pyrinomonadaceae,QNDG01,QNZT01,QOAS01,QPJT01,QZLD01,Quadrisphaeraceae,RAAP-2,RAOX-1,RBC074,RBG-13-43-22,RBG-13-55-18,RBG-16-58-11,RBG-16-64-22,RBG-16-71-46,RFNS01,RFPC01,RGIG9151,RGVZ01,RGZA01,RGZZ01,RI-55,RPPD01,RPQS01,RS24,RSA5,RSA9,RUG14156,Reconciliibacillaceae,Rectinemataceae,Rhizobiaceae,Rhodanobacteraceae,Rhodobacteraceae,Rhodobiaceae,Rhodocyclaceae,Rhodospirillaceae,Rhodothalassiaceae,Rhodothermaceae,Rhodovibrionaceae,Ruminococcaceae,S012-40,S143-82,SA4,SBBA01,SCN-69-37,SCOH01,SCQP01,SCRA01,SCSIO-06110,SG8-11,SG8-39,SG8-4,SG8-41,SHVZ01,SHXO01,SIBE01,SIT17,SK-Y3,SKKC01,SKNC01,SLAA01,SLHB01,SLMV01,SLND01,SLST01,SLTJ01,SM1A02,SM23-30,SM23-32,SM23-33,SM23-35,SMXQ01,SORT01,SURF-12,SURF-5,SV1-B22,SXON01,SXRF01,SXTU01,SZUA-140,SZUA-149,SZUA-152,SZUA-21,SZUA-229,SZUA-336,SZUA-35,SZUA-371,SZUA-540,SZUA-545,SZUA-567,SZUA-584,SZUA-6,SZUA-76,Salinibacteraceae,Salinisphaeraceae,Salinispiraceae,Salisediminibacteriaceae,Sandaracinaceae,SbA1,Scalinduaceae,Sedimentibacteraceae,Sedimenticolaceae,Sediminispirochaetaceae,Selenomonadaceae,Shewanellaceae,Silvanigrellaceae,Sneathiellaceae,Solirubrobacteraceae,Sphingomonadaceae,Spirochaetaceae_B,Spongiibacteraceae,Sporanaerobacteraceae,Sporolactobacillaceae,Sporomusaceae,Stappiaceae,Stellaceae,Steroidobacteraceae,Streptosporangiaceae,Succinivibrionaceae,Sulfobacillaceae,Sulfuricellaceae,Sulfuriferulaceae,Sulfurimonadaceae,Sulfurospirillaceae,Symbiobacteriaceae,Synergistaceae,Syntrophobotulaceae,Syntrophomonadaceae,Syntrophorhabdaceae,Syntrophotaleaceae,Syntrophothermaceae,T1SED10-28,T1Sed10-126,T3Sed10-11,TH1-2,TK06,TMED127,TMED2,TS1B11,Tenderiaceae,Tepidamorphaceae,Tepidanaerobacteraceae,Tepidibacillaceae,Tepidiformaceae,Tepidimicrobiaceae,Tepidisphaeraceae,Terasakiellaceae,Terrimicrobiaceae,Thalassobaculaceae,Thalassospiraceae,Thermacetogeniaceae,Thermaerobacteraceae,Thermoanaerobacteraceae,Thermodesulfobiaceae,Thermodesulfovibrionaceae,Thermoguttaceae,Thermohalobacteraceae,Thermoleophilaceae,Thermomicrobiaceae,Thermosediminibacteraceae,Thermosinaceae,Thermosulfidibacteraceae,Thermosynergistaceae,Thermotaleaceae,Thermotogaceae,Thermovirgaceae,Thioalkalivibrionaceae,Thiobacillaceae,Thiohalobacteraceae,Thiohalomonadaceae,Thiomicrospiraceae,Thiovulaceae,Tindalliaceae,Tissierellaceae,Tissierellaceae_A,Tissierellaceae_B,Tissierellaceae_C,Tistrellaceae,Treponemataceae,Trichloromonadaceae,Tumebacillaceae,Turneriellaceae,UB4802,UBA10030,UBA1018,UBA10575,UBA10806,UBA1096,UBA10988,UBA1100,UBA1113,UBA11236,UBA11320,UBA11346,UBA11358,UBA11657,UBA1172,UBA12015,UBA12059,UBA12178,UBA12225,UBA12420,UBA12454,UBA1319,UBA1321,UBA1381,UBA1444,UBA1532,UBA1609,UBA1845,UBA1877,UBA1908,UBA1924,UBA2020,UBA2136,UBA2165,UBA2242,UBA2268,UBA2385,UBA2386,UBA2392,UBA2394,UBA2428,UBA2466,UBA2595,UBA2780,UBA2964,UBA2966,UBA2968,UBA2979,UBA2999,UBA3002,UBA3065,UBA3067,UBA3941,UBA4045,UBA4055,UBA4068,UBA4093,UBA4151,UBA4427,UBA4486,UBA4575,UBA4823,UBA4971,UBA5070,UBA5301,UBA5335,UBA5352,UBA5368,UBA5500,UBA5518,UBA5550,UBA5734,UBA5745,UBA5793,UBA5829,UBA5861,UBA5962,UBA6016,UBA6077,UBA6099,UBA6156,UBA6191,UBA6429,UBA6503,UBA6522,UBA6615,UBA6663,UBA6769,UBA6776,UBA6898,UBA6901,UBA6902,UBA6906,UBA6911,UBA6930,UBA6960,UBA7434,UBA7540,UBA7541,UBA7694,UBA7701,UBA796,UBA8154,UBA8190,UBA8199,UBA8231,UBA8248,UBA8346,UBA8349,UBA8363,UBA8366,UBA840,UBA8401,UBA8473,UBA8477,UBA8639,UBA9215,UBA9216,UBA9219,UBA9220,UBA923,UBA929,UBA9464,UBA961,UBA9615,UBA9662,UBA994,UBA9968,UBA9971,UBA998,UBA9980,UM-FILTER-46-8,UMGS1260,UMGS416,UTPLA1,UTPRO1,UWMA-0217,UXAT02,Usitatibacteraceae,VBWC01,VENG01,VGDC01,VGJW01,VGOW01,VGSZ01,Vagococcaceae,Vallitaleaceae,Vampirovibrionaceae,Verruco-01,Vibrionaceae,Vicinamibacteraceae,WCHB1-27,WJJG01,WJJR01,WJKA01,WJMI01,WMHbin7,WQUN01,WQYP01,WRAA01,WRAX01,WRBN01,WRFX01,WRIO01,WSZJ01,WYAZ01,WYBJ01,Wenzhouxiangellaceae,Woeseiaceae,XN24,XYA12-FULL-58-9,XYD2-FULL-50-16,Xanthobacteraceae,Xanthomonadaceae,Xylanivirgaceae,YIM-B00363,ZC4RG38,ZCTH02-B6,Zavarziniaceae,Zgenome-0027,Zhaonellaceae,Zooshikellaceae,Zrk34
gtdb_only	1013	2-02-FULL-58-16,2-02-FULL-58-16_A,2-12-FULL-62-27,20CM-2-55-15,21-64-14,33-17,40CM-4-68-19,4484-171,4484-95,4572-78,70-9,AAA164-E04,AABM5-125-24,AE-B3A,AK92,AKS1,ARS1246,ATM1,Acanthopleuribacteraceae,Acetivibrionaceae,Acetobacteraceae,Acetohalobiaceae,Acetomicrobiaceae,Acetonemaceae,Acidaminobacteraceae,Acidibacillaceae,Acidihalobacteraceae,Acidithiobacillaceae,Acidobacteriaceae,Acidulodesulfobacteraceae,Actinomycetaceae,Acutalibacteraceae,Aeribacillaceae,Aerococcaceae,Aeromonadaceae,Aestuariirhabdaceae,Ahniellaceae,Alcanivoracaceae,Algiphilaceae,Alicyclobacillaceae,Alkalibacillaceae,Alkalibacteraceae,Alkalispirochaetaceae,Alteromonadaceae,Aminiphilaceae,Aminobacteriaceae,Ammonificaceae,Amphibacillaceae,Anaerobacillaceae,Anaerohalosphaeraceae,Anaerolineaceae,Anaeromusaceae,Anaeromyxobacteraceae,Anaerotignaceae,Anaerovoracaceae,Anammoxibacteraceae,Ancalomicrobiaceae,Aneurinibacillaceae,Anoxybacillaceae,Aquaspirillaceae,Aquicultoraceae,Aquificaceae,Aquisalimonadaceae,Arcobacteraceae,Auribacteraceae,Azospirillaceae,B11-G9,B130-G9,B1SED10-159,B1SED10-174,B28-G17,B3-G13,B3-G15,B3-LCP,B5-G15,B62-G9,B64-G9,B68-G9,BB28,BH030062,BICA1-8,BJHT01,BM714,BMS3Abin05,BMS3BBIN04,BW-2,Bacillaceae,Bacillaceae_B,Bacillaceae_C,Bacillaceae_D,Bacillaceae_F,Bacillaceae_G,Bacillaceae_H,Bacillaceae_I,Bacillaceae_J,Bacillaceae_L,Bacillaceae_N,Bacillaceae_O,Bacteriovoracaceae,Balneolaceae,Baltobacteraceae,Bdellovibrionaceae,Beijerinckiaceae,Berkiellaceae,Bog-1112,Borreliaceae,Brachyspiraceae,Bradymonadaceae,Brevibacillaceae,Breznakiellaceae,Brocadiaceae,Bryobacteraceae,Bu92,Burkholderiaceae,Burkholderiaceae_A,Burkholderiaceae_B,Burkholderiaceae_C,Burkholderiaceae_D,Butyricicoccaceae,CACIAM-22H2,CACZRW01,CADAEX01,CADDYW01,CAG-138,CAG-239,CAG-272,CAG-274,CAG-382,CAG-74,CAG-977,CAIKXV01,CAIMNF01,CAIMTB01,CAIMUX01,CAIOGM01,CAIPTA01,CAIRSR01,CAIVHJ01,CAIWAD01,CAIWXX01,CAIXPF01,CAIYQO01,CAIYYI01,CAIYYT01,CAJBBX01,CAJFVJ01,CAJQPC01,CALXOJ01,CALZJG01,CF-72,CG2-30-53-67,CGMCC-115125,CR04bin15,CSP1-4,CSP1-6,CTSoil-072,CTSoil-080,Caldanaerobiaceae,Caldatribacteriaceae,Caldibacillaceae,Caldicellulosiruptoraceae,Caldicoprobacteraceae,Caldilineaceae,Calditerrivibrionaceae,Calditrichaceae,Calescibacteriaceae,Caloramatoraceae,Caminicellaceae,Campylobacteraceae,Capsulimonadaceae,Carboxydothermaceae,Carnobacteriaceae,Casimicrobiaceae,Casp-alpha2,Caulobacteraceae,Celerinatantimonadaceae,Cellulomonadaceae,Cellulosilyticaceae,Cellvibrionaceae,Ch109,Ch115,Ch29,Chitinibacteraceae,Chitinimonadaceae,Chitinispirillaceae,Christensenellaceae,Chromatiaceae,Chromobacteriaceae,Chrysiogenaceae,Chthoniobacteraceae,Chthonomonadaceae,Clostridiaceae,Cohaesibacteraceae,Competibacteraceae,Cycloclasticaceae,Cyclonatronaceae,DC-out160,DC0425bin3,DP-6,DREG01,DRHE01,DRI-13,DRLW01,DRMK01,DRQE01,DRQF01,DSM-103792,DSM-1321,DSM-13327,DSM-15969,DSM-16500,DSM-18226,DSM-19205,DSM-19610,DSM-21159,DSM-21967,DSM-22653,DSM-24629,DSM-25281,DSM-27016,DSM-28697,DSM-2933,DSM-5069,DSM-6294,DSM-6578,DSM-8532,DTU010,DTU012,DTU013,DTU014,DTU015,DTU022,DTU025,DTU029,DTU030,DTU052,DTU065,DTU073,DTU080,DTU083,DTU084,DTU086,DTU087,DUEN01,DULZ01,DUMB01,DUMC01,DUMJ01,DUMP01,DUMU01,DUMW01,DUPL01,DUSS01,DY22613,DYLW01,Deferribacteraceae,Deferrimicrobiaceae,Deferrisomataceae,Deferrivibrionaceae,Defluviitaleaceae,Dendrosporobacteraceae,Denitrovibrionaceae,Dermatophilaceae,Desulfallaceae,Desulfitibacteraceae,Desulfitobacteriaceae,Desulfocucumaceae,Desulfofarciminaceae,Desulfohalotomaculaceae,Desulforudaceae,Desulfotomaculaceae,Desulfovirgulaceae,Desulfurellaceae,Desulfuribacillaceae,Desulfurobacteriaceae,Desulfuromonadaceae,Dethiobacteraceae,Dethiosulfovibrionaceae,Devosiaceae,Dissulfurispiraceae,Domibacillaceae,Dongiaceae,E44-bin32,Ectothiorhodospiraceae,Effusibacillaceae,Elsteraceae,Emcibacteraceae,Endozoicomonadaceae,Enterobacteriaceae,Enterococcaceae,EnvOPS12,Erysipelotrichaceae,Ethanoligenenaceae,Eubacteriaceae,Euzebyaceae,Exiguobacteraceae,F1-140-MAGs086,FEB-12,FEN-1099,FEN-1173,FEN-1343,FEN-1346,FW602-bin22,Fen-1088,Fen-1342,Fen-1364,Ferrovaceae,Ferrovibrionaceae,Fervidobacteriaceae,Fibrobacteraceae,Fictibacillaceae,Filifactoraceae,Fimbriimonadaceae,Flavobacteriaceae,Fusobacteriaceae,GBS-1,GBS-DC,GCA-001735895,GCA-002684695,GCA-002686595,GCA-002687715,GCA-002748355,GCA-002770795,GCA-2400775,GCA-2687025,GCA-2689995,GCA-2696645,GCA-2717185,GCA-2729495,GCA-2731375,GCA-2746155,GCA-2746185,GCA-2746255,GCA-2746425,GCA-2753255,GCA-2862545,GCA-2863065,GCF-002020875,GRL18,GWA2-58-10,GWC2-42-11,GWC2-55-46,GWC2-71-9,GWE2-31-10,GWF1-51-8,GWF2-35-9,GWF2-45-14,Ga007554,Ga0077523,Ga0077536,Ga0077539,Gaiellaceae,Gallaecimonadaceae,Gallionellaceae,Garciellaceae,Gastranaerophilaceae,Geminicoccaceae,Gemmataceae,Gemmatimonadaceae,Geoalkalibacteraceae,Geobacteraceae,Geobacteraceae_A,Geodermatophilaceae,Geopsychrobacteraceae,Geothermobacteraceae,Gottschalkiaceae,Granulosicoccaceae,HB172195,HDB-SIOI813,HGW-17,HLUCCA01,HRBIN16,HRBIN17,HRBIN21,HRBIN32,HTCC2089,Halanaerobiaceae,Halarsenatibacteraceae,Haliangiaceae,Halieaceae,Halobacillaceae,Halobacteroidaceae,Halomonadaceae,Halorhodospiraceae,Halothiobacillaceae,Helicobacteraceae,Heliobacteriaceae,Hippeaceae,Holophagaceae,Humimicrobiaceae,HyVt-429,Hydrogenimonadaceae,Hydrogenobaculaceae,Hydrogenothermaceae,Hyphomonadaceae,IMCC2047,Ignavibacteriaceae,Ilumatobacteraceae,Immundisolibacteraceae,Inquilinaceae,J004,J009,J042,J044,J045,J058,J061,J090,J093,J111,J153,JAABTG01,JAABVY01,JAACEH01,JAADGQ01,JAADHI01,JAADHS01,JAAXVQ01,JAAYCJ01,JAAYDE01,JAAYKL01,JAAYNZ01,JAAYPU01,JAAYUW01,JAAZEB01,JAAZLZ01,JAAZOE01,JABCZZ01,JABDDW01,JABDJQ01,JABDKV01,JABDQX01,JABEVD01,JABEVK01,JABHGC01,JABLXB01,JABLXJ01,JABLXN01,JABUFB01,JABWBI01,JACCZL01,JACDGC01,JACDOC01,JACIZP01,JACKCT01,JACNKJ01,JACNLC01,JACPQY01,JACQBW01,JACQFD01,JACQKK01,JACRGQ01,JACRLM01,JACRMM01,JACZUZ01,JADFVP01,JADGCH01,JADJEK01,JADJMO01,JADJPG01,JADJWH01,JADMJV01,JADQBR01,JAEUIK01,JAEULC01,JAEUOS01,JAEUWI01,JAFGCY01,JAFGDQ01,JAFGJZ01,JAFGRV01,JAFGTP01,JAFLCA01,JAFLJP01,JAFNAJ01,JAGOGO01,JAGQZY01,JAHJOQ01,JAHJQQ01,JAHJRI01,JAHRWD01,JAJFHC01,JAJFLO01,JAJPHF01,JAJPIJ01,JAJRUJ01,JAJRXV01,JAJTBE01,JAJYTV01,JAJYVN01,JAJZPE01,JAJZQI01,JAKAFK01,JAKASW01,JAKLHH01,JAMPXM01,JANLFN01,JC228,JCM-10596,JdFR-85,JdFR-88,Jeotgalibacillaceae,K13,Kangiellaceae,Ketobacteraceae,Kiloniellaceae,Kineococcaceae,Koleobacteraceae,Kordiimonadaceae,Koribacteraceae,Krumholzibacteriaceae,Kryptoniaceae,Kyrpidiaceae,LMEP-6097,LZORAL124-64-63,Lachnospiraceae,Lacipirellulaceae,Lactobacillaceae,Latescibacteraceae,Leeiaceae,Legionellaceae,Lentisphaeraceae,Leptonemataceae,Leptospiraceae,Leptospirillaceae,Limnochordaceae,Litoricolaceae,Lutisporaceae,MES13,MWEM01,Magnetaquicoccaceae,Magnetobacteriaceae,Magnetococcaceae,Magnetospirillaceae,Magnetovibrionaceae,Mahellaceae,Manganitrophaceae,Maricaulaceae,Marinococcaceae,Marinomonadaceae,Mariprofundaceae,Marispirochaetaceae,Massilibacillaceae,Melioribacteraceae,Mesoaciditogaceae,Methylococcaceae,Methylomirabilaceae,Methylomonadaceae,Methylophagaceae,Methylophilaceae,Methylopilaceae,Methylothermaceae,Micavibrionaceae,Micrococcaceae,Micromonosporaceae,Micropepsaceae,Microtrichaceae,Midichloriaceae,Miltoncostaeaceae,Minwuiaceae,Moorellaceae,Moraxellaceae,Moritellaceae,Motilibacteraceae,Mucispirillaceae,Muirbacteriaceae,Myxococcaceae,NAC60-12,NBRC-103111,NGM72-4,NICIL-2,Nannocystaceae,Nap2-2B,Natranaerobiaceae,Natronincolaceae,Natronogracilivirgulaceae,Natronospirillaceae,Nautiliaceae,Neiellaceae,Nevskiaceae,Nitratiruptoraceae,Nitriliruptoraceae,Nitrincolaceae,Nitrococcaceae,Nitrosococcaceae,Nitrosomonadaceae,Nitrospinaceae,Nitrospiraceae,Nocardioidaceae,OLB16,OMII01,OSC116,Oceanibaculaceae,Oceanococcaceae,Oleiphilaceae,Oligoflexaceae,Opitutaceae,Oscillospiraceae,Oxobacteraceae,Ozemobacteraceae,PGXB01,PH28-bin88,PHBI01,PNKZ01,PR03,PUMD01,PWMO01,PWPN01,PWPR01,PWYM01,PXBQ01,Paenibacillaceae,Palsa-1104,Palsa-1178,Palsa-1400,Palsa-688,Pan216,Parvibaculaceae,Parvularculaceae,Pelotomaculaceae,Peptostreptococcaceae,Petrotogaceae,Phreatobacteraceae,Phycisphaeraceae,Pirellulaceae,Piscirickettsiaceae,Planctomycetaceae,Planococcaceae,Pleomorphomonadaceae,Polarisedimenticolaceae,Polyangiaceae,Pontiellaceae,Porticoccaceae,Propionisporaceae,Proteiniboraceae,Proteinivoraceae,Pseudohongiellaceae,Pseudomonadaceae,Pseudonocardiaceae,Pseudopelobacteraceae,Psychrobiaceae,Psychromonadaceae,Puniceispirillaceae,Pyrinomonadaceae,QNDG01,QNZT01,QOAS01,QPJT01,QZLD01,Quadrisphaeraceae,RAAP-2,RAOX-1,RBC074,RBG-13-55-18,RBG-16-58-11,RBG-16-64-22,RBG-16-71-46,RFNS01,RFPC01,RGIG9151,RGVZ01,RGZA01,RGZZ01,RI-55,RPPD01,RPQS01,RS24,RSA5,RSA9,RUG14156,Reconciliibacillaceae,Rectinemataceae,Rhizobiaceae,Rhodanobacteraceae,Rhodobacteraceae,Rhodobiaceae,Rhodocyclaceae,Rhodospirillaceae,Rhodothalassiaceae,Rhodothermaceae,Rhodovibrionaceae,Ruminococcaceae,S012-40,S143-82,S145-22,SA4,SBBA01,SCN-69-37,SCOH01,SCQP01,SCRA01,SCSIO-06110,SG8-11,SG8-39,SG8-4,SG8-41,SHVZ01,SHXO01,SIBE01,SIT17,SK-Y3,SKKC01,SKNC01,SLAA01,SLHB01,SLMV01,SLND01,SLST01,SLTJ01,SM1A02,SM23-30,SM23-32,SM23-33,SM23-35,SM23-61,SMXQ01,SORT01,SURF-12,SURF-5,SV1-B22,SXON01,SXRF01,SXTU01,SZUA-140,SZUA-149,SZUA-152,SZUA-21,SZUA-229,SZUA-336,SZUA-35,SZUA-371,SZUA-540,SZUA-545,SZUA-567,SZUA-584,SZUA-6,SZUA-76,Salinibacteraceae,Salinisphaeraceae,Salinispiraceae,Salisediminibacteriaceae,Sandaracinaceae,SbA1,Scalinduaceae,Sedimentibacteraceae,Sedimenticolaceae,Sediminispirochaetaceae,Selenomonadaceae,Shewanellaceae,Silvanigrellaceae,Sneathiellaceae,Solirubrobacteraceae,Sphingomonadaceae,Spirochaetaceae_B,Spongiibacteraceae,Sporanaerobacteraceae,Sporolactobacillaceae,Sporomusaceae,Stappiaceae,Stellaceae,Steroidobacteraceae,Streptosporangiaceae,Succinivibrionaceae,Sulfobacillaceae,Sulfuricellaceae,Sulfuriferulaceae,Sulfurimonadaceae,Sulfurospirillaceae,Symbiobacteriaceae,Synergistaceae,Syntrophobotulaceae,Syntrophomonadaceae,Syntrophorhabdaceae,Syntrophotaleaceae,Syntrophothermaceae,T1SED10-28,T1Sed10-126,T3Sed10-11,TH1-2,TK06,TMED127,TMED2,TS1B11,Tenderiaceae,Tepidamorphaceae,Tepidanaerobacteraceae,Tepidibacillaceae,Tepidiformaceae,Tepidimicrobiaceae,Tepidisphaeraceae,Terasakiellaceae,Terrimicrobiaceae,Thalassobaculaceae,Thalassospiraceae,Tharpellaceae,Thermacetogeniaceae,Thermaerobacteraceae,Thermoanaerobacteraceae,Thermodesulfobiaceae,Thermodesulfovibrionaceae,Thermoguttaceae,Thermohalobacteraceae,Thermoleophilaceae,Thermomicrobiaceae,Thermosediminibacteraceae,Thermosinaceae,Thermosulfidibacteraceae,Thermosynergistaceae,Thermotaleaceae,Thermotogaceae,Thermovirgaceae,Thioalkalivibrionaceae,Thiobacillaceae,Thiohalobacteraceae,Thiohalomonadaceae,Thiomicrospiraceae,Thiovulaceae,Tindalliaceae,Tissierellaceae,Tissierellaceae_A,Tissierellaceae_B,Tissierellaceae_C,Tistrellaceae,Treponemataceae,Trichloromonadaceae,Tumebacillaceae,Turneriellaceae,UB4802,UBA10030,UBA1018,UBA10575,UBA10806,UBA1096,UBA10988,UBA1100,UBA1113,UBA11236,UBA11320,UBA11346,UBA11358,UBA1163,UBA11657,UBA1172,UBA12015,UBA12059,UBA12178,UBA12225,UBA12420,UBA12454,UBA1319,UBA1321,UBA1381,UBA1444,UBA1532,UBA1609,UBA1845,UBA1877,UBA1908,UBA1924,UBA2020,UBA2136,UBA2165,UBA2242,UBA2268,UBA2385,UBA2386,UBA2392,UBA2394,UBA2428,UBA2466,UBA2595,UBA2780,UBA2964,UBA2966,UBA2968,UBA2979,UBA2999,UBA3002,UBA3065,UBA3067,UBA3941,UBA4045,UBA4055,UBA4068,UBA4093,UBA4151,UBA4427,UBA4486,UBA4575,UBA4823,UBA4971,UBA5070,UBA5301,UBA5335,UBA5352,UBA5368,UBA5500,UBA5518,UBA5550,UBA5734,UBA5745,UBA5793,UBA5829,UBA5861,UBA5962,UBA6016,UBA6077,UBA6099,UBA6156,UBA6191,UBA6429,UBA6503,UBA6522,UBA6615,UBA6663,UBA6769,UBA6776,UBA6898,UBA6901,UBA6902,UBA6906,UBA6911,UBA6930,UBA6960,UBA7434,UBA7540,UBA7541,UBA7694,UBA7701,UBA7883,UBA796,UBA8154,UBA8190,UBA8199,UBA8231,UBA8248,UBA8346,UBA8349,UBA8363,UBA8366,UBA840,UBA8401,UBA8473,UBA8477,UBA8639,UBA9215,UBA9216,UBA9219,UBA9220,UBA923,UBA929,UBA9464,UBA961,UBA9615,UBA9662,UBA994,UBA9942,UBA9968,UBA9971,UBA998,UBA9980,UM-FILTER-46-8,UMGS1260,UMGS416,UTPLA1,UTPRO1,UWMA-0217,UXAT02,Usitatibacteraceae,VBWC01,VENG01,VGDC01,VGJW01,VGOW01,VGSZ01,Vagococcaceae,Vallitaleaceae,Vampirovibrionaceae,Verruco-01,Vibrionaceae,Vicinamibacteraceae,WCHB1-27,WJJG01,WJJR01,WJKA01,WJMI01,WMHbin7,WQUN01,WQYP01,WRAA01,WRAX01,WRBN01,WRFX01,WRIO01,WSZJ01,WYAZ01,WYBJ01,Wenzhouxiangellaceae,Woeseiaceae,XN24,XYA12-FULL-58-9,XYD2-FULL-50-16,Xanthobacteraceae,Xanthomonadaceae,Xylanivirgaceae,YIM-B00363,ZC4RG38,ZCTH02-B6,Zavarziniaceae,Zgenome-0027,Zhaonellaceae,Zooshikellaceae,Zrk34
flagella_only	1013	2-02-FULL-58-16,2-02-FULL-58-16_A,2-12-FULL-62-27,20CM-2-55-15,21-64-14,33-17,40CM-4-68-19,4484-171,4484-95,4572-78,70-9,AAA164-E04,AABM5-125-24,AE-B3A,AK92,AKS1,ARS1246,ATM1,Acanthopleuribacteraceae,Acetivibrionaceae,Acetobacteraceae,Acetohalobiaceae,Acetomicrobiaceae,Acetonemaceae,Acidaminobacteraceae,Acidibacillaceae,Acidihalobacteraceae,Acidithiobacillaceae,Acidobacteriaceae,Acidulodesulfobacteraceae,Actinomycetaceae,Acutalibacteraceae,Aeribacillaceae,Aerococcaceae,Aeromonadaceae,Aestuariirhabdaceae,Ahniellaceae,Alcanivoracaceae,Algiphilaceae,Alicyclobacillaceae,Alkalibacillaceae,Alkalibacteraceae,Alkalispirochaetaceae,Alteromonadaceae,Aminiphilaceae,Aminobacteriaceae,Ammonificaceae,Amphibacillaceae,Anaerobacillaceae,Anaerohalosphaeraceae,Anaerolineaceae,Anaeromusaceae,Anaeromyxobacteraceae,Anaerotignaceae,Anaerovoracaceae,Anammoxibacteraceae,Ancalomicrobiaceae,Aneurinibacillaceae,Anoxybacillaceae,Aquaspirillaceae,Aquicultoraceae,Aquificaceae,Aquisalimonadaceae,Arcobacteraceae,Auribacteraceae,Azospirillaceae,B11-G9,B130-G9,B1SED10-159,B1SED10-174,B28-G17,B3-G13,B3-G15,B3-LCP,B5-G15,B62-G9,B64-G9,B68-G9,BB28,BH030062,BICA1-8,BJHT01,BM004,BM714,BMS3Abin05,BMS3BBIN04,BW-2,Bacillaceae,Bacillaceae_B,Bacillaceae_C,Bacillaceae_D,Bacillaceae_F,Bacillaceae_G,Bacillaceae_H,Bacillaceae_I,Bacillaceae_J,Bacillaceae_L,Bacillaceae_N,Bacillaceae_O,Bacteriovoracaceae,Balneolaceae,Baltobacteraceae,Bdellovibrionaceae,Beijerinckiaceae,Berkiellaceae,Bog-1112,Borreliaceae,Brachyspiraceae,Bradymonadaceae,Brevibacillaceae,Breznakiellaceae,Brocadiaceae,Bryobacteraceae,Bu92,Burkholderiaceae,Burkholderiaceae_A,Burkholderiaceae_B,Burkholderiaceae_C,Burkholderiaceae_D,Butyricicoccaceae,CACIAM-22H2,CACZRW01,CADAEX01,CADDYW01,CAG-138,CAG-239,CAG-272,CAG-274,CAG-382,CAG-74,CAG-977,CAIKXV01,CAIMNF01,CAIMTB01,CAIMUX01,CAIOGM01,CAIPTA01,CAIRSR01,CAIVHJ01,CAIWAD01,CAIWXX01,CAIXPF01,CAIYQO01,CAIYYI01,CAIYYT01,CAJBBX01,CAJFVJ01,CAJQPC01,CALXOJ01,CALZJG01,CF-72,CGMCC-115125,CR04bin15,CSP1-4,CSP1-6,CTSoil-072,CTSoil-080,Caldanaerobiaceae,Caldatribacteriaceae,Caldibacillaceae,Caldicellulosiruptoraceae,Caldicoprobacteraceae,Caldilineaceae,Calditerrivibrionaceae,Calditrichaceae,Calescibacteriaceae,Caloramatoraceae,Caminicellaceae,Campylobacteraceae,Capsulimonadaceae,Carboxydothermaceae,Carnobacteriaceae,Casimicrobiaceae,Casp-alpha2,Caulobacteraceae,Celerinatantimonadaceae,Cellulomonadaceae,Cellulosilyticaceae,Cellvibrionaceae,Ch109,Ch115,Ch29,Chitinibacteraceae,Chitinimonadaceae,Chitinispirillaceae,Christensenellaceae,Chromatiaceae,Chromobacteriaceae,Chrysiogenaceae,Chthoniobacteraceae,Chthonomonadaceae,Clostridiaceae,Cohaesibacteraceae,Competibacteraceae,Cycloclasticaceae,Cyclonatronaceae,DC-out160,DC0425bin3,DP-6,DREG01,DRHE01,DRI-13,DRLW01,DRMK01,DRQE01,DRQF01,DSM-103792,DSM-1321,DSM-13327,DSM-15969,DSM-16500,DSM-18226,DSM-19205,DSM-19610,DSM-21159,DSM-21967,DSM-22653,DSM-24629,DSM-25281,DSM-27016,DSM-28697,DSM-2933,DSM-5069,DSM-6294,DSM-6578,DSM-8532,DTU010,DTU012,DTU013,DTU014,DTU015,DTU022,DTU025,DTU029,DTU030,DTU052,DTU065,DTU073,DTU080,DTU083,DTU084,DTU086,DTU087,DUEN01,DULZ01,DUMB01,DUMC01,DUMJ01,DUMP01,DUMU01,DUMW01,DUPL01,DUSS01,DY22613,DYLW01,Deferribacteraceae,Deferrimicrobiaceae,Deferrisomataceae,Deferrivibrionaceae,Defluviitaleaceae,Dendrosporobacteraceae,Denitrovibrionaceae,Dermatophilaceae,Desulfallaceae,Desulfitibacteraceae,Desulfitobacteriaceae,Desulfobulbaceae,Desulfocapsaceae,Desulfocucumaceae,Desulfofarciminaceae,Desulfohalobiaceae,Desulfohalotomaculaceae,Desulfomicrobiaceae,Desulfonatronaceae,Desulfonatronovibrionaceae,Desulfonauticaceae,Desulforudaceae,Desulfosalsimonadaceae,Desulfotomaculaceae,Desulfovibrionaceae,Desulfovirgulaceae,Desulfurellaceae,Desulfuribacillaceae,Desulfurobacteriaceae,Desulfuromonadaceae,Dethiobacteraceae,Dethiosulfovibrionaceae,Devosiaceae,Dissulfurispiraceae,Domibacillaceae,Dongiaceae,E44-bin32,Ectothiorhodospiraceae,Effusibacillaceae,Elsteraceae,Emcibacteraceae,Endozoicomonadaceae,Enterobacteriaceae,Enterococcaceae,EnvOPS12,Erysipelotrichaceae,Ethanoligenenaceae,Eubacteriaceae,Euzebyaceae,Exiguobacteraceae,F1-140-MAGs086,FEB-12,FEN-1099,FEN-1173,FEN-1343,FEN-1346,FW602-bin22,Fen-1088,Fen-1342,Fen-1364,Ferrovaceae,Ferrovibrionaceae,Fervidobacteriaceae,Fibrobacteraceae,Fictibacillaceae,Filifactoraceae,Fimbriimonadaceae,Flavobacteriaceae,Fusobacteriaceae,GBS-1,GBS-DC,GCA-001735895,GCA-002684695,GCA-002686595,GCA-002687715,GCA-002748355,GCA-002770795,GCA-2400775,GCA-2687025,GCA-2689995,GCA-2696645,GCA-2717185,GCA-2729495,GCA-2731375,GCA-2746155,GCA-2746185,GCA-2746255,GCA-2746425,GCA-2753255,GCA-2862545,GCA-2863065,GCF-002020875,GRL18,GWA2-58-10,GWC2-42-11,GWC2-55-46,GWC2-71-9,GWE2-31-10,GWF1-51-8,GWF2-35-9,GWF2-45-14,Ga007554,Ga0077523,Ga0077536,Ga0077539,Gaiellaceae,Gallaecimonadaceae,Gallionellaceae,Garciellaceae,Gastranaerophilaceae,Geminicoccaceae,Gemmataceae,Gemmatimonadaceae,Geoalkalibacteraceae,Geobacteraceae,Geobacteraceae_A,Geodermatophilaceae,Geopsychrobacteraceae,Geothermobacteraceae,Gottschalkiaceae,Granulosicoccaceae,HB172195,HDB-SIOI813,HGW-17,HLUCCA01,HRBIN16,HRBIN17,HRBIN21,HRBIN32,HTCC2089,Halanaerobiaceae,Halarsenatibacteraceae,Haliangiaceae,Halieaceae,Halobacillaceae,Halobacteroidaceae,Halomonadaceae,Halorhodospiraceae,Halothiobacillaceae,Helicobacteraceae,Heliobacteriaceae,Hippeaceae,Holophagaceae,Humimicrobiaceae,HyVt-429,Hydrogenimonadaceae,Hydrogenobaculaceae,Hydrogenothermaceae,Hyphomonadaceae,IMCC2047,Ignavibacteriaceae,Ilumatobacteraceae,Immundisolibacteraceae,Inquilinaceae,J004,J009,J042,J044,J045,J058,J061,J090,J093,J111,J153,JAABTG01,JAABVY01,JAACEH01,JAADGQ01,JAADHI01,JAADHS01,JAAXVQ01,JAAYCJ01,JAAYDE01,JAAYKL01,JAAYNZ01,JAAYPU01,JAAYUW01,JAAZEB01,JAAZLZ01,JAAZOE01,JABCZZ01,JABDDW01,JABDJQ01,JABDKV01,JABDQX01,JABEVD01,JABEVK01,JABHGC01,JABLXB01,JABLXJ01,JABLXN01,JABUFB01,JABWBI01,JACCZL01,JACDGC01,JACDOC01,JACIZP01,JACKCT01,JACNKJ01,JACNLC01,JACPQY01,JACQBW01,JACQFD01,JACQKK01,JACRMM01,JACZUZ01,JADFVP01,JADGCH01,JADJEK01,JADJMO01,JADJPG01,JADJWH01,JADMJV01,JADQBR01,JAEUIK01,JAEULC01,JAEUOS01,JAEUWI01,JAFGCY01,JAFGDQ01,JAFGJZ01,JAFGRV01,JAFGTP01,JAFLCA01,JAFLJP01,JAFNAJ01,JAGQZY01,JAHJOQ01,JAHJQQ01,JAHJRI01,JAHRWD01,JAJFHC01,JAJFLO01,JAJPHF01,JAJPIJ01,JAJRUJ01,JAJRXV01,JAJTBE01,JAJYTV01,JAJYVN01,JAJZPE01,JAJZQI01,JAKAFK01,JAKASW01,JAKLHH01,JAMPXM01,JANLFN01,JC228,JCM-10596,JdFR-85,JdFR-88,Jeotgalibacillaceae,K13,Kangiellaceae,Ketobacteraceae,Kiloniellaceae,Kineococcaceae,Koleobacteraceae,Kordiimonadaceae,Koribacteraceae,Krumholzibacteriaceae,Kryptoniaceae,Kyrpidiaceae,LMEP-6097,LZORAL124-64-63,Lachnospiraceae,Lacipirellulaceae,Lactobacillaceae,Latescibacteraceae,Leeiaceae,Legionellaceae,Lentisphaeraceae,Leptonemataceae,Leptospiraceae,Leptospirillaceae,Limnochordaceae,Litoricolaceae,Lutisporaceae,MES13,MWEM01,Magnetaquicoccaceae,Magnetobacteriaceae,Magnetococcaceae,Magnetospirillaceae,Magnetovibrionaceae,Mahellaceae,Manganitrophaceae,Maricaulaceae,Marinococcaceae,Marinomonadaceae,Mariprofundaceae,Marispirochaetaceae,Massilibacillaceae,Melioribacteraceae,Mesoaciditogaceae,Methylococcaceae,Methylomirabilaceae,Methylomonadaceae,Methylophagaceae,Methylophilaceae,Methylopilaceae,Methylothermaceae,Micavibrionaceae,Micrococcaceae,Micromonosporaceae,Micropepsaceae,Microtrichaceae,Midichloriaceae,Miltoncostaeaceae,Minwuiaceae,Moorellaceae,Moraxellaceae,Moritellaceae,Motilibacteraceae,Mucispirillaceae,Muirbacteriaceae,Myxococcaceae,NAC60-12,NBRC-103111,NGM72-4,NICIL-2,Nannocystaceae,Nap2-2B,Natranaerobiaceae,Natronincolaceae,Natronogracilivirgulaceae,Natronospirillaceae,Nautiliaceae,Neiellaceae,Nevskiaceae,Nitratiruptoraceae,Nitriliruptoraceae,Nitrincolaceae,Nitrococcaceae,Nitrosococcaceae,Nitrosomonadaceae,Nitrospiraceae,Nocardioidaceae,OLB16,OMII01,OSC116,Oceanibaculaceae,Oceanococcaceae,Oleiphilaceae,Oligoflexaceae,Opitutaceae,Oscillospiraceae,Oxobacteraceae,Ozemobacteraceae,PGXB01,PH28-bin88,PHBI01,PNKZ01,PR03,PUMD01,PWMO01,PWPN01,PWPR01,PWYM01,PXBQ01,Paenibacillaceae,Palsa-1104,Palsa-1178,Palsa-1400,Palsa-688,Pan216,Parvibaculaceae,Parvularculaceae,Pelotomaculaceae,Peptostreptococcaceae,Petrotogaceae,Phreatobacteraceae,Phycisphaeraceae,Pirellulaceae,Piscirickettsiaceae,Planctomycetaceae,Planococcaceae,Pleomorphomonadaceae,Polarisedimenticolaceae,Polyangiaceae,Pontiellaceae,Porticoccaceae,Propionisporaceae,Proteiniboraceae,Proteinivoraceae,Pseudohongiellaceae,Pseudomonadaceae,Pseudonocardiaceae,Pseudopelobacteraceae,Psychrobiaceae,Psychromonadaceae,Puniceispirillaceae,Pyrinomonadaceae,QNDG01,QNZT01,QOAS01,QPJT01,QZLD01,Quadrisphaeraceae,RAAP-2,RAOX-1,RBC074,RBG-13-43-22,RBG-13-55-18,RBG-16-58-11,RBG-16-64-22,RBG-16-71-46,RFNS01,RFPC01,RGIG9151,RGVZ01,RGZA01,RGZZ01,RI-55,RPPD01,RPQS01,RS24,RSA5,RSA9,RUG14156,Reconciliibacillaceae,Rectinemataceae,Rhizobiaceae,Rhodanobacteraceae,Rhodobacteraceae,Rhodobiaceae,Rhodocyclaceae,Rhodospirillaceae,Rhodothalassiaceae,Rhodothermaceae,Rhodovibrionaceae,Ruminococcaceae,S012-40,S143-82,SA4,SBBA01,SCN-69-37,SCOH01,SCQP01,SCRA01,SCSIO-06110,SG8-11,SG8-39,SG8-4,SG8-41,SHVZ01,SHXO01,SIBE01,SIT17,SK-Y3,SKKC01,SKNC01,SLAA01,SLHB01,SLMV01,SLND01,SLST01,SLTJ01,SM1A02,SM23-30,SM23-32,SM23-33,SM23-35,SMXQ01,SORT01,SURF-12,SURF-5,SV1-B22,SXON01,SXRF01,SXTU01,SZUA-140,SZUA-149,SZUA-152,SZUA-21,SZUA-229,SZUA-336,SZUA-35,SZUA-371,SZUA-540,SZUA-545,SZUA-567,SZUA-584,SZUA-6,SZUA-76,Salinibacteraceae,Salinisphaeraceae,Salinispiraceae,Salisediminibacteriaceae,Sandaracinaceae,SbA1,Scalinduaceae,Sedimentibacteraceae,Sedimenticolaceae,Sediminispirochaetaceae,Selenomonadaceae,Shewanellaceae,Silvanigrellaceae,Sneathiellaceae,Solirubrobacteraceae,Sphingomonadaceae,Spirochaetaceae_B,Spongiibacteraceae,Sporanaerobacteraceae,Sporolactobacillaceae,Sporomusaceae,Stappiaceae,Stellaceae,Steroidobacteraceae,Streptosporangiaceae,Succinivibrionaceae,Sulfobacillaceae,Sulfuricellaceae,Sulfuriferulaceae,Sulfurimonadaceae,Sulfurospirillaceae,Symbiobacteriaceae,Synergistaceae,Syntrophobotulaceae,Syntrophomonadaceae,Syntrophorhabdaceae,Syntrophotaleaceae,Syntrophothermaceae,T1SED10-28,T1Sed10-126,T3Sed10-11,TH1-2,TK06,TMED127,TMED2,TS1B11,Tenderiaceae,Tepidamorphaceae,Tepidanaerobacteraceae,Tepidibacillaceae,Tepidiformaceae,Tepidimicrobiaceae,Tepidisphaeraceae,Terasakiellaceae,Terrimicrobiaceae,Thalassobaculaceae,Thalassospiraceae,Thermacetogeniaceae,Thermaerobacteraceae,Thermoanaerobacteraceae,Thermodesulfobiaceae,Thermodesulfovibrionaceae,Thermoguttaceae,Thermohalobacteraceae,Thermoleophilaceae,Thermomicrobiaceae,Thermosediminibacteraceae,Thermosinaceae,Thermosulfidibacteraceae,Thermosynergistaceae,Thermotaleaceae,Thermotogaceae,Thermovirgaceae,Thioalkalivibrionaceae,Thiobacillaceae,Thiohalobacteraceae,Thiohalomonadaceae,Thiomicrospiraceae,Thiovulaceae,Tindalliaceae,Tissierellaceae,Tissierellaceae_A,Tissierellaceae_B,Tissierellaceae_C,Tistrellaceae,Treponemataceae,Trichloromonadaceae,Tumebacillaceae,Turneriellaceae,UB4802,UBA10030,UBA1018,UBA10575,UBA10806,UBA1096,UBA10988,UBA1100,UBA1113,UBA11236,UBA11320,UBA11346,UBA11358,UBA11657,UBA1172,UBA12015,UBA12059,UBA12178,UBA12225,UBA12420,UBA12454,UBA1319,UBA1321,UBA1381,UBA1444,UBA1532,UBA1609,UBA1845,UBA1877,UBA1908,UBA1924,UBA2020,UBA2136,UBA2165,UBA2242,UBA2268,UBA2385,UBA2386,UBA2392,UBA2394,UBA2428,UBA2466,UBA2595,UBA2780,UBA2964,UBA2966,UBA2968,UBA2979,UBA2999,UBA3002,UBA3065,UBA3067,UBA3941,UBA4045,UBA4055,UBA4068,UBA4093,UBA4151,UBA4427,UBA4486,UBA4575,UBA4823,UBA4971,UBA5070,UBA5301,UBA5335,UBA5352,UBA5368,UBA5500,UBA5518,UBA5550,UBA5734,UBA5745,UBA5793,UBA5829,UBA5861,UBA5962,UBA6016,UBA6077,UBA6099,UBA6156,UBA6191,UBA6429,UBA6503,UBA6522,UBA6615,UBA6663,UBA6769,UBA6776,UBA6898,UBA6901,UBA6902,UBA6906,UBA6911,UBA6930,UBA6960,UBA7434,UBA7540,UBA7541,UBA7694,UBA7701,UBA796,UBA8154,UBA8190,UBA8199,UBA8231,UBA8248,UBA8346,UBA8349,UBA8363,UBA8366,UBA840,UBA8401,UBA8473,UBA8477,UBA8639,UBA9215,UBA9216,UBA9219,UBA9220,UBA923,UBA929,UBA9464,UBA961,UBA9615,UBA9662,UBA994,UBA9968,UBA9971,UBA998,UBA9980,UM-FILTER-46-8,UMGS1260,UMGS416,UTPLA1,UTPRO1,UWMA-0217,UXAT02,Usitatibacteraceae,VBWC01,VENG01,VGDC01,VGJW01,VGOW01,VGSZ01,Vagococcaceae,Vallitaleaceae,Vampirovibrionaceae,Verruco-01,Vibrionaceae,Vicinamibacteraceae,WCHB1-27,WJJG01,WJJR01,WJKA01,WJMI01,WMHbin7,WQUN01,WQYP01,WRAA01,WRAX01,WRBN01,WRFX01,WRIO01,WSZJ01,WYAZ01,WYBJ01,Wenzhouxiangellaceae,Woeseiaceae,XN24,XYA12-FULL-58-9,XYD2-FULL-50-16,Xanthobacteraceae,Xanthomonadaceae,Xylanivirgaceae,YIM-B00363,ZC4RG38,ZCTH02-B6,Zavarziniaceae,Zgenome-0027,Zhaonellaceae,Zooshikellaceae,Zrk34
flagella_only	1014	2-02-FULL-58-16,2-02-FULL-58-16_A,2-12-FULL-62-27,20CM-2-55-15,21-64-14,33-17,40CM-4-68-19,4484-171,4484-95,4572-78,70-9,AAA164-E04,AABM5-125-24,AE-B3A,AK92,AKS1,ARS1246,ATM1,Acanthopleuribacteraceae,Acetivibrionaceae,Acetobacteraceae,Acetohalobiaceae,Acetomicrobiaceae,Acetonemaceae,Acidaminobacteraceae,Acidibacillaceae,Acidihalobacteraceae,Acidithiobacillaceae,Acidobacteriaceae,Acidulodesulfobacteraceae,Actinomycetaceae,Acutalibacteraceae,Aeribacillaceae,Aerococcaceae,Aeromonadaceae,Aestuariirhabdaceae,Ahniellaceae,Alcanivoracaceae,Algiphilaceae,Alicyclobacillaceae,Alkalibacillaceae,Alkalibacteraceae,Alkalispirochaetaceae,Alteromonadaceae,Aminiphilaceae,Aminobacteriaceae,Ammonificaceae,Amphibacillaceae,Anaerobacillaceae,Anaerohalosphaeraceae,Anaerolineaceae,Anaeromusaceae,Anaeromyxobacteraceae,Anaerotignaceae,Anaerovoracaceae,Anammoxibacteraceae,Ancalomicrobiaceae,Aneurinibacillaceae,Anoxybacillaceae,Aquaspirillaceae,Aquicultoraceae,Aquificaceae,Aquisalimonadaceae,Arcobacteraceae,Auribacteraceae,Azospirillaceae,B11-G9,B130-G9,B1SED10-159,B1SED10-174,B28-G17,B3-G13,B3-G15,B3-LCP,B5-G15,B62-G9,B64-G9,B68-G9,BB28,BH030062,BICA1-8,BJHT01,BM004,BM714,BMS3Abin05,BMS3BBIN04,BW-2,Bacillaceae,Bacillaceae_B,Bacillaceae_C,Bacillaceae_D,Bacillaceae_F,Bacillaceae_G,Bacillaceae_H,Bacillaceae_I,Bacillaceae_J,Bacillaceae_L,Bacillaceae_N,Bacillaceae_O,Bacteriovoracaceae,Balneolaceae,Baltobacteraceae,Bdellovibrionaceae,Beijerinckiaceae,Berkiellaceae,Bog-1112,Borreliaceae,Brachyspiraceae,Bradymonadaceae,Brevibacillaceae,Breznakiellaceae,Brocadiaceae,Bryobacteraceae,Bu92,Burkholderiaceae,Burkholderiaceae_A,Burkholderiaceae_B,Burkholderiaceae_C,Burkholderiaceae_D,Butyricicoccaceae,CACIAM-22H2,CACZRW01,CADAEX01,CADDYW01,CAG-138,CAG-239,CAG-272,CAG-274,CAG-382,CAG-74,CAG-977,CAIKXV01,CAIMNF01,CAIMTB01,CAIMUX01,CAIOGM01,CAIPTA01,CAIRSR01,CAIVHJ01,CAIWAD01,CAIWXX01,CAIXPF01,CAIYQO01,CAIYYI01,CAIYYT01,CAJBBX01,CAJFVJ01,CAJQPC01,CALXOJ01,CALZJG01,CF-72,CGMCC-115125,CR04bin15,CSP1-4,CSP1-6,CTSoil-072,CTSoil-080,Caldanaerobiaceae,Caldatribacteriaceae,Caldibacillaceae,Caldicellulosiruptoraceae,Caldicoprobacteraceae,Caldilineaceae,Calditerrivibrionaceae,Calditrichaceae,Calescibacteriaceae,Caloramatoraceae,Caminicellaceae,Campylobacteraceae,Capsulimonadaceae,Carboxydothermaceae,Carnobacteriaceae,Casimicrobiaceae,Casp-alpha2,Caulobacteraceae,Celerinatantimonadaceae,Cellulomonadaceae,Cellulosilyticaceae,Cellvibrionaceae,Ch109,Ch115,Ch29,Chitinibacteraceae,Chitinimonadaceae,Chitinispirillaceae,Christensenellaceae,Chromatiaceae,Chromobacteriaceae,Chrysiogenaceae,Chthoniobacteraceae,Chthonomonadaceae,Clostridiaceae,Cohaesibacteraceae,Competibacteraceae,Cycloclasticaceae,Cyclonatronaceae,DC-out160,DC0425bin3,DP-6,DREG01,DRHE01,DRI-13,DRLW01,DRMK01,DRQE01,DRQF01,DSM-103792,DSM-1321,DSM-13327,DSM-15969,DSM-16500,DSM-18226,DSM-19205,DSM-19610,DSM-21159,DSM-21967,DSM-22653,DSM-24629,DSM-25281,DSM-27016,DSM-28697,DSM-2933,DSM-5069,DSM-6294,DSM-6578,DSM-8532,DTU010,DTU012,DTU013,DTU014,DTU015,DTU022,DTU025,DTU029,DTU030,DTU052,DTU065,DTU073,DTU080,DTU083,DTU084,DTU086,DTU087,DUEN01,DULZ01,DUMB01,DUMC01,DUMJ01,DUMP01,DUMU01,DUMW01,DUPL01,DUSS01,DY22613,DYLW01,Deferribacteraceae,Deferrimicrobiaceae,Deferrisomataceae,Deferrivibrionaceae,Defluviitaleaceae,Dendrosporobacteraceae,Denitrovibrionaceae,Dermatophilaceae,Desulfallaceae,Desulfitibacteraceae,Desulfitobacteriaceae,Desulfobulbaceae,Desulfocapsaceae,Desulfocucumaceae,Desulfofarciminaceae,Desulfohalobiaceae,Desulfohalotomaculaceae,Desulfomicrobiaceae,Desulfonatronaceae,Desulfonatronovibrionaceae,Desulfonauticaceae,Desulforudaceae,Desulfosalsimonadaceae,Desulfotomaculaceae,Desulfovibrionaceae,Desulfovirgulaceae,Desulfurellaceae,Desulfuribacillaceae,Desulfurobacteriaceae,Desulfuromonadaceae,Dethiobacteraceae,Dethiosulfovibrionaceae,Devosiaceae,Dissulfurispiraceae,Domibacillaceae,Dongiaceae,E44-bin32,Ectothiorhodospiraceae,Effusibacillaceae,Elsteraceae,Emcibacteraceae,Endozoicomonadaceae,Enterobacteriaceae,Enterococcaceae,EnvOPS12,Erysipelotrichaceae,Ethanoligenenaceae,Eubacteriaceae,Euzebyaceae,Exiguobacteraceae,F1-140-MAGs086,FEB-12,FEN-1099,FEN-1173,FEN-1343,FEN-1346,FW602-bin22,Fen-1088,Fen-1342,Fen-1364,Ferrovaceae,Ferrovibrionaceae,Fervidobacteriaceae,Fibrobacteraceae,Fictibacillaceae,Filifactoraceae,Fimbriimonadaceae,Flavobacteriaceae,Fusobacteriaceae,GBS-1,GBS-DC,GCA-001735895,GCA-002684695,GCA-002686595,GCA-002687715,GCA-002748355,GCA-002770795,GCA-2400775,GCA-2687025,GCA-2689995,GCA-2696645,GCA-2717185,GCA-2729495,GCA-2731375,GCA-2746155,GCA-2746185,GCA-2746255,GCA-2746425,GCA-2753255,GCA-2862545,GCA-2863065,GCF-002020875,GRL18,GWA2-58-10,GWC2-42-11,GWC2-55-46,GWC2-71-9,GWE2-31-10,GWF1-51-8,GWF2-35-9,GWF2-45-14,Ga007554,Ga0077523,Ga0077536,Ga0077539,Gaiellaceae,Gallaecimonadaceae,Gallionellaceae,Garciellaceae,Gastranaerophilaceae,Geminicoccaceae,Gemmataceae,Gemmatimonadaceae,Geoalkalibacteraceae,Geobacteraceae,Geobacteraceae_A,Geodermatophilaceae,Geopsychrobacteraceae,Geothermobacteraceae,Gottschalkiaceae,Granulosicoccaceae,HB172195,HDB-SIOI813,HGW-17,HLUCCA01,HRBIN16,HRBIN17,HRBIN21,HRBIN32,HTCC2089,Halanaerobiaceae,Halarsenatibacteraceae,Haliangiaceae,Halieaceae,Halobacillaceae,Halobacteroidaceae,Halomonadaceae,Halorhodospiraceae,Halothiobacillaceae,Helicobacteraceae,Heliobacteriaceae,Hippeaceae,Holophagaceae,Humimicrobiaceae,HyVt-429,Hydrogenimonadaceae,Hydrogenobaculaceae,Hydrogenothermaceae,Hyphomonadaceae,IMCC2047,Ignavibacteriaceae,Ilumatobacteraceae,Immundisolibacteraceae,Inquilinaceae,J004,J009,J042,J044,J045,J058,J061,J090,J093,J111,J153,JAABTG01,JAABVY01,JAACEH01,JAADGQ01,JAADHI01,JAADHS01,JAAXVQ01,JAAYCJ01,JAAYDE01,JAAYKL01,JAAYNZ01,JAAYPU01,JAAYUW01,JAAZEB01,JAAZLZ01,JAAZOE01,JABCZZ01,JABDDW01,JABDJQ01,JABDKV01,JABDQX01,JABEVD01,JABEVK01,JABHGC01,JABLXB01,JABLXJ01,JABLXN01,JABUFB01,JABWBI01,JACCZL01,JACDGC01,JACDOC01,JACIZP01,JACKCT01,JACNKJ01,JACNLC01,JACPQY01,JACQBW01,JACQFD01,JACQKK01,JACRMM01,JACZUZ01,JADFVP01,JADGCH01,JADJEK01,JADJMO01,JADJPG01,JADJWH01,JADMJV01,JADQBR01,JAEUIK01,JAEULC01,JAEUOS01,JAEUWI01,JAFGCY01,JAFGDQ01,JAFGJZ01,JAFGRV01,JAFGTP01,JAFLCA01,JAFLJP01,JAFNAJ01,JAGQZY01,JAHJOQ01,JAHJQQ01,JAHJRI01,JAHRWD01,JAJFHC01,JAJFLO01,JAJPHF01,JAJPIJ01,JAJRUJ01,JAJRXV01,JAJTBE01,JAJYTV01,JAJYVN01,JAJZPE01,JAJZQI01,JAKAFK01,JAKASW01,JAKLHH01,JAMPXM01,JANLFN01,JC228,JCM-10596,JdFR-85,JdFR-88,Jeotgalibacillaceae,K13,Kangiellaceae,Ketobacteraceae,Kiloniellaceae,Kineococcaceae,Koleobacteraceae,Kordiimonadaceae,Koribacteraceae,Krumholzibacteriaceae,Kryptoniaceae,Kyrpidiaceae,LMEP-6097,LZORAL124-64-63,Lachnospiraceae,Lacipirellulaceae,Lactobacillaceae,Latescibacteraceae,Leeiaceae,Legionellaceae,Lentisphaeraceae,Leptonemataceae,Leptospiraceae,Leptospirillaceae,Limnochordaceae,Litoricolaceae,Lutisporaceae,MES13,MWEM01,Magnetaquicoccaceae,Magnetobacteriaceae,Magnetococcaceae,Magnetospirillaceae,Magnetovibrionaceae,Mahellaceae,Manganitrophaceae,Maricaulaceae,Marinococcaceae,Marinomonadaceae,Mariprofundaceae,Marispirochaetaceae,Massilibacillaceae,Melioribacteraceae,Mesoaciditogaceae,Methylococcaceae,Methylomirabilaceae,Methylomonadaceae,Methylophagaceae,Methylophilaceae,Methylopilaceae,Methylothermaceae,Micavibrionaceae,Micrococcaceae,Micromonosporaceae,Micropepsaceae,Microtrichaceae,Midichloriaceae,Miltoncostaeaceae,Minwuiaceae,Moorellaceae,Moraxellaceae,Moritellaceae,Motilibacteraceae,Mucispirillaceae,Muirbacteriaceae,Myxococcaceae,NAC60-12,NBRC-103111,NGM72-4,NICIL-2,Nannocystaceae,Nap2-2B,Natranaerobiaceae,Natronincolaceae,Natronogracilivirgulaceae,Natronospirillaceae,Nautiliaceae,Neiellaceae,Nevskiaceae,Nitratiruptoraceae,Nitriliruptoraceae,Nitrincolaceae,Nitrococcaceae,Nitrosococcaceae,Nitrosomonadaceae,Nitrospiraceae,Nocardioidaceae,OLB16,OMII01,OSC116,Oceanibaculaceae,Oceanococcaceae,Oleiphilaceae,Oligoflexaceae,Opitutaceae,Oscillospiraceae,Oxobacteraceae,Ozemobacteraceae,PGXB01,PH28-bin88,PHBI01,PNKZ01,PR03,PUMD01,PWMO01,PWPN01,PWPR01,PWYM01,PXBQ01,Paenibacillaceae,Palsa-1104,Palsa-1178,Palsa-1400,Palsa-688,Pan216,Parvibaculaceae,Parvularculaceae,Pelotomaculaceae,Peptostreptococcaceae,Petrotogaceae,Phreatobacteraceae,Phycisphaeraceae,Pirellulaceae,Piscirickettsiaceae,Planctomycetaceae,Planococcaceae,Pleomorphomonadaceae,Polarisedimenticolaceae,Polyangiaceae,Pontiellaceae,Porticoccaceae,Propionisporaceae,Proteiniboraceae,Proteinivoraceae,Pseudohongiellaceae,Pseudomonadaceae,Pseudonocardiaceae,Pseudopelobacteraceae,Psychrobiaceae,Psychromonadaceae,Puniceispirillaceae,Pyrinomonadaceae,QNDG01,QNZT01,QOAS01,QPJT01,QZLD01,Quadrisphaeraceae,RAAP-2,RAOX-1,RBC074,RBG-13-43-22,RBG-13-55-18,RBG-16-58-11,RBG-16-64-22,RBG-16-71-46,RFNS01,RFPC01,RGIG9151,RGVZ01,RGZA01,RGZZ01,RI-55,RPPD01,RPQS01,RS24,RSA5,RSA9,RUG14156,Reconciliibacillaceae,Rectinemataceae,Rhizobiaceae,Rhodanobacteraceae,Rhodobacteraceae,Rhodobiaceae,Rhodocyclaceae,Rhodospirillaceae,Rhodothalassiaceae,Rhodothermaceae,Rhodovibrionaceae,Ruminococcaceae,S012-40,S143-82,SA4,SBBA01,SCN-69-37,SCOH01,SCQP01,SCRA01,SCSIO-06110,SG8-11,SG8-39,SG8-4,SG8-41,SHVZ01,SHXO01,SIBE01,SIT17,SK-Y3,SKKC01,SKNC01,SLAA01,SLHB01,SLMV01,SLND01,SLST01,SLTJ01,SM1A02,SM23-30,SM23-32,SM23-33,SM23-35,SMXQ01,SORT01,SURF-12,SURF-5,SV1-B22,SXON01,SXRF01,SXTU01,SZUA-140,SZUA-149,SZUA-152,SZUA-21,SZUA-229,SZUA-336,SZUA-35,SZUA-371,SZUA-540,SZUA-545,SZUA-567,SZUA-584,SZUA-6,SZUA-76,Salinibacteraceae,Salinisphaeraceae,Salinispiraceae,Salisediminibacteriaceae,Sandaracinaceae,SbA1,Scalinduaceae,Sedimentibacteraceae,Sedimenticolaceae,Sediminispirochaetaceae,Selenomonadaceae,Shewanellaceae,Silvanigrellaceae,Sneathiellaceae,Solirubrobacteraceae,Sphingomonadaceae,Spirochaetaceae_B,Spongiibacteraceae,Sporanaerobacteraceae,Sporolactobacillaceae,Sporomusaceae,Stappiaceae,Stellaceae,Steroidobacteraceae,Streptosporangiaceae,Succinivibrionaceae,Sulfobacillaceae,Sulfuricellaceae,Sulfuriferulaceae,Sulfurimonadaceae,Sulfurospirillaceae,Symbiobacteriaceae,Synergistaceae,Syntrophobotulaceae,Syntrophomonadaceae,Syntrophorhabdaceae,Syntrophotaleaceae,Syntrophothermaceae,T1SED10-28,T1Sed10-126,T3Sed10-11,TH1-2,TK06,TMED127,TMED2,TS1B11,Tenderiaceae,Tepidamorphaceae,Tepidanaerobacteraceae,Tepidibacillaceae,Tepidiformaceae,Tepidimicrobiaceae,Tepidisphaeraceae,Terasakiellaceae,Terrimicrobiaceae,Thalassobaculaceae,Thalassospiraceae,Thermacetogeniaceae,Thermaerobacteraceae,Thermoanaerobacteraceae,Thermodesulfobiaceae,Thermodesulfovibrionaceae,Thermoguttaceae,Thermohalobacteraceae,Thermoleophilaceae,Thermomicrobiaceae,Thermosediminibacteraceae,Thermosinaceae,Thermosulfidibacteraceae,Thermosynergistaceae,Thermotaleaceae,Thermotogaceae,Thermovirgaceae,Thioalkalivibrionaceae,Thiobacillaceae,Thiohalobacteraceae,Thiohalomonadaceae,Thiomicrospiraceae,Thiovulaceae,Tindalliaceae,Tissierellaceae,Tissierellaceae_A,Tissierellaceae_B,Tissierellaceae_C,Tistrellaceae,Treponemataceae,Trichloromonadaceae,Tumebacillaceae,Turneriellaceae,UB4802,UBA10030,UBA1018,UBA10575,UBA1062,UBA10806,UBA1096,UBA10988,UBA1100,UBA1113,UBA11236,UBA11320,UBA11346,UBA11358,UBA11657,UBA1172,UBA12015,UBA12059,UBA12178,UBA12225,UBA12420,UBA12454,UBA1319,UBA1321,UBA1381,UBA1444,UBA1532,UBA1609,UBA1845,UBA1877,UBA1908,UBA1924,UBA2020,UBA2136,UBA2165,UBA2242,UBA2268,UBA2385,UBA2386,UBA2392,UBA2394,UBA2428,UBA2466,UBA2595,UBA2780,UBA2964,UBA2966,UBA2968,UBA2979,UBA2999,UBA3002,UBA3065,UBA3067,UBA3941,UBA4045,UBA4055,UBA4068,UBA4093,UBA4151,UBA4427,UBA4486,UBA4575,UBA4823,UBA4971,UBA5070,UBA5301,UBA5335,UBA5352,UBA5368,UBA5500,UBA5518,UBA5550,UBA5734,UBA5745,UBA5793,UBA5829,UBA5861,UBA5962,UBA6016,UBA6077,UBA6099,UBA6156,UBA6191,UBA6429,UBA6503,UBA6522,UBA6615,UBA6663,UBA6769,UBA6776,UBA6898,UBA6901,UBA6902,UBA6906,UBA6911,UBA6930,UBA6960,UBA7434,UBA7540,UBA7541,UBA7694,UBA7701,UBA796,UBA8154,UBA8190,UBA8199,UBA8231,UBA8248,UBA8346,UBA8349,UBA8363,UBA8366,UBA840,UBA8401,UBA8473,UBA8477,UBA8639,UBA9215,UBA9216,UBA9219,UBA9220,UBA923,UBA929,UBA9464,UBA961,UBA9615,UBA9662,UBA994,UBA9968,UBA9971,UBA998,UBA9980,UM-FILTER-46-8,UMGS1260,UMGS416,UTPLA1,UTPRO1,UWMA-0217,UXAT02,Usitatibacteraceae,VBWC01,VENG01,VGDC01,VGJW01,VGOW01,VGSZ01,Vagococcaceae,Vallitaleaceae,Vampirovibrionaceae,Verruco-01,Vibrionaceae,Vicinamibacteraceae,WCHB1-27,WJJG01,WJJR01,WJKA01,WJMI01,WMHbin7,WQUN01,WQYP01,WRAA01,WRAX01,WRBN01,WRFX01,WRIO01,WSZJ01,WYAZ01,WYBJ01,Wenzhouxiangellaceae,Woeseiaceae,XN24,XYA12-FULL-58-9,XYD2-FULL-50-16,Xanthobacteraceae,Xanthomonadaceae,Xylanivirgaceae,YIM-B00363,ZC4RG38,ZCTH02-B6,Zavarziniaceae,Zgenome-0027,Zhaonellaceae,Zooshikellaceae,Zrk34
gtdb_only	1023	2-02-FULL-58-16,2-02-FULL-58-16_A,2-12-FULL-62-27,20CM-2-55-15,21-64-14,33-17,40CM-4-68-19,4484-171,4484-95,4572-78,70-9,AAA164-E04,AABM5-125-24,AE-B3A,AK92,AKS1,ARS1246,ATM1,Acanthopleuribacteraceae,Acetivibrionaceae,Acetobacteraceae,Acetohalobiaceae,Acetomicrobiaceae,Acetonemaceae,Acidaminobacteraceae,Acidibacillaceae,Acidihalobacteraceae,Acidithiobacillaceae,Acidobacteriaceae,Acidulodesulfobacteraceae,Actinomycetaceae,Acutalibacteraceae,Aeribacillaceae,Aerococcaceae,Aeromonadaceae,Aestuariirhabdaceae,Ahniellaceae,Alcanivoracaceae,Algiphilaceae,Alicyclobacillaceae,Alkalibacillaceae,Alkalibacteraceae,Alkalispirochaetaceae,Alteromonadaceae,Aminiphilaceae,Aminobacteriaceae,Ammonificaceae,Amphibacillaceae,Anaerobacillaceae,Anaerohalosphaeraceae,Anaerolineaceae,Anaeromusaceae,Anaeromyxobacteraceae,Anaerotignaceae,Anaerovoracaceae,Anammoxibacteraceae,Ancalomicrobiaceae,Aneurinibacillaceae,Anoxybacillaceae,Aquaspirillaceae,Aquicultoraceae,Aquificaceae,Aquisalimonadaceae,Arcobacteraceae,Auribacteraceae,Azospirillaceae,B11-G9,B130-G9,B1SED10-159,B1SED10-174,B28-G17,B3-G13,B3-G15,B3-LCP,B5-G15,B62-G9,B64-G9,B68-G9,BB28,BH030062,BICA1-8,BJHT01,BM714,BMS3Abin05,BMS3BBIN04,BW-2,Bacillaceae,Bacillaceae_B,Bacillaceae_C,Bacillaceae_D,Bacillaceae_F,Bacillaceae_G,Bacillaceae_H,Bacillaceae_I,Bacillaceae_J,Bacillaceae_L,Bacillaceae_N,Bacillaceae_O,Bacteriovoracaceae,Balneolaceae,Baltobacteraceae,Bdellovibrionaceae,Beijerinckiaceae,Berkiellaceae,Bog-1112,Borreliaceae,Brachyspiraceae,Bradymonadaceae,Brevibacillaceae,Breznakiellaceae,Brocadiaceae,Bryobacteraceae,Bu92,Burkholderiaceae,Burkholderiaceae_A,Burkholderiaceae_B,Burkholderiaceae_C,Burkholderiaceae_D,Butyricicoccaceae,CACIAM-22H2,CACZRW01,CADAEX01,CADDYW01,CAG-138,CAG-239,CAG-272,CAG-274,CAG-382,CAG-74,CAG-977,CAIKXV01,CAIMNF01,CAIMTB01,CAIMUX01,CAIOGM01,CAIPTA01,CAIRSR01,CAIVHJ01,CAIWAD01,CAIWXX01,CAIXPF01,CAIYQO01,CAIYYI01,CAIYYT01,CAJBBX01,CAJFVJ01,CAJQPC01,CALXOJ01,CALZJG01,CF-72,CG2-30-53-67,CGMCC-115125,CR04bin15,CSP1-4,CSP1-6,CTSoil-072,CTSoil-080,Caldanaerobiaceae,Caldatribacteriaceae,Caldibacillaceae,Caldicellulosiruptoraceae,Caldicoprobacteraceae,Caldilineaceae,Calditerrivibrionaceae,Calditrichaceae,Calescibacteriaceae,Caloramatoraceae,Caminicellaceae,Campylobacteraceae,Capsulimonadaceae,Carboxydothermaceae,Carnobacteriaceae,Casimicrobiaceae,Casp-alpha2,Caulobacteraceae,Celerinatantimonadaceae,Cellulomonadaceae,Cellulosilyticaceae,Cellvibrionaceae,Ch109,Ch115,Ch29,Chitinibacteraceae,Chitinimonadaceae,Chitinispirillaceae,Christensenellaceae,Chromatiaceae,Chromobacteriaceae,Chrysiogenaceae,Chthoniobacteraceae,Chthonomonadaceae,Clostridiaceae,Cohaesibacteraceae,Competibacteraceae,Cycloclasticaceae,Cyclonatronaceae,DC-out160,DC0425bin3,DP-6,DREG01,DRHE01,DRI-13,DRLW01,DRMK01,DRQE01,DRQF01,DSM-103792,DSM-1321,DSM-13327,DSM-15969,DSM-16500,DSM-18226,DSM-19205,DSM-19610,DSM-21159,DSM-21967,DSM-22653,DSM-24629,DSM-25281,DSM-27016,DSM-28697,DSM-2933,DSM-5069,DSM-6294,DSM-6578,DSM-8532,DTU010,DTU012,DTU013,DTU014,DTU015,DTU022,DTU025,DTU029,DTU030,DTU052,DTU065,DTU073,DTU080,DTU083,DTU084,DTU086,DTU087,DUEN01,DULZ01,DUMB01,DUMC01,DUMJ01,DUMP01,DUMU01,DUMW01,DUPL01,DUSS01,DY22613,DYLW01,Deferribacteraceae,Deferrimicrobiaceae,Deferrisomataceae,Deferrivibrionaceae,Defluviitaleaceae,Dendrosporobacteraceae,Denitrovibrionaceae,Dermatophilaceae,Desulfallaceae,Desulfitibacteraceae,Desulfitobacteriaceae,Desulfocucumaceae,Desulfofarciminaceae,Desulfohalotomaculaceae,Desulforudaceae,Desulfotomaculaceae,Desulfovirgulaceae,Desulfurellaceae,Desulfuribacillaceae,Desulfurobacteriaceae,Desulfuromonadaceae,Dethiobacteraceae,Dethiosulfovibrionaceae,Devosiaceae,Dissulfurispiraceae,Domibacillaceae,Dongiaceae,E44-bin32,Ectothiorhodospiraceae,Effusibacillaceae,Elsteraceae,Emcibacteraceae,Endozoicomonadaceae,Enterobacteriaceae,Enterococcaceae,EnvOPS12,Erysipelotrichaceae,Ethanoligenenaceae,Eubacteriaceae,Euzebyaceae,Exiguobacteraceae,F1-140-MAGs086,FEB-12,FEN-1099,FEN-1173,FEN-1343,FEN-1346,FW602-bin22,Fen-1088,Fen-1342,Fen-1364,Ferrovaceae,Ferrovibrionaceae,Fervidobacteriaceae,Fibrobacteraceae,Fictibacillaceae,Filifactoraceae,Fimbriimonadaceae,Flavobacteriaceae,Fusobacteriaceae,GBS-1,GBS-DC,GCA-001735895,GCA-002684695,GCA-002686595,GCA-002687715,GCA-002748355,GCA-002770795,GCA-2400775,GCA-2687025,GCA-2689995,GCA-2696645,GCA-2717185,GCA-2729495,GCA-2731375,GCA-2746155,GCA-2746185,GCA-2746255,GCA-2746425,GCA-2753255,GCA-2862545,GCA-2863065,GCF-002020875,GRL18,GWA2-58-10,GWC2-42-11,GWC2-55-46,GWC2-71-9,GWE2-31-10,GWF1-51-8,GWF2-35-9,GWF2-45-14,Ga007554,Ga0077523,Ga0077536,Ga0077539,Gaiellaceae,Gallaecimonadaceae,Gallionellaceae,Garciellaceae,Gastranaerophilaceae,Geminicoccaceae,Gemmataceae,Gemmatimonadaceae,Geoalkalibacteraceae,Geobacteraceae,Geobacteraceae_A,Geodermatophilaceae,Geopsychrobacteraceae,Geothermobacteraceae,Gottschalkiaceae,Granulosicoccaceae,HB172195,HDB-SIOI813,HGW-17,HLUCCA01,HRBIN16,HRBIN17,HRBIN21,HRBIN32,HTCC2089,Halanaerobiaceae,Halarsenatibacteraceae,Haliangiaceae,Halieaceae,Halobacillaceae,Halobacteroidaceae,Halomonadaceae,Halorhodospiraceae,Halothiobacillaceae,Helicobacteraceae,Heliobacteriaceae,Hippeaceae,Holophagaceae,Humimicrobiaceae,HyVt-429,Hydrogenimonadaceae,Hydrogenobaculaceae,Hydrogenothermaceae,Hyphomonadaceae,IMCC2047,Ignavibacteriaceae,Ilumatobacteraceae,Immundisolibacteraceae,Inquilinaceae,J004,J009,J042,J044,J045,J058,J061,J090,J093,J111,J153,JAABTG01,JAABVY01,JAACEH01,JAADGQ01,JAADHI01,JAADHS01,JAAXVQ01,JAAYCJ01,JAAYDE01,JAAYKL01,JAAYKM01,JAAYNZ01,JAAYPU01,JAAYUW01,JAAZEB01,JAAZLZ01,JAAZOE01,JABCZZ01,JABDDW01,JABDJQ01,JABDKV01,JABDQX01,JABEVD01,JABEVK01,JABHGC01,JABLXB01,JABLXJ01,JABLXN01,JABUFB01,JABWBI01,JACCZL01,JACDGC01,JACDOC01,JACIZP01,JACKCT01,JACNKJ01,JACNLC01,JACPQY01,JACQBW01,JACQFD01,JACQKK01,JACRGQ01,JACRLM01,JACRMM01,JACZUZ01,JADFVP01,JADGCH01,JADJEK01,JADJMO01,JADJPG01,JADJWH01,JADMJV01,JADQBR01,JAEUIK01,JAEULC01,JAEUOS01,JAEUWI01,JAFGCY01,JAFGDQ01,JAFGJZ01,JAFGRV01,JAFGTP01,JAFLCA01,JAFLJP01,JAFNAJ01,JAGOGO01,JAGQZY01,JAHJOQ01,JAHJQQ01,JAHJRI01,JAHRWD01,JAJFHC01,JAJFLO01,JAJPHF01,JAJPIJ01,JAJRUJ01,JAJRXV01,JAJTBE01,JAJYTV01,JAJYVN01,JAJZPE01,JAJZQI01,JAKAFK01,JAKASW01,JAKLHH01,JAMPXM01,JANLFN01,JC228,JCM-10596,JdFR-85,JdFR-88,Jeotgalibacillaceae,K13,Kangiellaceae,Ketobacteraceae,Kiloniellaceae,Kineococcaceae,Koleobacteraceae,Kordiimonadaceae,Koribacteraceae,Krumholzibacteriaceae,Kryptoniaceae,Kyrpidiaceae,LMEP-6097,LZORAL124-64-63,Lachnospiraceae,Lacipirellulaceae,Lactobacillaceae,Latescibacteraceae,Leeiaceae,Legionellaceae,Lentisphaeraceae,Leptonemataceae,Leptospiraceae,Leptospirillaceae,Limnochordaceae,Litoricolaceae,Lutisporaceae,MES13,MWEM01,Magnetaquicoccaceae,Magnetobacteriaceae,Magnetococcaceae,Magnetospirillaceae,Magnetovibrionaceae,Mahellaceae,Manganitrophaceae,Maricaulaceae,Marinococcaceae,Marinomonadaceae,Mariprofundaceae,Marispirochaetaceae,Massilibacillaceae,Melioribacteraceae,Mesoaciditogaceae,Methylococcaceae,Methylomirabilaceae,Methylomonadaceae,Methylophagaceae,Methylophilaceae,Methylopilaceae,Methylothermaceae,Micavibrionaceae,Micrococcaceae,Micromonosporaceae,Micropepsaceae,Microtrichaceae,Midichloriaceae,Miltoncostaeaceae,Minwuiaceae,Moorellaceae,Moraxellaceae,Moritellaceae,Motilibacteraceae,Mucispirillaceae,Muirbacteriaceae,Myxococcaceae,NAC60-12,NBRC-103111,NGM72-4,NICIL-2,Nannocystaceae,Nap2-2B,Natranaerobiaceae,Natronincolaceae,Natronogracilivirgulaceae,Natronospirillaceae,Nautiliaceae,Neiellaceae,Nevskiaceae,Nitratiruptoraceae,Nitriliruptoraceae,Nitrincolaceae,Nitrococcaceae,Nitrosococcaceae,Nitrosomonadaceae,Nitrospinaceae,Nitrospiraceae,Nocardioidaceae,OLB16,OMII01,OSC116,Oceanibaculaceae,Oceanococcaceae,Oleiphilaceae,Oligoflexaceae,Opitutaceae,Oscillospiraceae,Oxobacteraceae,Ozemobacteraceae,PGXB01,PH28-bin88,PHBD01,PHBI01,PNKZ01,PR03,PUMD01,PWMO01,PWPN01,PWPR01,PWYM01,PXBQ01,Paenibacillaceae,Palsa-1104,Palsa-1178,Palsa-1400,Palsa-688,Pan216,Parvibaculaceae,Parvularculaceae,Pelotomaculaceae,Peptostreptococcaceae,Petrotogaceae,Phreatobacteraceae,Phycisphaeraceae,Pirellulaceae,Piscirickettsiaceae,Planctomycetaceae,Planococcaceae,Pleomorphomonadaceae,Polarisedimenticolaceae,Polyangiaceae,Pontiellaceae,Porticoccaceae,Propionisporaceae,Proteiniboraceae,Proteinivoraceae,Pseudohongiellaceae,Pseudomonadaceae,Pseudonocardiaceae,Pseudopelobacteraceae,Psychrobiaceae,Psychromonadaceae,Puniceispirillaceae,Pyrinomonadaceae,QNDG01,QNZT01,QOAS01,QPJT01,QZLD01,Quadrisphaeraceae,RAAP-2,RAOX-1,RBC074,RBG-13-55-18,RBG-16-58-11,RBG-16-64-22,RBG-16-71-46,RFNS01,RFPC01,RGIG9151,RGVZ01,RGZA01,RGZZ01,RI-55,RPPD01,RPQS01,RS24,RSA5,RSA9,RUG14156,Reconciliibacillaceae,Rectinemataceae,Rhizobiaceae,Rhodanobacteraceae,Rhodobacteraceae,Rhodobiaceae,Rhodocyclaceae,Rhodospirillaceae,Rhodothalassiaceae,Rhodothermaceae,Rhodovibrionaceae,Ruminococcaceae,S012-40,S143-82,S145-22,SA4,SBBA01,SCN-69-37,SCOH01,SCQP01,SCRA01,SCSIO-06110,SG8-11,SG8-39,SG8-4,SG8-41,SHVZ01,SHXO01,SIBE01,SIT17,SK-Y3,SKKC01,SKNC01,SLAA01,SLHB01,SLMV01,SLND01,SLST01,SLTJ01,SM1A02,SM23-30,SM23-32,SM23-33,SM23-35,SM23-61,SMXQ01,SORT01,SURF-12,SURF-5,SV1-B22,SXON01,SXRF01,SXTU01,SZUA-140,SZUA-149,SZUA-152,SZUA-21,SZUA-229,SZUA-336,SZUA-35,SZUA-371,SZUA-540,SZUA-545,SZUA-567,SZUA-584,SZUA-6,SZUA-76,Salinibacteraceae,Salinisphaeraceae,Salinispiraceae,Salisediminibacteriaceae,Sandaracinaceae,SbA1,Scalinduaceae,Sedimentibacteraceae,Sedimenticolaceae,Sediminispirochaetaceae,Selenomonadaceae,Shewanellaceae,Silvanigrellaceae,Smithellaceae,Sneathiellaceae,Solirubrobacteraceae,Sphingomonadaceae,Spirochaetaceae_B,Spongiibacteraceae,Sporanaerobacteraceae,Sporolactobacillaceae,Sporomusaceae,Stappiaceae,Stellaceae,Steroidobacteraceae,Streptosporangiaceae,Succinivibrionaceae,Sulfobacillaceae,Sulfuricellaceae,Sulfuriferulaceae,Sulfurimonadaceae,Sulfurospirillaceae,Symbiobacteriaceae,Synergistaceae,Syntrophaceae,Syntrophobotulaceae,Syntrophomonadaceae,Syntrophorhabdaceae,Syntrophotaleaceae,Syntrophothermaceae,T1SED10-28,T1Sed10-126,T3Sed10-11,TH1-2,TK06,TMED127,TMED2,TS1B11,Tenderiaceae,Tepidamorphaceae,Tepidanaerobacteraceae,Tepidibacillaceae,Tepidiformaceae,Tepidimicrobiaceae,Tepidisphaeraceae,Terasakiellaceae,Terrimicrobiaceae,Thalassobaculaceae,Thalassospiraceae,Tharpellaceae,Thermacetogeniaceae,Thermaerobacteraceae,Thermoanaerobacteraceae,Thermodesulfobiaceae,Thermodesulfovibrionaceae,Thermoguttaceae,Thermohalobacteraceae,Thermoleophilaceae,Thermomicrobiaceae,Thermosediminibacteraceae,Thermosinaceae,Thermosulfidibacteraceae,Thermosynergistaceae,Thermotaleaceae,Thermotogaceae,Thermovirgaceae,Thioalkalivibrionaceae,Thiobacillaceae,Thiohalobacteraceae,Thiohalomonadaceae,Thiomicrospiraceae,Thiovulaceae,Tindalliaceae,Tissierellaceae,Tissierellaceae_A,Tissierellaceae_B,Tissierellaceae_C,Tistrellaceae,Treponemataceae,Trichloromonadaceae,Tumebacillaceae,Turneriellaceae,UB4802,UBA10030,UBA1018,UBA10575,UBA1062,UBA10806,UBA1096,UBA10988,UBA1100,UBA1113,UBA11236,UBA11320,UBA11346,UBA11358,UBA1163,UBA11657,UBA1172,UBA12015,UBA12059,UBA12178,UBA12225,UBA12420,UBA12454,UBA1319,UBA1321,UBA1381,UBA1444,UBA1532,UBA1609,UBA1845,UBA1877,UBA1908,UBA1924,UBA2020,UBA2136,UBA2165,UBA2210,UBA2242,UBA2268,UBA2385,UBA2386,UBA2392,UBA2394,UBA2428,UBA2466,UBA2595,UBA2780,UBA2964,UBA2966,UBA2968,UBA2979,UBA2999,UBA3002,UBA3065,UBA3067,UBA3941,UBA4045,UBA4055,UBA4068,UBA4093,UBA4151,UBA4427,UBA4486,UBA4575,UBA4778,UBA4823,UBA4971,UBA5070,UBA5301,UBA5335,UBA5352,UBA5368,UBA5500,UBA5518,UBA5550,UBA5619,UBA5734,UBA5745,UBA5793,UBA5829,UBA5861,UBA5962,UBA6016,UBA6077,UBA6099,UBA6156,UBA6191,UBA6429,UBA6503,UBA6522,UBA6615,UBA6663,UBA6769,UBA6776,UBA6807,UBA6898,UBA6901,UBA6902,UBA6906,UBA6911,UBA6930,UBA6960,UBA7434,UBA7540,UBA7541,UBA7694,UBA7701,UBA7883,UBA796,UBA8154,UBA8190,UBA8199,UBA8231,UBA8248,UBA8346,UBA8349,UBA8363,UBA8366,UBA840,UBA8401,UBA8473,UBA8477,UBA8639,UBA8958,UBA9215,UBA9216,UBA9219,UBA9220,UBA923,UBA929,UBA9464,UBA961,UBA9615,UBA9662,UBA994,UBA9942,UBA9968,UBA9971,UBA998,UBA9980,UM-FILTER-46-8,UMGS1260,UMGS416,UTPLA1,UTPRO1,UWMA-0217,UXAT02,Usitatibacteraceae,VBWC01,VENG01,VGDC01,VGJW01,VGOW01,VGSZ01,Vagococcaceae,Vallitaleaceae,Vampirovibrionaceae,Verruco-01,Vibrionaceae,Vicinamibacteraceae,WCHB1-27,WJJG01,WJJR01,WJKA01,WJMI01,WMHbin7,WQUN01,WQYP01,WRAA01,WRAX01,WRBN01,WRFX01,WRIO01,WSZJ01,WYAZ01,WYBJ01,Wenzhouxiangellaceae,Woeseiaceae,XN24,XYA12-FULL-58-9,XYD2-FULL-50-16,Xanthobacteraceae,Xanthomonadaceae,Xylanivirgaceae,YIM-B00363,ZC4RG38,ZCTH02-B6,Zavarziniaceae,Zgenome-0027,Zhaonellaceae,Zooshikellaceae,Zrk34
gtdb_only	1040	2-02-FULL-58-16,2-02-FULL-58-16_A,2-12-FULL-62-27,20CM-2-55-15,21-64-14,33-17,40CM-4-68-19,4484-171,4484-95,4572-78,70-9,AAA164-E04,AABM5-125-24,AE-B3A,AK92,AKS1,ARS1246,ATM1,Acanthopleuribacteraceae,Acetivibrionaceae,Acetobacteraceae,Acetohalobiaceae,Acetomicrobiaceae,Acetonemaceae,Acidaminobacteraceae,Acidibacillaceae,Acidihalobacteraceae,Acidithiobacillaceae,Acidobacteriaceae,Acidulodesulfobacteraceae,Actinomycetaceae,Acutalibacteraceae,Aeribacillaceae,Aerococcaceae,Aeromonadaceae,Aestuariirhabdaceae,Ahniellaceae,Alcanivoracaceae,Algiphilaceae,Alicyclobacillaceae,Alkalibacillaceae,Alkalibacteraceae,Alkalispirochaetaceae,Alteromonadaceae,Aminiphilaceae,Aminobacteriaceae,Ammonificaceae,Amphibacillaceae,Anaerobacillaceae,Anaerohalosphaeraceae,Anaerolineaceae,Anaeromusaceae,Anaeromyxobacteraceae,Anaerotignaceae,Anaerovoracaceae,Anammoxibacteraceae,Ancalomicrobiaceae,Aneurinibacillaceae,Anoxybacillaceae,Aquaspirillaceae,Aquicultoraceae,Aquificaceae,Aquisalimonadaceae,Arcobacteraceae,Auribacteraceae,Azospirillaceae,B11-G9,B130-G9,B1SED10-159,B1SED10-174,B28-G17,B3-G13,B3-G15,B3-LCP,B5-G15,B62-G9,B64-G9,B68-G9,BB28,BH030062,BICA1-8,BJHT01,BM004,BM714,BMS3Abin05,BMS3BBIN04,BW-2,Bacillaceae,Bacillaceae_B,Bacillaceae_C,Bacillaceae_D,Bacillaceae_F,Bacillaceae_G,Bacillaceae_H,Bacillaceae_I,Bacillaceae_J,Bacillaceae_L,Bacillaceae_N,Bacillaceae_O,Bacteriovoracaceae,Balneolaceae,Baltobacteraceae,Bdellovibrionaceae,Beijerinckiaceae,Berkiellaceae,Bog-1112,Borreliaceae,Brachyspiraceae,Bradymonadaceae,Brevibacillaceae,Breznakiellaceae,Brocadiaceae,Bryobacteraceae,Bu92,Burkholderiaceae,Burkholderiaceae_A,Burkholderiaceae_B,Burkholderiaceae_C,Burkholderiaceae_D,Butyricicoccaceae,CACIAM-22H2,CACZRW01,CADAEX01,CADDYW01,CAG-138,CAG-239,CAG-272,CAG-274,CAG-382,CAG-74,CAG-977,CAIKXV01,CAIMNF01,CAIMTB01,CAIMUX01,CAIOGM01,CAIPTA01,CAIRSR01,CAIVHJ01,CAIWAD01,CAIWXX01,CAIXPF01,CAIYQO01,CAIYYI01,CAIYYT01,CAJBBX01,CAJFVJ01,CAJQPC01,CALXOJ01,CALZJG01,CF-72,CG2-30-53-67,CGMCC-115125,CR04bin15,CSP1-4,CSP1-6,CTSoil-072,CTSoil-080,Caldanaerobiaceae,Caldatribacteriaceae,Caldibacillaceae,Caldicellulosiruptoraceae,Caldicoprobacteraceae,Caldilineaceae,Calditerrivibrionaceae,Calditrichaceae,Calescibacteriaceae,Caloramatoraceae,Caminicellaceae,Campylobacteraceae,Capsulimonadaceae,Carboxydothermaceae,Carnobacteriaceae,Casimicrobiaceae,Casp-alpha2,Caulobacteraceae,Celerinatantimonadaceae,Cellulomonadaceae,Cellulosilyticaceae,Cellvibrionaceae,Ch109,Ch115,Ch29,Chitinibacteraceae,Chitinimonadaceae,Chitinispirillaceae,Christensenellaceae,Chromatiaceae,Chromobacteriaceae,Chrysiogenaceae,Chthoniobacteraceae,Chthonomonadaceae,Clostridiaceae,Cohaesibacteraceae,Competibacteraceae,Cycloclasticaceae,Cyclonatronaceae,DC-out160,DC0425bin3,DP-6,DREG01,DRHE01,DRI-13,DRLW01,DRMK01,DRQE01,DRQF01,DSM-103792,DSM-1321,DSM-13327,DSM-15969,DSM-16500,DSM-18226,DSM-19205,DSM-19610,DSM-21159,DSM-21967,DSM-22653,DSM-24629,DSM-25281,DSM-27016,DSM-28697,DSM-2933,DSM-5069,DSM-6294,DSM-6578,DSM-8532,DTU010,DTU012,DTU013,DTU014,DTU015,DTU022,DTU025,DTU029,DTU030,DTU052,DTU065,DTU073,DTU080,DTU083,DTU084,DTU086,DTU087,DUEN01,DULZ01,DUMB01,DUMC01,DUMJ01,DUMP01,DUMU01,DUMW01,DUPL01,DUSS01,DY22613,DYLC01,DYLW01,Deferribacteraceae,Deferrimicrobiaceae,Deferrisomataceae,Deferrivibrionaceae,Defluviitaleaceae,Dendrosporobacteraceae,Denitrovibrionaceae,Dermatophilaceae,Desulfallaceae,Desulfitibacteraceae,Desulfitobacteriaceae,Desulfobulbaceae,Desulfocapsaceae,Desulfocucumaceae,Desulfofarciminaceae,Desulfofervidaceae,Desulfohalobiaceae,Desulfohalotomaculaceae,Desulfomicrobiaceae,Desulfonatronaceae,Desulfonatronovibrionaceae,Desulfonauticaceae,Desulforudaceae,Desulfotomaculaceae,Desulfovibrionaceae,Desulfovirgulaceae,Desulfurellaceae,Desulfuribacillaceae,Desulfurivibrionaceae,Desulfurobacteriaceae,Desulfuromonadaceae,Dethiobacteraceae,Dethiosulfovibrionaceae,Devosiaceae,Dissulfuribacteraceae,Dissulfurispiraceae,Domibacillaceae,Dongiaceae,E44-bin32,Ectothiorhodospiraceae,Effusibacillaceae,Elsteraceae,Emcibacteraceae,Endozoicomonadaceae,Enterobacteriaceae,Enterococcaceae,EnvOPS12,Erysipelotrichaceae,Ethanoligenenaceae,Eubacteriaceae,Euzebyaceae,Exiguobacteraceae,F1-140-MAGs086,FEB-12,FEN-1099,FEN-1173,FEN-1343,FEN-1346,FW602-bin22,Fen-1088,Fen-1342,Fen-1364,Ferrovaceae,Ferrovibrionaceae,Fervidobacteriaceae,Fibrobacteraceae,Fictibacillaceae,Filifactoraceae,Fimbriimonadaceae,Flavobacteriaceae,Fusobacteriaceae,GBS-1,GBS-DC,GCA-001735895,GCA-002684695,GCA-002686595,GCA-002687715,GCA-002748355,GCA-002770795,GCA-2400775,GCA-2687025,GCA-2689995,GCA-2696645,GCA-2717185,GCA-2729495,GCA-2731375,GCA-2746155,GCA-2746185,GCA-2746255,GCA-2746425,GCA-2753255,GCA-2862545,GCA-2863065,GCF-002020875,GRL18,GWA2-58-10,GWC2-42-11,GWC2-55-46,GWC2-71-9,GWE2-31-10,GWF1-51-8,GWF2-35-9,GWF2-45-14,Ga007554,Ga0077523,Ga0077536,Ga0077539,Gaiellaceae,Gallaecimonadaceae,Gallionellaceae,Garciellaceae,Gastranaerophilaceae,Geminicoccaceae,Gemmataceae,Gemmatimonadaceae,Geoalkalibacteraceae,Geobacteraceae,Geobacteraceae_A,Geodermatophilaceae,Geopsychrobacteraceae,Geothermobacteraceae,Gottschalkiaceae,Granulosicoccaceae,HB172195,HDB-SIOI813,HGW-17,HLUCCA01,HRBIN16,HRBIN17,HRBIN21,HRBIN32,HTCC2089,Halanaerobiaceae,Halarsenatibacteraceae,Haliangiaceae,Halieaceae,Halobacillaceae,Halobacteroidaceae,Halomonadaceae,Halorhodospiraceae,Halothiobacillaceae,Helicobacteraceae,Heliobacteriaceae,Hippeaceae,Holophagaceae,Humimicrobiaceae,HyVt-429,Hydrogenimonadaceae,Hydrogenobaculaceae,Hydrogenothermaceae,Hyphomonadaceae,IMCC2047,Ignavibacteriaceae,Ilumatobacteraceae,Immundisolibacteraceae,Inquilinaceae,J004,J009,J042,J044,J045,J058,J061,J090,J093,J111,J153,JAABTG01,JAABVY01,JAACEH01,JAADGQ01,JAADHI01,JAADHS01,JAAXVQ01,JAAYCJ01,JAAYDE01,JAAYKL01,JAAYKM01,JAAYNZ01,JAAYPU01,JAAYUW01,JAAZEB01,JAAZLZ01,JAAZOE01,JABCZZ01,JABDDW01,JABDJQ01,JABDKV01,JABDQX01,JABEVD01,JABEVK01,JABHGC01,JABLXB01,JABLXJ01,JABLXN01,JABUFB01,JABWBI01,JACCZL01,JACDGC01,JACDOC01,JACIZP01,JACKCT01,JACNKJ01,JACNLC01,JACPQY01,JACQBW01,JACQFD01,JACQKK01,JACRGQ01,JACRLM01,JACRMM01,JACZUZ01,JADFVP01,JADGCH01,JADJEK01,JADJMO01,JADJPG01,JADJWH01,JADMJV01,JADQBR01,JAEUIK01,JAEULC01,JAEUOS01,JAEUWI01,JAFGCY01,JAFGDQ01,JAFGJZ01,JAFGRV01,JAFGTP01,JAFLCA01,JAFLJP01,JAFNAJ01,JAGOGO01,JAGQZY01,JAHJOQ01,JAHJQQ01,JAHJRI01,JAHRWD01,JAJFHC01,JAJFLO01,JAJPHF01,JAJPIJ01,JAJRUJ01,JAJRXV01,JAJTBE01,JAJYTV01,JAJYVN01,JAJZPE01,JAJZQI01,JAKAFK01,JAKASW01,JAKLHH01,JAMPXM01,JANLFN01,JC228,JCM-10596,JdFR-85,JdFR-88,Jeotgalibacillaceae,K13,Kangiellaceae,Ketobacteraceae,Kiloniellaceae,Kineococcaceae,Koleobacteraceae,Kordiimonadaceae,Koribacteraceae,Krumholzibacteriaceae,Kryptoniaceae,Kyrpidiaceae,LMEP-6097,LZORAL124-64-63,Lachnospiraceae,Lacipirellulaceae,Lactobacillaceae,Latescibacteraceae,Leeiaceae,Legionellaceae,Lentisphaeraceae,Leptonemataceae,Leptospiraceae,Leptospirillaceae,Limnochordaceae,Litoricolaceae,Lutisporaceae,MES13,MWEM01,Magnetaquicoccaceae,Magnetobacteriaceae,Magnetococcaceae,Magnetospirillaceae,Magnetovibrionaceae,Mahellaceae,Manganitrophaceae,Maricaulaceae,Marinococcaceae,Marinomonadaceae,Mariprofundaceae,Marispirochaetaceae,Massilibacillaceae,Melioribacteraceae,Mesoaciditogaceae,Methylococcaceae,Methylomirabilaceae,Methylomonadaceae,Methylophagaceae,Methylophilaceae,Methylopilaceae,Methylothermaceae,Micavibrionaceae,Micrococcaceae,Micromonosporaceae,Micropepsaceae,Microtrichaceae,Midichloriaceae,Miltoncostaeaceae,Minwuiaceae,Moorellaceae,Moraxellaceae,Moritellaceae,Motilibacteraceae,Mucispirillaceae,Muirbacteriaceae,Myxococcaceae,NAC60-12,NBRC-103111,NGM72-4,NICIL-2,Nannocystaceae,Nap2-2B,Natranaerobiaceae,Natronincolaceae,Natronogracilivirgulaceae,Natronospirillaceae,Nautiliaceae,Neiellaceae,Nevskiaceae,Nitratiruptoraceae,Nitriliruptoraceae,Nitrincolaceae,Nitrococcaceae,Nitrosococcaceae,Nitrosomonadaceae,Nitrospinaceae,Nitrospiraceae,Nocardioidaceae,OLB16,OMII01,OSC116,Oceanibaculaceae,Oceanococcaceae,Oleiphilaceae,Oligoflexaceae,Opitutaceae,Oscillospiraceae,Oxobacteraceae,Ozemobacteraceae,PGXB01,PH28-bin88,PHBD01,PHBI01,PNKZ01,PR03,PUMD01,PWMO01,PWPN01,PWPR01,PWYM01,PXBQ01,Paenibacillaceae,Palsa-1104,Palsa-1178,Palsa-1400,Palsa-688,Pan216,Parvibaculaceae,Parvularculaceae,Pelotomaculaceae,Peptostreptococcaceae,Petrotogaceae,Phreatobacteraceae,Phycisphaeraceae,Pirellulaceae,Piscirickettsiaceae,Planctomycetaceae,Planococcaceae,Pleomorphomonadaceae,Polarisedimenticolaceae,Polyangiaceae,Pontiellaceae,Porticoccaceae,Propionisporaceae,Proteiniboraceae,Proteinivoraceae,Pseudohongiellaceae,Pseudomonadaceae,Pseudonocardiaceae,Pseudopelobacteraceae,Psychrobiaceae,Psychromonadaceae,Puniceispirillaceae,Pyrinomonadaceae,QNDG01,QNZT01,QOAL01,QOAS01,QPJT01,QZLD01,Quadrisphaeraceae,RAAP-2,RAOX-1,RBC074,RBG-13-55-18,RBG-16-58-11,RBG-16-64-22,RBG-16-71-46,RFNS01,RFPC01,RGIG9151,RGVZ01,RGZA01,RGZZ01,RI-55,RPPD01,RPQS01,RS24,RSA5,RSA9,RUG14156,Reconciliibacillaceae,Rectinemataceae,Rhizobiaceae,Rhodanobacteraceae,Rhodobacteraceae,Rhodobiaceae,Rhodocyclaceae,Rhodospirillaceae,Rhodothalassiaceae,Rhodothermaceae,Rhodovibrionaceae,Ruminococcaceae,S012-40,S143-82,S145-22,SA4,SBBA01,SCN-69-37,SCOH01,SCQP01,SCRA01,SCSIO-06110,SG8-11,SG8-39,SG8-4,SG8-41,SHVZ01,SHXO01,SIBE01,SIT17,SK-Y3,SKKC01,SKNC01,SLAA01,SLHB01,SLMV01,SLND01,SLST01,SLTJ01,SM1A02,SM23-30,SM23-32,SM23-33,SM23-35,SM23-61,SMXQ01,SORT01,SURF-12,SURF-5,SV1-B22,SXON01,SXRF01,SXTU01,SZUA-140,SZUA-149,SZUA-152,SZUA-21,SZUA-229,SZUA-336,SZUA-35,SZUA-371,SZUA-540,SZUA-545,SZUA-567,SZUA-584,SZUA-6,SZUA-76,Salinibacteraceae,Salinisphaeraceae,Salinispiraceae,Salisediminibacteriaceae,Sandaracinaceae,SbA1,Scalinduaceae,Sedimentibacteraceae,Sedimenticolaceae,Sediminispirochaetaceae,Selenomonadaceae,Shewanellaceae,Silvanigrellaceae,Smithellaceae,Sneathiellaceae,Solirubrobacteraceae,Sphingomonadaceae,Spirochaetaceae_B,Spongiibacteraceae,Sporanaerobacteraceae,Sporolactobacillaceae,Sporomusaceae,Stappiaceae,Stellaceae,Steroidobacteraceae,Streptosporangiaceae,Succinivibrionaceae,Sulfobacillaceae,Sulfuricellaceae,Sulfuriferulaceae,Sulfurimonadaceae,Sulfurospirillaceae,Symbiobacteriaceae,Synergistaceae,Syntrophaceae,Syntrophobotulaceae,Syntrophomonadaceae,Syntrophorhabdaceae,Syntrophotaleaceae,Syntrophothermaceae,T1SED10-28,T1Sed10-126,T3Sed10-11,TH1-2,TK06,TMED127,TMED2,TS1B11,Tenderiaceae,Tepidamorphaceae,Tepidanaerobacteraceae,Tepidibacillaceae,Tepidiformaceae,Tepidimicrobiaceae,Tepidisphaeraceae,Terasakiellaceae,Terrimicrobiaceae,Thalassobaculaceae,Thalassospiraceae,Tharpellaceae,Thermacetogeniaceae,Thermaerobacteraceae,Thermoanaerobacteraceae,Thermodesulfatatoraceae,Thermodesulfobacteriaceae,Thermodesulfobiaceae,Thermodesulfovibrionaceae,Thermoguttaceae,Thermohalobacteraceae,Thermoleophilaceae,Thermomicrobiaceae,Thermosediminibacteraceae,Thermosinaceae,Thermosulfidibacteraceae,Thermosynergistaceae,Thermotaleaceae,Thermotogaceae,Thermovirgaceae,Thioalkalivibrionaceae,Thiobacillaceae,Thiohalobacteraceae,Thiohalomonadaceae,Thiomicrospiraceae,Thiovulaceae,Tindalliaceae,Tissierellaceae,Tissierellaceae_A,Tissierellaceae_B,Tissierellaceae_C,Tistrellaceae,Treponemataceae,Trichloromonadaceae,Tumebacillaceae,Turneriellaceae,UB4802,UBA10030,UBA1018,UBA10575,UBA1062,UBA10806,UBA1096,UBA10988,UBA1100,UBA1113,UBA11236,UBA11320,UBA11346,UBA11358,UBA1163,UBA11657,UBA1172,UBA12015,UBA12059,UBA12178,UBA12225,UBA12420,UBA12454,UBA1319,UBA1321,UBA1381,UBA1444,UBA1532,UBA1609,UBA1845,UBA1877,UBA1908,UBA1924,UBA2020,UBA2136,UBA2165,UBA2210,UBA2242,UBA2268,UBA2385,UBA2386,UBA2392,UBA2394,UBA2428,UBA2466,UBA2595,UBA2780,UBA2964,UBA2966,UBA2968,UBA2979,UBA2999,UBA3002,UBA3065,UBA3067,UBA3076,UBA3941,UBA4045,UBA4055,UBA4068,UBA4093,UBA4151,UBA4427,UBA4486,UBA4575,UBA4778,UBA4823,UBA4971,UBA5070,UBA5301,UBA5335,UBA5352,UBA5368,UBA5500,UBA5518,UBA5550,UBA5619,UBA5734,UBA5745,UBA5793,UBA5829,UBA5861,UBA5962,UBA6016,UBA6077,UBA6099,UBA6156,UBA6191,UBA6429,UBA6503,UBA6522,UBA6615,UBA6663,UBA6769,UBA6776,UBA6807,UBA6898,UBA6901,UBA6902,UBA6906,UBA6911,UBA6930,UBA6960,UBA7434,UBA7540,UBA7541,UBA7694,UBA7701,UBA7883,UBA796,UBA8154,UBA8190,UBA8199,UBA8231,UBA8248,UBA8346,UBA8349,UBA8363,UBA8366,UBA840,UBA8401,UBA8473,UBA8477,UBA8639,UBA8958,UBA9215,UBA9216,UBA9219,UBA9220,UBA923,UBA929,UBA9464,UBA961,UBA9615,UBA9662,UBA994,UBA9942,UBA9968,UBA9971,UBA998,UBA9980,UM-FILTER-46-8,UMGS1260,UMGS416,UTPLA1,UTPRO1,UWMA-0217,UXAT02,Usitatibacteraceae,VBWC01,VENG01,VGDC01,VGJW01,VGOW01,VGSZ01,Vagococcaceae,Vallitaleaceae,Vampirovibrionaceae,Verruco-01,Vibrionaceae,Vicinamibacteraceae,WCHB1-27,WJJG01,WJJR01,WJKA01,WJMI01,WMHbin7,WQUN01,WQYP01,WRAA01,WRAX01,WRBN01,WRFX01,WRIO01,WSZJ01,WYAZ01,WYBJ01,Wenzhouxiangellaceae,Woeseiaceae,XN24,XYA12-FULL-58-9,XYD2-FULL-50-16,Xanthobacteraceae,Xanthomonadaceae,Xylanivirgaceae,YIM-B00363,ZC4RG38,ZCTH02-B6,Zavarziniaceae,Zgenome-0027,Zhaonellaceae,Zooshikellaceae,Zrk34
flagella_only	1045	2-02-FULL-58-16,2-02-FULL-58-16_A,2-12-FULL-62-27,20CM-2-55-15,21-64-14,33-17,40CM-4-68-19,4484-171,4484-95,4572-78,70-9,AAA164-E04,AABM5-125-24,AE-B3A,AK92,AKS1,ARS1246,ATM1,Acanthopleuribacteraceae,Acetivibrionaceae,Acetobacteraceae,Acetohalobiaceae,Acetomicrobiaceae,Acetonemaceae,Acidaminobacteraceae,Acidibacillaceae,Acidihalobacteraceae,Acidithiobacillaceae,Acidobacteriaceae,Acidulodesulfobacteraceae,Actinomycetaceae,Acutalibacteraceae,Aeribacillaceae,Aerococcaceae,Aeromonadaceae,Aestuariirhabdaceae,Ahniellaceae,Alcanivoracaceae,Algiphilaceae,Alicyclobacillaceae,Alkalibacillaceae,Alkalibacteraceae,Alkalispirochaetaceae,Alteromonadaceae,Aminiphilaceae,Aminobacteriaceae,Ammonificaceae,Amphibacillaceae,Anaerobacillaceae,Anaerohalosphaeraceae,Anaerolineaceae,Anaeromusaceae,Anaeromyxobacteraceae,Anaerotignaceae,Anaerovoracaceae,Anammoxibacteraceae,Ancalomicrobiaceae,Aneurinibacillaceae,Anoxybacillaceae,Aquaspirillaceae,Aquicultoraceae,Aquificaceae,Aquisalimonadaceae,Arcobacteraceae,Auribacteraceae,Azospirillaceae,B11-G9,B130-G9,B1SED10-159,B1SED10-174,B28-G17,B3-G13,B3-G15,B3-LCP,B30-G6,B5-G15,B62-G9,B64-G9,B68-G9,BB28,BH030062,BICA1-8,BJHT01,BM004,BM714,BMS3Abin05,BMS3BBIN04,BW-2,Bacillaceae,Bacillaceae_B,Bacillaceae_C,Bacillaceae_D,Bacillaceae_F,Bacillaceae_G,Bacillaceae_H,Bacillaceae_I,Bacillaceae_J,Bacillaceae_L,Bacillaceae_N,Bacillaceae_O,Bacteriovoracaceae,Balneolaceae,Baltobacteraceae,Bdellovibrionaceae,Beijerinckiaceae,Berkiellaceae,Bog-1112,Borreliaceae,Brachyspiraceae,Bradymonadaceae,Brevibacillaceae,Breznakiellaceae,Brocadiaceae,Bryobacteraceae,Bu92,BuS5,Burkholderiaceae,Burkholderiaceae_A,Burkholderiaceae_B,Burkholderiaceae_C,Burkholderiaceae_D,Butyricicoccaceae,CACIAM-22H2,CACZRW01,CADAEX01,CADDYW01,CAG-138,CAG-239,CAG-272,CAG-274,CAG-382,CAG-74,CAG-977,CAIKXV01,CAIMNF01,CAIMTB01,CAIMUX01,CAIOGM01,CAIPTA01,CAIRSR01,CAIVHJ01,CAIWAD01,CAIWXX01,CAIXPF01,CAIYQO01,CAIYYI01,CAIYYT01,CAJBBX01,CAJFVJ01,CAJQPC01,CALXOJ01,CALZJG01,CF-72,CG2-30-53-67,CGMCC-115125,CR04bin15,CSP1-4,CSP1-6,CTSoil-072,CTSoil-080,Caldanaerobiaceae,Caldatribacteriaceae,Caldibacillaceae,Caldicellulosiruptoraceae,Caldicoprobacteraceae,Caldilineaceae,Calditerrivibrionaceae,Calditrichaceae,Calescibacteriaceae,Caloramatoraceae,Caminicellaceae,Campylobacteraceae,Capsulimonadaceae,Carboxydothermaceae,Carnobacteriaceae,Casimicrobiaceae,Casp-alpha2,Caulobacteraceae,Celerinatantimonadaceae,Cellulomonadaceae,Cellulosilyticaceae,Cellvibrionaceae,Ch109,Ch115,Ch29,Chitinibacteraceae,Chitinimonadaceae,Chitinispirillaceae,Christensenellaceae,Chromatiaceae,Chromobacteriaceae,Chrysiogenaceae,Chthoniobacteraceae,Chthonomonadaceae,Clostridiaceae,Cohaesibacteraceae,Competibacteraceae,Cycloclasticaceae,Cyclonatronaceae,DC-out160,DC0425bin3,DP-6,DREG01,DRHE01,DRI-13,DRLW01,DRMK01,DRQE01,DRQF01,DSM-103792,DSM-1321,DSM-13327,DSM-15969,DSM-16500,DSM-18226,DSM-19205,DSM-19610,DSM-21159,DSM-21967,DSM-22653,DSM-24629,DSM-25281,DSM-27016,DSM-28697,DSM-2933,DSM-5069,DSM-6294,DSM-6578,DSM-8532,DTU010,DTU012,DTU013,DTU014,DTU015,DTU022,DTU025,DTU029,DTU030,DTU052,DTU065,DTU073,DTU080,DTU083,DTU084,DTU086,DTU087,DUEN01,DULZ01,DUMB01,DUMC01,DUMJ01,DUMP01,DUMU01,DUMW01,DUPL01,DUSS01,DY22613,DYLW01,Deferribacteraceae,Deferrimicrobiaceae,Deferrisomataceae,Deferrivibrionaceae,Defluviitaleaceae,Dendrosporobacteraceae,Denitrovibrionaceae,Dermatophilaceae,Desulfallaceae,Desulfatiglandaceae,Desulfatirhabdiaceae,Desulfitibacteraceae,Desulfitobacteriaceae,Desulfobulbaceae,Desulfocapsaceae,Desulfocucumaceae,Desulfofarciminaceae,Desulfofervidaceae,Desulfohalobiaceae,Desulfohalotomaculaceae,Desulfomicrobiaceae,Desulfonatronaceae,Desulfonatronovibrionaceae,Desulfonauticaceae,Desulforudaceae,Desulfosalsimonadaceae,Desulfosarcinaceae,Desulfotomaculaceae,Desulfovibrionaceae,Desulfovirgulaceae,Desulfurellaceae,Desulfuribacillaceae,Desulfurobacteriaceae,Desulfuromonadaceae,Dethiobacteraceae,Dethiosulfovibrionaceae,Devosiaceae,Dissulfurispiraceae,Domibacillaceae,Dongiaceae,E44-bin32,ETH-SRB1,Ectothiorhodospiraceae,Effusibacillaceae,Elsteraceae,Emcibacteraceae,Endozoicomonadaceae,Enterobacteriaceae,Enterococcaceae,EnvOPS12,Erysipelotrichaceae,Ethanoligenenaceae,Eubacteriaceae,Euzebyaceae,Exiguobacteraceae,F1-140-MAGs086,FEB-12,FEN-1099,FEN-1173,FEN-1343,FEN-1346,FW602-bin22,Fen-1088,Fen-1342,Fen-1364,Ferrovaceae,Ferrovibrionaceae,Fervidobacteriaceae,Fibrobacteraceae,Fictibacillaceae,Filifactoraceae,Fimbriimonadaceae,Flavobacteriaceae,Fusobacteriaceae,GBS-1,GBS-DC,GCA-001735895,GCA-002684695,GCA-002686595,GCA-002687715,GCA-002748355,GCA-002770795,GCA-2400775,GCA-2687025,GCA-2689995,GCA-2696645,GCA-2717185,GCA-2729495,GCA-2731375,GCA-2746155,GCA-2746185,GCA-2746255,GCA-2746425,GCA-2753255,GCA-2862545,GCA-2863065,GCF-002020875,GRL18,GWA2-58-10,GWC2-42-11,GWC2-55-46,GWC2-71-9,GWE2-31-10,GWF1-51-8,GWF2-35-9,GWF2-45-14,Ga007554,Ga0077523,Ga0077536,Ga0077539,Gaiellaceae,Gallaecimonadaceae,Gallionellaceae,Garciellaceae,Gastranaerophilaceae,Geminicoccaceae,Gemmataceae,Gemmatimonadaceae,Geoalkalibacteraceae,Geobacteraceae,Geobacteraceae_A,Geodermatophilaceae,Geopsychrobacteraceae,Geothermobacteraceae,Gottschalkiaceae,Granulosicoccaceae,HB172195,HDB-SIOI813,HGW-17,HLUCCA01,HRBIN16,HRBIN17,HRBIN21,HRBIN32,HTCC2089,Halanaerobiaceae,Halarsenatibacteraceae,Haliangiaceae,Halieaceae,Halobacillaceae,Halobacteroidaceae,Halomonadaceae,Halorhodospiraceae,Halothiobacillaceae,Helicobacteraceae,Heliobacteriaceae,Hippeaceae,Holophagaceae,Humimicrobiaceae,HyVt-429,Hydrogenimonadaceae,Hydrogenobaculaceae,Hydrogenothermaceae,Hyphomonadaceae,IMCC2047,Ignavibacteriaceae,Ilumatobacteraceae,Immundisolibacteraceae,Inquilinaceae,J004,J009,J042,J044,J045,J058,J061,J090,J093,J111,J153,JAABTG01,JAABVY01,JAACEH01,JAADGQ01,JAADHI01,JAADHS01,JAAXVQ01,JAAYCJ01,JAAYDE01,JAAYKL01,JAAYKM01,JAAYNZ01,JAAYPU01,JAAYUW01,JAAZEB01,JAAZLZ01,JAAZOE01,JABCZZ01,JABDDW01,JABDJQ01,JABDKV01,JABDQX01,JABEVD01,JABEVK01,JABHGC01,JABLXB01,JABLXJ01,JABLXN01,JABUFB01,JABWBI01,JACCZL01,JACDGC01,JACDOC01,JACIZP01,JACKCT01,JACNKJ01,JACNLC01,JACPQY01,JACQBW01,JACQFD01,JACQKK01,JACRGQ01,JACRLM01,JACRMM01,JACZUZ01,JADFVP01,JADFXK01,JADGCH01,JADJEK01,JADJMO01,JADJPG01,JADJWH01,JADMJV01,JADQBR01,JAEUIK01,JAEULC01,JAEUOS01,JAEUWI01,JAFDCJ01,JAFGCY01,JAFGDQ01,JAFGJZ01,JAFGRV01,JAFGTP01,JAFLCA01,JAFLJP01,JAFNAJ01,JAGOGO01,JAGQZY01,JAHEIW01,JAHJOQ01,JAHJQQ01,JAHJRI01,JAHRWD01,JAJFHC01,JAJFLO01,JAJPHF01,JAJPIJ01,JAJRUJ01,JAJRXV01,JAJTBE01,JAJYTV01,JAJYVN01,JAJZPE01,JAJZQI01,JAKAFK01,JAKASW01,JAKLHH01,JAMPXM01,JANLFN01,JC228,JCM-10596,JdFR-85,JdFR-88,Jeotgalibacillaceae,K13,Kangiellaceae,Ketobacteraceae,Kiloniellaceae,Kineococcaceae,Koleobacteraceae,Kordiimonadaceae,Koribacteraceae,Krumholzibacteriaceae,Kryptoniaceae,Kyrpidiaceae,LMEP-6097,LZORAL124-64-63,Lachnospiraceae,Lacipirellulaceae,Lactobacillaceae,Latescibacteraceae,Leeiaceae,Legionellaceae,Lentisphaeraceae,Leptonemataceae,Leptospiraceae,Leptospirillaceae,Limnochordaceae,Litoricolaceae,Lutisporaceae,MES13,MWEM01,Magnetaquicoccaceae,Magnetobacteriaceae,Magnetococcaceae,Magnetospirillaceae,Magnetovibrionaceae,Mahellaceae,Manganitrophaceae,Maricaulaceae,Marinococcaceae,Marinomonadaceae,Mariprofundaceae,Marispirochaetaceae,Massilibacillaceae,Melioribacteraceae,Mesoaciditogaceae,Methylococcaceae,Methylomirabilaceae,Methylomonadaceae,Methylophagaceae,Methylophilaceae,Methylopilaceae,Methylothermaceae,Micavibrionaceae,Micrococcaceae,Micromonosporaceae,Micropepsaceae,Microtrichaceae,Midichloriaceae,Miltoncostaeaceae,Minwuiaceae,Moorellaceae,Moraxellaceae,Moritellaceae,Motilibacteraceae,Mucispirillaceae,Muirbacteriaceae,Myxococcaceae,NAC60-12,NBRC-103111,NGM72-4,NICIL-2,Nannocystaceae,Nap2-2B,Natranaerobiaceae,Natronincolaceae,Natronogracilivirgulaceae,Natronospirillaceae,Nautiliaceae,Neiellaceae,Nevskiaceae,Nitratiruptoraceae,Nitriliruptoraceae,Nitrincolaceae,Nitrococcaceae,Nitrosococcaceae,Nitrosomonadaceae,Nitrospinaceae,Nitrospiraceae,Nocardioidaceae,OLB16,OMII01,OSC116,Oceanibaculaceae,Oceanococcaceae,Oleiphilaceae,Oligoflexaceae,Opitutaceae,Oscillospiraceae,Oxobacteraceae,Ozemobacteraceae,PGXB01,PH28-bin88,PHBD01,PHBI01,PNKZ01,PR03,PUMD01,PWMO01,PWPN01,PWPR01,PWYM01,PXBQ01,Paenibacillaceae,Palsa-1104,Palsa-1178,Palsa-1400,Palsa-688,Pan216,Parvibaculaceae,Parvularculaceae,Pelotomaculaceae,Peptostreptococcaceae,Petrotogaceae,Phreatobacteraceae,Phycisphaeraceae,Pirellulaceae,Piscirickettsiaceae,Planctomycetaceae,Planococcaceae,Pleomorphomonadaceae,Polarisedimenticolaceae,Polyangiaceae,Pontiellaceae,Porticoccaceae,Propionisporaceae,Proteiniboraceae,Proteinivoraceae,Pseudohongiellaceae,Pseudomonadaceae,Pseudonocardiaceae,Pseudopelobacteraceae,Psychrobiaceae,Psychromonadaceae,Puniceispirillaceae,Pyrinomonadaceae,QNDG01,QNZT01,QOAS01,QPJT01,QZLD01,Quadrisphaeraceae,RAAP-2,RAOX-1,RBC074,RBG-13-43-22,RBG-13-55-18,RBG-16-58-11,RBG-16-64-22,RBG-16-71-46,RFNS01,RFPC01,RGIG9151,RGVZ01,RGZA01,RGZZ01,RI-55,RPPD01,RPQS01,RS24,RSA5,RSA9,RUG14156,Reconciliibacillaceae,Rectinemataceae,Rhizobiaceae,Rhodanobacteraceae,Rhodobacteraceae,Rhodobiaceae,Rhodocyclaceae,Rhodospirillaceae,Rhodothalassiaceae,Rhodothermaceae,Rhodovibrionaceae,Ruminococcaceae,S012-40,S143-82,S145-22,SA4,SBBA01,SCN-69-37,SCOH01,SCQP01,SCRA01,SCSIO-06110,SG8-11,SG8-39,SG8-4,SG8-41,SHVZ01,SHXO01,SIBE01,SIT17,SK-Y3,SKKC01,SKNC01,SLAA01,SLHB01,SLMV01,SLND01,SLST01,SLTJ01,SM1A02,SM23-30,SM23-32,SM23-33,SM23-35,SMXQ01,SORT01,SURF-12,SURF-5,SV1-B22,SXON01,SXRF01,SXTU01,SZUA-140,SZUA-149,SZUA-152,SZUA-21,SZUA-229,SZUA-336,SZUA-35,SZUA-371,SZUA-540,SZUA-545,SZUA-567,SZUA-584,SZUA-6,SZUA-76,Salinibacteraceae,Salinisphaeraceae,Salinispiraceae,Salisediminibacteriaceae,Sandaracinaceae,SbA1,Scalinduaceae,Sedimentibacteraceae,Sedimenticolaceae,Sediminispirochaetaceae,Selenomonadaceae,Shewanellaceae,Silvanigrellaceae,Smithellaceae,Sneathiellaceae,Solirubrobacteraceae,Sphingomonadaceae,Spirochaetaceae_B,Spongiibacteraceae,Sporanaerobacteraceae,Sporolactobacillaceae,Sporomusaceae,Stappiaceae,Stellaceae,Steroidobacteraceae,Streptosporangiaceae,Succinivibrionaceae,Sulfobacillaceae,Sulfuricellaceae,Sulfuriferulaceae,Sulfurimonadaceae,Sulfurospirillaceae,Symbiobacteriaceae,Synergistaceae,Syntrophaceae,Syntrophobotulaceae,Syntrophomonadaceae,Syntrophorhabdaceae,Syntrophotaleaceae,Syntrophothermaceae,T1SED10-28,T1Sed10-126,T3Sed10-11,TH1-2,TK06,TMED127,TMED2,TS1B11,Tenderiaceae,Tepidamorphaceae,Tepidanaerobacteraceae,Tepidibacillaceae,Tepidiformaceae,Tepidimicrobiaceae,Tepidisphaeraceae,Terasakiellaceae,Terrimicrobiaceae,Thalassobaculaceae,Thalassospiraceae,Tharpellaceae,Thermacetogeniaceae,Thermaerobacteraceae,Thermoanaerobacteraceae,Thermodesulfobiaceae,Thermodesulfovibrionaceae,Thermoguttaceae,Thermohalobacteraceae,Thermoleophilaceae,Thermomicrobiaceae,Thermosediminibacteraceae,Thermosinaceae,Thermosulfidibacteraceae,Thermosynergistaceae,Thermotaleaceae,Thermotogaceae,Thermovirgaceae,Thioalkalivibrionaceae,Thiobacillaceae,Thiohalobacteraceae,Thiohalomonadaceae,Thiomicrospiraceae,Thiovulaceae,Tindalliaceae,Tissierellaceae,Tissierellaceae_A,Tissierellaceae_B,Tissierellaceae_C,Tistrellaceae,Treponemataceae,Trichloromonadaceae,Tumebacillaceae,Turneriellaceae,UB4802,UBA10030,UBA1018,UBA10575,UBA1062,UBA10806,UBA1096,UBA10988,UBA1100,UBA1113,UBA11236,UBA11320,UBA11346,UBA11358,UBA11657,UBA1172,UBA12015,UBA12059,UBA12178,UBA12225,UBA12420,UBA12454,UBA1319,UBA1321,UBA1381,UBA1444,UBA1532,UBA1609,UBA1845,UBA1877,UBA1908,UBA1924,UBA2020,UBA2136,UBA2165,UBA2174_A,UBA2210,UBA2242,UBA2268,UBA2385,UBA2386,UBA2392,UBA2394,UBA2428,UBA2466,UBA2595,UBA2780,UBA2964,UBA2966,UBA2968,UBA2979,UBA2999,UBA3002,UBA3065,UBA3067,UBA3076,UBA3941,UBA4045,UBA4055,UBA4068,UBA4093,UBA4151,UBA4427,UBA4486,UBA4575,UBA4778,UBA4823,UBA4971,UBA5070,UBA5301,UBA5335,UBA5352,UBA5368,UBA5500,UBA5518,UBA5550,UBA5619,UBA5734,UBA5745,UBA5793,UBA5829,UBA5852,UBA5861,UBA5962,UBA6016,UBA6077,UBA6099,UBA6156,UBA6191,UBA6429,UBA6503,UBA6522,UBA6615,UBA6663,UBA6769,UBA6776,UBA6807,UBA6898,UBA6901,UBA6902,UBA6906,UBA6911,UBA6930,UBA6960,UBA7434,UBA7540,UBA7541,UBA7694,UBA7701,UBA7883,UBA796,UBA8154,UBA8190,UBA8199,UBA8231,UBA8248,UBA8346,UBA8349,UBA8363,UBA8366,UBA840,UBA8401,UBA8473,UBA8477,UBA8639,UBA8958,UBA9215,UBA9216,UBA9219,UBA9220,UBA923,UBA929,UBA9464,UBA961,UBA9615,UBA9662,UBA994,UBA9942,UBA9968,UBA9971,UBA998,UBA9980,UM-FILTER-46-8,UMGS1260,UMGS416,UTPLA1,UTPRO1,UWMA-0217,UXAT02,Usitatibacteraceae,VBWC01,VENG01,VGDC01,VGJW01,VGOW01,VGSZ01,Vagococcaceae,Vallitaleaceae,Vampirovibrionaceae,Verruco-01,Vibrionaceae,Vicinamibacteraceae,WCHB1-27,WJJG01,WJJR01,WJKA01,WJMI01,WMHbin7,WQUN01,WQYP01,WRAA01,WRAX01,WRBN01,WRFX01,WRIO01,WSZJ01,WYAZ01,WYBJ01,Wenzhouxiangellaceae,Woeseiaceae,XN24,XYA12-FULL-58-9,XYD2-FULL-50-16,Xanthobacteraceae,Xanthomonadaceae,Xylanivirgaceae,YIM-B00363,ZC4RG38,ZCTH02-B6,Zavarziniaceae,Zgenome-0027,Zhaonellaceae,Zooshikellaceae,Zrk34
flagella_only	1048	2-02-FULL-58-16,2-02-FULL-58-16_A,2-12-FULL-62-27,20CM-2-55-15,21-64-14,33-17,40CM-4-68-19,4484-171,4484-95,4572-78,70-9,AAA164-E04,AABM5-125-24,AE-B3A,AK92,AKS1,ARS1246,ATM1,Acanthopleuribacteraceae,Acetivibrionaceae,Acetobacteraceae,Acetohalobiaceae,Acetomicrobiaceae,Acetonemaceae,Acidaminobacteraceae,Acidibacillaceae,Acidihalobacteraceae,Acidithiobacillaceae,Acidobacteriaceae,Acidulodesulfobacteraceae,Actinomycetaceae,Acutalibacteraceae,Aeribacillaceae,Aerococcaceae,Aeromonadaceae,Aestuariirhabdaceae,Ahniellaceae,Alcanivoracaceae,Algiphilaceae,Alicyclobacillaceae,Alkalibacillaceae,Alkalibacteraceae,Alkalispirochaetaceae,Alteromonadaceae,Aminiphilaceae,Aminobacteriaceae,Ammonificaceae,Amphibacillaceae,Anaerobacillaceae,Anaerohalosphaeraceae,Anaerolineaceae,Anaeromusaceae,Anaeromyxobacteraceae,Anaerotignaceae,Anaerovoracaceae,Anammoxibacteraceae,Ancalomicrobiaceae,Aneurinibacillaceae,Anoxybacillaceae,Aquaspirillaceae,Aquicultoraceae,Aquificaceae,Aquisalimonadaceae,Arcobacteraceae,Auribacteraceae,Azospirillaceae,B11-G9,B130-G9,B1SED10-159,B1SED10-174,B28-G17,B3-G13,B3-G15,B3-LCP,B30-G6,B5-G15,B62-G9,B64-G9,B68-G9,BB28,BH030062,BICA1-8,BJHT01,BM004,BM714,BMS3Abin05,BMS3BBIN04,BW-2,Bacillaceae,Bacillaceae_B,Bacillaceae_C,Bacillaceae_D,Bacillaceae_F,Bacillaceae_G,Bacillaceae_H,Bacillaceae_I,Bacillaceae_J,Bacillaceae_L,Bacillaceae_N,Bacillaceae_O,Bacteriovoracaceae,Balneolaceae,Baltobacteraceae,Bdellovibrionaceae,Beijerinckiaceae,Berkiellaceae,Bog-1112,Borreliaceae,Brachyspiraceae,Bradymonadaceae,Brevibacillaceae,Breznakiellaceae,Brocadiaceae,Bryobacteraceae,Bu92,BuS5,Burkholderiaceae,Burkholderiaceae_A,Burkholderiaceae_B,Burkholderiaceae_C,Burkholderiaceae_D,Butyricicoccaceae,CACIAM-22H2,CACZRW01,CADAEX01,CADDYW01,CAG-138,CAG-239,CAG-272,CAG-274,CAG-382,CAG-74,CAG-977,CAIKXV01,CAIMNF01,CAIMTB01,CAIMUX01,CAIOGM01,CAIPTA01,CAIRSR01,CAIVHJ01,CAIWAD01,CAIWXX01,CAIXPF01,CAIYQO01,CAIYYI01,CAIYYT01,CAJBBX01,CAJFVJ01,CAJQPC01,CALXOJ01,CALZJG01,CF-72,CG2-30-53-67,CGMCC-115125,CR04bin15,CSP1-4,CSP1-6,CTSoil-072,CTSoil-080,Caldanaerobiaceae,Caldatribacteriaceae,Caldibacillaceae,Caldicellulosiruptoraceae,Caldicoprobacteraceae,Caldilineaceae,Calditerrivibrionaceae,Calditrichaceae,Calescibacteriaceae,Caloramatoraceae,Caminicellaceae,Campylobacteraceae,Capsulimonadaceae,Carboxydothermaceae,Carnobacteriaceae,Casimicrobiaceae,Casp-alpha2,Caulobacteraceae,Celerinatantimonadaceae,Cellulomonadaceae,Cellulosilyticaceae,Cellvibrionaceae,Ch109,Ch115,Ch29,Chitinibacteraceae,Chitinimonadaceae,Chitinispirillaceae,Christensenellaceae,Chromatiaceae,Chromobacteriaceae,Chrysiogenaceae,Chthoniobacteraceae,Chthonomonadaceae,Clostridiaceae,Cohaesibacteraceae,Competibacteraceae,Cycloclasticaceae,Cyclonatronaceae,DC-out160,DC0425bin3,DP-6,DREG01,DRHE01,DRI-13,DRLW01,DRMK01,DRQE01,DRQF01,DSM-103792,DSM-1321,DSM-13327,DSM-15969,DSM-16500,DSM-18226,DSM-19205,DSM-19610,DSM-21159,DSM-21967,DSM-22653,DSM-24629,DSM-25281,DSM-27016,DSM-28697,DSM-2933,DSM-5069,DSM-6294,DSM-6578,DSM-8532,DSM-9756,DTU010,DTU012,DTU013,DTU014,DTU015,DTU022,DTU025,DTU029,DTU030,DTU052,DTU065,DTU073,DTU080,DTU083,DTU084,DTU086,DTU087,DUEN01,DULZ01,DUMB01,DUMC01,DUMJ01,DUMP01,DUMU01,DUMW01,DUPL01,DUSS01,DY22613,DYLW01,Deferribacteraceae,Deferrimicrobiaceae,Deferrisomataceae,Deferrivibrionaceae,Defluviitaleaceae,Dendrosporobacteraceae,Denitrovibrionaceae,Dermatophilaceae,Desulfallaceae,Desulfatiglandaceae,Desulfatirhabdiaceae,Desulfitibacteraceae,Desulfitobacteriaceae,Desulfobulbaceae,Desulfocapsaceae,Desulfocucumaceae,Desulfofarciminaceae,Desulfofervidaceae,Desulfohalobiaceae,Desulfohalotomaculaceae,Desulfomicrobiaceae,Desulfonatronaceae,Desulfonatronovibrionaceae,Desulfonauticaceae,Desulforudaceae,Desulfosalsimonadaceae,Desulfosarcinaceae,Desulfotomaculaceae,Desulfovibrionaceae,Desulfovirgulaceae,Desulfurellaceae,Desulfuribacillaceae,Desulfurobacteriaceae,Desulfuromonadaceae,Dethiobacteraceae,Dethiosulfovibrionaceae,Devosiaceae,Dissulfurispiraceae,Domibacillaceae,Dongiaceae,E44-bin32,ETH-SRB1,Ectothiorhodospiraceae,Effusibacillaceae,Elsteraceae,Emcibacteraceae,Endozoicomonadaceae,Enterobacteriaceae,Enterococcaceae,EnvOPS12,Erysipelotrichaceae,Ethanoligenenaceae,Eubacteriaceae,Euzebyaceae,Exiguobacteraceae,F1-140-MAGs086,FEB-12,FEN-1099,FEN-1173,FEN-1343,FEN-1346,FW602-bin22,Fen-1088,Fen-1342,Fen-1364,Ferrovaceae,Ferrovibrionaceae,Fervidobacteriaceae,Fibrobacteraceae,Fictibacillaceae,Filifactoraceae,Fimbriimonadaceae,Flavobacteriaceae,Fusobacteriaceae,GBS-1,GBS-DC,GCA-001735895,GCA-002684695,GCA-002686595,GCA-002687715,GCA-002748355,GCA-002770795,GCA-2400775,GCA-2687025,GCA-2689995,GCA-2696645,GCA-2717185,GCA-2729495,GCA-2731375,GCA-2746155,GCA-2746185,GCA-2746255,GCA-2746425,GCA-2753255,GCA-2862545,GCA-2863065,GCF-002020875,GRL18,GWA2-58-10,GWC2-42-11,GWC2-55-46,GWC2-71-9,GWE2-31-10,GWF1-51-8,GWF2-35-9,GWF2-45-14,Ga007554,Ga0077523,Ga0077536,Ga0077539,Gaiellaceae,Gallaecimonadaceae,Gallionellaceae,Garciellaceae,Gastranaerophilaceae,Geminicoccaceae,Gemmataceae,Gemmatimonadaceae,Geoalkalibacteraceae,Geobacteraceae,Geobacteraceae_A,Geodermatophilaceae,Geopsychrobacteraceae,Geothermobacteraceae,Gottschalkiaceae,Granulosicoccaceae,HB172195,HDB-SIOI813,HGW-17,HLUCCA01,HRBIN16,HRBIN17,HRBIN21,HRBIN32,HTCC2089,Halanaerobiaceae,Halarsenatibacteraceae,Haliangiaceae,Halieaceae,Halobacillaceae,Halobacteroidaceae,Halomonadaceae,Halorhodospiraceae,Halothiobacillaceae,Helicobacteraceae,Heliobacteriaceae,Hippeaceae,Holophagaceae,Humimicrobiaceae,HyVt-429,Hydrogenimonadaceae,Hydrogenobaculaceae,Hydrogenothermaceae,Hyphomonadaceae,IMCC2047,Ignavibacteriaceae,Ilumatobacteraceae,Immundisolibacteraceae,Inquilinaceae,J004,J009,J042,J044,J045,J058,J061,J090,J093,J111,J153,JAABTG01,JAABVY01,JAACEH01,JAADGQ01,JAADHI01,JAADHS01,JAAXVQ01,JAAYCJ01,JAAYDE01,JAAYKL01,JAAYKM01,JAAYNZ01,JAAYPU01,JAAYUW01,JAAZEB01,JAAZLZ01,JAAZOE01,JABCZZ01,JABDDW01,JABDJQ01,JABDKV01,JABDQX01,JABEVD01,JABEVK01,JABHGC01,JABLXB01,JABLXJ01,JABLXN01,JABUFB01,JABWBI01,JACCZL01,JACDGC01,JACDOC01,JACIZP01,JACKCT01,JACNKJ01,JACNLC01,JACPQY01,JACQBW01,JACQFD01,JACQKK01,JACRGQ01,JACRLM01,JACRMM01,JACZUZ01,JADFVP01,JADFXK01,JADGCH01,JADJEK01,JADJMO01,JADJPG01,JADJWH01,JADMJV01,JADQBR01,JAEUIK01,JAEULC01,JAEUOS01,JAEUWI01,JAFDCJ01,JAFGCY01,JAFGDQ01,JAFGJZ01,JAFGRV01,JAFGTP01,JAFLCA01,JAFLJP01,JAFNAJ01,JAGOGO01,JAGQZY01,JAHEIW01,JAHJOQ01,JAHJQQ01,JAHJRI01,JAHRWD01,JAJFHC01,JAJFLO01,JAJPHF01,JAJPIJ01,JAJRUJ01,JAJRXV01,JAJTBE01,JAJYTV01,JAJYVN01,JAJZPE01,JAJZQI01,JAKAFK01,JAKASW01,JAKLHH01,JAMPXM01,JANLFN01,JC228,JCM-10596,JdFR-85,JdFR-88,Jeotgalibacillaceae,K13,Kangiellaceae,Ketobacteraceae,Kiloniellaceae,Kineococcaceae,Koleobacteraceae,Kordiimonadaceae,Koribacteraceae,Krumholzibacteriaceae,Kryptoniaceae,Kyrpidiaceae,LMEP-6097,LZORAL124-64-63,Lachnospiraceae,Lacipirellulaceae,Lactobacillaceae,Latescibacteraceae,Leeiaceae,Legionellaceae,Lentisphaeraceae,Leptonemataceae,Leptospiraceae,Leptospirillaceae,Limnochordaceae,Litoricolaceae,Lutisporaceae,MES13,MWEM01,Magnetaquicoccaceae,Magnetobacteriaceae,Magnetococcaceae,Magnetospirillaceae,Magnetovibrionaceae,Mahellaceae,Manganitrophaceae,Maricaulaceae,Marinococcaceae,Marinomonadaceae,Mariprofundaceae,Marispirochaetaceae,Massilibacillaceae,Melioribacteraceae,Mesoaciditogaceae,Methylococcaceae,Methylomirabilaceae,Methylomonadaceae,Methylophagaceae,Methylophilaceae,Methylopilaceae,Methylothermaceae,Micavibrionaceae,Micrococcaceae,Micromonosporaceae,Micropepsaceae,Microtrichaceae,Midichloriaceae,Miltoncostaeaceae,Minwuiaceae,Moorellaceae,Moraxellaceae,Moritellaceae,Motilibacteraceae,Mucispirillaceae,Muirbacteriaceae,Myxococcaceae,NAC60-12,NBRC-103111,NGM72-4,NICIL-2,Nannocystaceae,Nap2-2B,Natranaerobiaceae,Natronincolaceae,Natronogracilivirgulaceae,Natronospirillaceae,Nautiliaceae,Neiellaceae,Nevskiaceae,Nitratiruptoraceae,Nitriliruptoraceae,Nitrincolaceae,Nitrococcaceae,Nitrosococcaceae,Nitrosomonadaceae,Nitrospinaceae,Nitrospiraceae,Nocardioidaceae,OLB16,OMII01,OSC116,Oceanibaculaceae,Oceanococcaceae,Oleiphilaceae,Oligoflexaceae,Opitutaceae,Oscillospiraceae,Oxobacteraceae,Ozemobacteraceae,PGXB01,PH28-bin88,PHBD01,PHBI01,PNKZ01,PR03,PUMD01,PWMO01,PWPN01,PWPR01,PWYM01,PXBQ01,Paenibacillaceae,Palsa-1104,Palsa-1178,Palsa-1400,Palsa-688,Pan216,Parvibaculaceae,Parvularculaceae,Pelotomaculaceae,Peptostreptococcaceae,Petrotogaceae,Phreatobacteraceae,Phycisphaeraceae,Pirellulaceae,Piscirickettsiaceae,Planctomycetaceae,Planococcaceae,Pleomorphomonadaceae,Polarisedimenticolaceae,Polyangiaceae,Pontiellaceae,Porticoccaceae,Propionisporaceae,Proteiniboraceae,Proteinivoraceae,Pseudohongiellaceae,Pseudomonadaceae,Pseudonocardiaceae,Pseudopelobacteraceae,Psychrobiaceae,Psychromonadaceae,Puniceispirillaceae,Pyrinomonadaceae,QNDG01,QNZT01,QOAS01,QPJT01,QZLD01,Quadrisphaeraceae,RAAP-2,RAOX-1,RBC074,RBG-13-43-22,RBG-13-55-18,RBG-16-58-11,RBG-16-64-22,RBG-16-71-46,RFNS01,RFPC01,RGIG9151,RGVZ01,RGZA01,RGZZ01,RI-55,RPPD01,RPQS01,RS24,RSA5,RSA9,RUG14156,Reconciliibacillaceae,Rectinemataceae,Rhizobiaceae,Rhodanobacteraceae,Rhodobacteraceae,Rhodobiaceae,Rhodocyclaceae,Rhodospirillaceae,Rhodothalassiaceae,Rhodothermaceae,Rhodovibrionaceae,Ruminococcaceae,S012-40,S143-82,S145-22,SA4,SBBA01,SCN-69-37,SCOH01,SCQP01,SCRA01,SCSIO-06110,SG8-11,SG8-39,SG8-4,SG8-41,SHVZ01,SHXO01,SIBE01,SIT17,SK-Y3,SKKC01,SKNC01,SLAA01,SLHB01,SLMV01,SLND01,SLST01,SLTJ01,SM1A02,SM23-30,SM23-32,SM23-33,SM23-35,SMXQ01,SORT01,SURF-12,SURF-5,SV1-B22,SXON01,SXRF01,SXTU01,SZUA-140,SZUA-149,SZUA-152,SZUA-21,SZUA-229,SZUA-336,SZUA-35,SZUA-371,SZUA-540,SZUA-545,SZUA-567,SZUA-584,SZUA-6,SZUA-76,Salinibacteraceae,Salinisphaeraceae,Salinispiraceae,Salisediminibacteriaceae,Sandaracinaceae,SbA1,Scalinduaceae,Sedimentibacteraceae,Sedimenticolaceae,Sediminispirochaetaceae,Selenomonadaceae,Shewanellaceae,Silvanigrellaceae,Smithellaceae,Sneathiellaceae,Solirubrobacteraceae,Sphingomonadaceae,Spirochaetaceae_B,Spongiibacteraceae,Sporanaerobacteraceae,Sporolactobacillaceae,Sporomusaceae,Stappiaceae,Stellaceae,Steroidobacteraceae,Streptosporangiaceae,Succinivibrionaceae,Sulfobacillaceae,Sulfuricellaceae,Sulfuriferulaceae,Sulfurimonadaceae,Sulfurospirillaceae,Symbiobacteriaceae,Synergistaceae,Syntrophaceae,Syntrophobacteraceae,Syntrophobotulaceae,Syntrophomonadaceae,Syntrophorhabdaceae,Syntrophotaleaceae,Syntrophothermaceae,T1SED10-28,T1Sed10-126,T3Sed10-11,TH1-2,TK06,TMED127,TMED2,TS1B11,Tenderiaceae,Tepidamorphaceae,Tepidanaerobacteraceae,Tepidibacillaceae,Tepidiformaceae,Tepidimicrobiaceae,Tepidisphaeraceae,Terasakiellaceae,Terrimicrobiaceae,Thalassobaculaceae,Thalassospiraceae,Tharpellaceae,Thermacetogeniaceae,Thermaerobacteraceae,Thermoanaerobacteraceae,Thermodesulfobiaceae,Thermodesulforhabdaceae,Thermodesulfovibrionaceae,Thermoguttaceae,Thermohalobacteraceae,Thermoleophilaceae,Thermomicrobiaceae,Thermosediminibacteraceae,Thermosinaceae,Thermosulfidibacteraceae,Thermosynergistaceae,Thermotaleaceae,Thermotogaceae,Thermovirgaceae,Thioalkalivibrionaceae,Thiobacillaceae,Thiohalobacteraceae,Thiohalomonadaceae,Thiomicrospiraceae,Thiovulaceae,Tindalliaceae,Tissierellaceae,Tissierellaceae_A,Tissierellaceae_B,Tissierellaceae_C,Tistrellaceae,Treponemataceae,Trichloromonadaceae,Tumebacillaceae,Turneriellaceae,UB4802,UBA10030,UBA1018,UBA10575,UBA1062,UBA10806,UBA1096,UBA10988,UBA1100,UBA1113,UBA11236,UBA11320,UBA11346,UBA11358,UBA11657,UBA1172,UBA12015,UBA12059,UBA12178,UBA12225,UBA12420,UBA12454,UBA1319,UBA1321,UBA1381,UBA1444,UBA1532,UBA1609,UBA1845,UBA1877,UBA1908,UBA1924,UBA2020,UBA2136,UBA2165,UBA2174_A,UBA2210,UBA2242,UBA2268,UBA2385,UBA2386,UBA2392,UBA2394,UBA2428,UBA2466,UBA2595,UBA2780,UBA2964,UBA2966,UBA2968,UBA2979,UBA2999,UBA3002,UBA3065,UBA3067,UBA3076,UBA3941,UBA4045,UBA4055,UBA4068,UBA4093,UBA4151,UBA4427,UBA4486,UBA4575,UBA4778,UBA4823,UBA4971,UBA5070,UBA5301,UBA5335,UBA5352,UBA5368,UBA5500,UBA5518,UBA5550,UBA5619,UBA5734,UBA5745,UBA5793,UBA5829,UBA5852,UBA5861,UBA5962,UBA6016,UBA6077,UBA6099,UBA6156,UBA6191,UBA6429,UBA6503,UBA6522,UBA6615,UBA6663,UBA6769,UBA6776,UBA6807,UBA6898,UBA6901,UBA6902,UBA6906,UBA6911,UBA6930,UBA6960,UBA7434,UBA7540,UBA7541,UBA7694,UBA7701,UBA7883,UBA796,UBA8154,UBA8190,UBA8199,UBA8231,UBA8248,UBA8346,UBA8349,UBA8363,UBA8366,UBA840,UBA8401,UBA8473,UBA8477,UBA8639,UBA8958,UBA9215,UBA9216,UBA9219,UBA9220,UBA923,UBA929,UBA9464,UBA961,UBA9615,UBA9662,UBA994,UBA9942,UBA9968,UBA9971,UBA998,UBA9980,UM-FILTER-46-8,UMGS1260,UMGS416,UTPLA1,UTPRO1,UWMA-0217,UXAT02,Usitatibacteraceae,VBWC01,VENG01,VGDC01,VGJW01,VGOW01,VGSZ01,Vagococcaceae,Vallitaleaceae,Vampirovibrionaceae,Verruco-01,Vibrionaceae,Vicinamibacteraceae,WCHB1-27,WJJG01,WJJR01,WJKA01,WJMI01,WMHbin7,WQUN01,WQYP01,WRAA01,WRAX01,WRBN01,WRFX01,WRIO01,WSZJ01,WYAZ01,WYBJ01,Wenzhouxiangellaceae,Woeseiaceae,XN24,XYA12-FULL-58-9,XYD2-FULL-50-16,Xanthobacteraceae,Xanthomonadaceae,Xylanivirgaceae,YIM-B00363,ZC4RG38,ZCTH02-B6,Zavarziniaceae,Zgenome-0027,Zhaonellaceae,Zooshikellaceae,Zrk34
