source	clade_size	clade_members
gtdb_only	2	Parvibaculales,Rhizobiales
gtdb_only	2	4484-113,UBA6099
gtdb_only	2	JC444,UBA9216
gtdb_only	2	MPNO01,UBA6615
gtdb_only	2	CAIMUX01,RBG-16-71-46
gtdb_only	2	B21-G9,MWEM01
gtdb_only	2	Azospirillales,DSM-16000
gtdb_only	2	JABEVK01,Spirochaetales_E
gtdb_only	2	Syntrophales,UBA1062
gtdb_only	2	Limnochordales,Limnochordales_A
gtdb_only	2	DRMK01,UBA6429
gtdb_only	2	Bradymonadales,UBA7976
gtdb_only	2	Phycisphaerales,Tepidisphaerales
gtdb_only	2	JAAYKL01,Polyangiales
gtdb_only	2	CADAEX01,JAFGXN01
gtdb_only	2	Armatimonadales,Chthonomonadales
gtdb_only	2	DTU010,DTU087
gtdb_only	2	Caulobacterales,Micropepsales
gtdb_only	2	Enterobacterales_A,Pseudomonadales
gtdb_only	2	Bryobacterales,Terriglobales
gtdb_only	2	JdFR-76,QNDG01
gtdb_only	2	JAADHS01,Tenderiales
gtdb_only	2	Erysipelotrichales,Lactobacillales
gtdb_only	2	CAIWAD01,UBA4055
gtdb_only	2	Bacillales_G,Bacillales_H
gtdb_only	2	Aquicultorales,Humimicrobiales
gtdb_only	2	QYQD01,RBG-13-43-22
gtdb_only	2	B62-G9,JAAYUW01
gtdb_only	2	Ch66,Thermacetogeniales
gtdb_only	2	UBA4151,UBA727
gtdb_only	2	SZUA-567,UBA11346
gtdb_only	2	Saccharofermentanales,UBA1212
gtdb_only	2	Acidithiobacillales,Burkholderiales
gtdb_only	2	Brocadiales,SM23-32
gtdb_only	2	Fimbriimonadales,HRBIN16
gtdb_only	2	GCA-2687025,WGA-4E
gtdb_only	2	Thermodesulfovibrionales,UBA6902
gtdb_only	2	UBA5500,UBA994
gtdb_only	2	Desulfuromonadales,Geobacterales
gtdb_only	2	DUMW01,JAAZLZ01
gtdb_only	2	Haliangiales,Palsa-1104
gtdb_only	2	Euzebyales,Nitriliruptorales
gtdb_only	2	CR04bin15,DRLW01
gtdb_only	2	Alicyclobacillales,Tumebacillales
gtdb_only	2	Rickettsiales,TMED127
gtdb_only	2	Halanaerobiales,Halobacteroidales
gtdb_only	2	DSM-1736,Selenomonadales
gtdb_only	2	Calditrichales,RBG-13-44-9
gtdb_only	2	Nevskiales,UBA5335
gtdb_only	2	DTU022,SKNC01
gtdb_only	2	JAFLJP01,SZUA-152
gtdb_only	2	BW-2,GRL18
gtdb_only	2	GCA-2400775,VBWC01
gtdb_only	2	HGW-17,Nannocystales
gtdb_only	2	AABM5-125-24,B3-LCP
gtdb_only	2	J058,UBA1146
gtdb_only	2	Duberdicusellales,S143-82
gtdb_only	2	Oceanibaculales,SHVZ01
gtdb_only	2	4572-78,Anaerolineales
gtdb_only	2	Acidiferrobacterales,Arenicellales
gtdb_only	2	Puniceispirillales,Thalassobaculales
gtdb_only	2	2-12-FULL-62-27,T1Sed10-126
gtdb_only	2	AKS1,S012-40
gtdb_only	2	WYAZ01,XYA12-FULL-58-9
gtdb_only	2	JAAXVQ01,PGYV01
gtdb_only	2	Desulfofervidales,Desulfovibrionales
gtdb_only	2	UBA1135,UBA2386
gtdb_only	2	Competibacterales,Nitrococcales
gtdb_only	2	Brachyspirales,COTS27
gtdb_only	2	Geminicoccales,Tistrellales
gtdb_only	2	JAJYWN01,Symbiobacteriales
gtdb_only	2	Marinisomatales,SCGC-AAA003-L08
gtdb_only	2	Chthoniobacterales,Methylacidiphilales
gtdb_only	2	JACIZP01,UBA2214
gtdb_only	2	DTU086,Desulfitibacterales
gtdb_only	2	Anaeroferrophillales,S145-22
gtdb_only	2	Fibrobacterales,UBA11236
gtdb_only	2	Oscillospirales,UBA1381
gtdb_only	2	GCA-2729495,Woeseiales
gtdb_only	2	PWYM01,UBA6522
gtdb_only	2	Gaiellales,Miltoncostaeales
gtdb_only	2	Acidimicrobiales,IMCC26256
gtdb_only	2	Caldilineales,DUEN01
gtdb_only	2	Acetobacterales,Rhodospirillales
gtdb_only	2	Aquificales,Hydrogenothermales
gtdb_only	2	JAGOGO01,UBA8473
gtdb_only	2	CACIAM-22H2,JAEULC01
gtdb_only	2	GCA-2746255,SMXQ01
gtdb_only	2	Acidulodesulfobacterales,Syntrophorhabdales
gtdb_only	2	Desulfitobacteriales,Heliobacteriales
gtdb_only	2	Ectothiorhodospirales,Ectothiorhodospirales_A
gtdb_only	2	B1SED10-174,DY22613
gtdb_only	2	Muirbacteriales,UBA9980
gtdb_only	2	RGZZ01,Xenobiales
gtdb_only	2	Desulfatiglandales,JADFXK01
gtdb_only	2	Mycobacteriales,Streptosporangiales
gtdb_only	2	GCA-001735895,SZUA-229
gtdb_only	2	CTSoil-072,UMGS1260
gtdb_only	2	BMS3BBIN04,RPQS01
gtdb_only	2	B68-G9,Latescibacterales
gtdb_only	2	Bacteroidales,Flavobacteriales
gtdb_only	2	Granulosicoccales,UBA5861
flagella_only	2	GCA-001735895,UBA5861
flagella_only	2	Motilibacterales,Streptosporangiales
flagella_only	2	DTU087,JAAZLZ01
flagella_only	2	Nevskiales,Xanthomonadales
flagella_only	2	Natranaerobiales,Proteinivoracales
flagella_only	2	DRMK01,Thiohalomonadales
flagella_only	2	B62-G9,JAHITG01
flagella_only	2	AABM5-125-24,BMS3BBIN04
flagella_only	2	Desulfatiglandales,JAGOGO01
flagella_only	2	2-12-FULL-62-27,UBA8481
flagella_only	2	Gaiellales,Solirubrobacterales
flagella_only	2	Marinisomatales,UBA2242
flagella_only	2	Halothiobacillales,Nitrococcales
flagella_only	2	Berkiellales,Piscirickettsiales
flagella_only	2	JAFLJP01,S012-40
flagella_only	2	Chthonomonadales,HRBIN16
flagella_only	2	PGYV01,UBA6099
flagella_only	2	B28-G17,WGA-4E
flagella_only	2	Chitinivibrionales,OXYB2-FULL-49-7
flagella_only	2	Alicyclobacillales,Kyrpidiales
flagella_only	2	PWYM01,XN24
flagella_only	2	Auribacterales,Brocadiales
flagella_only	2	SM23-33,Sedimentisphaerales
flagella_only	2	UBA4151,UBA7976
flagella_only	2	GCA-002687715,UBA1135
flagella_only	2	BSN033,SM23-61
flagella_only	2	Acidiferrobacterales,Competibacterales
flagella_only	2	FEN-1173,UBA5377
flagella_only	2	DY22613,Halobacteroidales
flagella_only	2	GCA-2729495,UBA6522
flagella_only	2	Oscillospirales,UBA4068
flagella_only	2	Puniceispirillales,TMED127
flagella_only	2	Bradymonadales,HGW-17
flagella_only	2	Oceanibaculales,Thalassobaculales
flagella_only	2	Burkholderiales,Enterobacterales
flagella_only	2	JAEULC01,SMXQ01
flagella_only	2	JADFXK01,S145-22
flagella_only	2	RF32,Rhodospirillales
flagella_only	2	4484-113,Humimicrobiales
flagella_only	2	Acidulodesulfobacterales,Leptospirillales
flagella_only	2	DRLW01,JdFR-76
flagella_only	2	Fibrobacterales,UBA5070
flagella_only	2	Desulfobulbales,Desulfuromonadales
flagella_only	2	Monoglobales,UBA1381
flagella_only	2	Cloacimonadales,UBA4055
flagella_only	2	Caldalkalibacillales,Tepidibacillales
flagella_only	2	Haliangiales,Nannocystales
flagella_only	2	4572-78,DUEN01
flagella_only	2	QNDG01,UBA2214
flagella_only	2	Dethiobacterales,SKNC01
flagella_only	2	FW602-bin22,UBA6077
flagella_only	2	JABDKV01,Woeseiales
flagella_only	2	Clostridiales,Lactobacillales
flagella_only	2	B15-G4,UBA2386
flagella_only	2	GCF-002020875,Thiomicrospirales
flagella_only	2	UBA4575,UWMA-0217
flagella_only	2	CAIMUX01,JABDJQ01
flagella_only	2	Aerophobales,B26-G9
flagella_only	2	Caulobacterales,Parvibaculales
flagella_only	2	CTSoil-072,Sporomusales_B
flagella_only	2	JAJTBE01,Xenobiales
flagella_only	2	Fen-1088,Myxococcales
flagella_only	2	Ectothiorhodospirales_A,J044
flagella_only	2	Dongiales,Kiloniellales
flagella_only	2	HDB-SIOI813,RBG-16-64-22
flagella_only	2	Deferrimicrobiales,UBA8473
flagella_only	2	Deferrisomatales,JAJRXV01
flagella_only	2	Sporomusales,Sporomusales_C
flagella_only	2	Nitriliruptorales,UBA5794
flagella_only	2	Ferrovibrionales,Zavarziniales
flagella_only	2	Ch66,Syntrophomonadales
flagella_only	2	Elsterales,UBA9219
flagella_only	2	CG2-30-53-67,Desulfofervidales
flagella_only	2	Fusobacteriales,Muirbacteriales
flagella_only	2	Chthoniobacterales,Opitutales
flagella_only	2	20CM-2-55-15,UBA6911
flagella_only	2	Desulfurobacteriales,Hydrogenothermales
flagella_only	2	Atribacterales,DUMJ01
gtdb_only	3	DRMK01,Thiohalomonadales,UBA6429
gtdb_only	3	Chthoniobacterales,Methylacidiphilales,Pedosphaerales
gtdb_only	3	Caldicoprobacterales,Christensenellales,Mahellales
gtdb_only	3	Ectothiorhodospirales,Ectothiorhodospirales_A,J044
gtdb_only	3	Alicyclobacillales,Kyrpidiales,Tumebacillales
gtdb_only	3	Anaeromusales,CTSoil-072,UMGS1260
gtdb_only	3	Erysipelotrichales,Exiguobacterales,Lactobacillales
gtdb_only	3	JAFLJP01,SG8-11,SZUA-152
gtdb_only	3	JAAYCJ01,Sedimentisphaerales,UBA1845
gtdb_only	3	Marinisomatales,SCGC-AAA003-L08,UBA8477
gtdb_only	3	HRBIN17,UBA10988,UBA5377
gtdb_only	3	Fen-1088,Haliangiales,Palsa-1104
gtdb_only	3	DTU086,Desulfitibacterales,JADQBR01
gtdb_only	3	Anaeroferrophillales,Deferrimicrobiales,S145-22
gtdb_only	3	B28-G17,GCA-2687025,WGA-4E
gtdb_only	3	Acidulodesulfobacterales,Calescibacteriales,Syntrophorhabdales
gtdb_only	3	Acidimicrobiales,IMCC26256,UBA5794
gtdb_only	3	B15-G4,UBA1135,UBA2386
gtdb_only	3	Micavibrionales,TMED2,UBA9219
gtdb_only	3	CALZJG01,Ga0077554,JAADGQ01
gtdb_only	3	Desulfuromonadales,Geobacterales,JAJRXV01
gtdb_only	3	Elsterales,Oceanibaculales,SHVZ01
gtdb_only	3	Granulosicoccales,Halothiobacillales,UBA5861
gtdb_only	3	Pan216,Pirellulales,Planctomycetales
gtdb_only	3	DTU080,Limnochordales,Limnochordales_A
gtdb_only	3	JAGOGO01,SM23-61,UBA8473
gtdb_only	3	Bacteriovoracales,CAIPTA01,UBA1018
gtdb_only	3	Atribacterales,GBS-1,Synergistales
gtdb_only	3	FW602-bin22,Tepidiformales,UBA2979
gtdb_only	3	Monoglobales,Oscillospirales,UBA1381
gtdb_only	3	Caulobacterales,Micropepsales,Rhodobacterales
gtdb_only	3	J058,UBA1146,UBA2392
gtdb_only	3	Azospirillales,DSM-16000,Kiloniellales
gtdb_only	3	2-12-FULL-62-27,T1Sed10-126,UBA8481
gtdb_only	3	Phycisphaerales,Tepidisphaerales,WQYP01
gtdb_only	3	DSM-16500,Legionellales,UBA1113
gtdb_only	3	Coprothermobacterales,DUMJ01,Thermodesulfobiales
gtdb_only	3	RBG-16-64-22,Thermodesulfovibrionales,UBA6902
gtdb_only	3	Adiutricales,Desulfarculales,Desulfobaccales
gtdb_only	3	21-64-14,HK1,JAABTG01
gtdb_only	3	GWA2-58-10,Gemmatimonadales,Longimicrobiales
gtdb_only	3	Eubacteriales,Peptostreptococcales,Tissierellales
gtdb_only	3	Desulfitobacteriales,Heliobacteriales,UBA4068
gtdb_only	3	Petrotogales,Thermotogales,UBA12178
gtdb_only	3	JACRGQ01,Nitrospinales,UBA7883
gtdb_only	3	BW-2,GCF-002020875,GRL18
gtdb_only	3	B26-G9,Duberdicusellales,S143-82
gtdb_only	3	PWPR01,UBA5500,UBA994
gtdb_only	3	FEN-1173,JAAXVQ01,PGYV01
gtdb_only	3	Desulfobulbales,Dissulfuribacterales,Thermodesulfobacteriales
flagella_only	3	Caldalkalibacillales,Paenibacillales,Tepidibacillales
flagella_only	3	BSN033,QYQD01,SM23-61
flagella_only	3	Erysipelotrichales,Oscillospirales,UBA4068
flagella_only	3	Duberdicusellales,PGYV01,UBA6099
flagella_only	3	CALZJG01,Ga0077554,VBWC01
flagella_only	3	B62-G9,Brachyspirales,JAHITG01
flagella_only	3	JAEULC01,SMXQ01,UBA6615
flagella_only	3	FW602-bin22,Thermomicrobiales,UBA6077
flagella_only	3	Euzebyales,Nitriliruptorales,UBA5794
flagella_only	3	Acidithiobacillales,Burkholderiales,Enterobacterales
flagella_only	3	Latescibacterales,UBA2968,UBA8231
flagella_only	3	JAAYCJ01,Tepidisphaerales,UBA1845
flagella_only	3	Flavobacteriales,Puniceispirillales,TMED127
flagella_only	3	Monoglobales,UBA1212,UBA1381
flagella_only	3	Granulosicoccales,UBA4575,UWMA-0217
flagella_only	3	GCA-001735895,SZUA-229,UBA5861
flagella_only	3	DTU030,DUMP01,UBA5500
flagella_only	3	DULZ01,JADQBR01,PH28-bin88
flagella_only	3	JABDKV01,SLND01,Woeseiales
flagella_only	3	Ectothiorhodospirales,PWYM01,XN24
flagella_only	3	Gemmatimonadales,Longimicrobiales,RBG-16-71-46
flagella_only	3	Armatimonadales,Chthonomonadales,HRBIN16
flagella_only	3	CAIYQO01,UBA5829,WVXJ01
flagella_only	3	Acidoferrales,Terriglobales,UBA7540
flagella_only	3	Acetivibrionales,Acetivibrionales_A,SK-Y3
flagella_only	3	Caedimonadales,Paracaedibacterales,Rickettsiales
flagella_only	3	RF32,Rhodospirillales,Rhodospirillales_A
flagella_only	3	DSM-1736,Sporomusales,Sporomusales_C
flagella_only	3	JACRGQ01,UBA7883,UBA9942
flagella_only	3	B21-G9,Thermotogales,UBA12178
flagella_only	3	Berkiellales,Piscirickettsiales,UBA1113
flagella_only	3	CG2-30-53-67,Desulfofervidales,GWA2-38-11
flagella_only	3	GCA-2731375,Minwuiales,Sneathiellales
flagella_only	3	FEN-1346,SM23-33,Sedimentisphaerales
flagella_only	3	AABM5-125-24,B3-LCP,BMS3BBIN04
flagella_only	3	MHYJ01,UBA2392,WSZJ01
flagella_only	3	Fen-1088,Myxococcales,UBA727
flagella_only	3	Aerophobales,B26-G9,S143-82
flagella_only	3	DTU010,DTU087,JAAZLZ01
flagella_only	3	Baltobacterales,JAJZYS01,Sulfobacillales
flagella_only	3	Acidiferrobacterales,Arenicellales,Competibacterales
flagella_only	3	B130-G9,Deferrisomatales,JAJRXV01
flagella_only	3	Marinisomatales,UBA2242,UBA8477
flagella_only	3	Oceanibaculales,SHVZ01,Thalassobaculales
flagella_only	3	Deferrimicrobiales,UBA6902,UBA8473
flagella_only	3	Haliangiales,Nannocystales,Polyangiales
flagella_only	3	Limnocylindrales,Tepidiformales,UBA2979
flagella_only	3	Chthoniobacterales,Opitutales,Pedosphaerales
flagella_only	3	JACIZP01,QNDG01,UBA2214
flagella_only	3	B28-G17,DTPJ01,WGA-4E
flagella_only	3	Desulfobulbales,Desulfuromonadales,Geobacterales
flagella_only	3	DY22613,Halanaerobiales,Halobacteroidales
flagella_only	3	Chromatiales,JABHGC01,Methylococcales
flagella_only	3	B11-G9,DSM-16054,UBA9216
flagella_only	3	4572-78,Anaerolineales,DUEN01
flagella_only	3	Nevskiales,Steroidobacterales,Xanthomonadales
flagella_only	3	20CM-2-55-15,UBA6911,Vicinamibacterales
gtdb_only	4	21-64-14,CAIRSR01,HK1,JAABTG01
gtdb_only	4	Muirbacteriales,Ozemobacterales,UBA6191,UBA9980
gtdb_only	4	Acetivibrionales,Acetivibrionales_A,Saccharofermentanales,UBA1212
gtdb_only	4	CR04bin15,DRLW01,JACIZP01,UBA2214
gtdb_only	4	Fen-1088,GCA-2747355,Haliangiales,Palsa-1104
gtdb_only	4	Ga0077536,JAJPIJ01,Nitrosococcales,UBA4486
gtdb_only	4	JAJYVM01,RBS10-35,SLMV01,Thermaerobacterales
gtdb_only	4	Anaeromusales,CTSoil-072,Propionisporales,UMGS1260
gtdb_only	4	Bradymonadales,GCA-2863065,PHBI01,UBA7976
gtdb_only	4	Fibrobacterales,OXYB2-FULL-49-7,UBA11236,UBA5070
gtdb_only	4	Brocadiales,MHYJ01,SM23-32,WSZJ01
gtdb_only	4	Bacteroidales,Balneolales,Flavobacteriales,Rhodothermales
gtdb_only	4	JAHITG01,Leptospirales,Turneriellales,UBA4802
gtdb_only	4	FW602-bin22,Tepidiformales,UBA2979,UBA6077
gtdb_only	4	Gemmatales,Pan216,Pirellulales,Planctomycetales
gtdb_only	4	BSN033,JAGOGO01,SM23-61,UBA8473
gtdb_only	4	Marinisomatales,SCGC-AAA003-L08,UBA2242,UBA8477
gtdb_only	4	AABM5-125-24,B3-LCP,BMS3BBIN04,RPQS01
gtdb_only	4	B11-G9,DSM-16054,JC444,UBA9216
gtdb_only	4	C00003060,Desulfatiglandales,Desulfobacterales,JADFXK01
gtdb_only	4	ATCC43930,Elsterales,Oceanibaculales,SHVZ01
gtdb_only	4	Berkiellales,DSM-16500,Legionellales,UBA1113
gtdb_only	4	UBA4151,UBA727,WYAZ01,XYA12-FULL-58-9
gtdb_only	4	Auribacterales,B26-G9,Duberdicusellales,S143-82
gtdb_only	4	Acidiferrobacterales,Acidithiobacillales,Arenicellales,Burkholderiales
gtdb_only	4	Baltobacterales,JAJTBE01,RGZZ01,Xenobiales
gtdb_only	4	Ectothiorhodospirales,Ectothiorhodospirales_A,J044,UBA4575
gtdb_only	4	HDB-SIOI813,JACQBW01,Nitrospirales,SBBL01
gtdb_only	4	DTU022,Dethiobacterales,Natranaerobiales,SKNC01
gtdb_only	4	DSM-19610,JAHJQQ01,SZUA-21,Thiohalobacterales
gtdb_only	4	BW-2,GCF-002020875,GRL18,JABHGC01
gtdb_only	4	B68-G9,Latescibacterales,UBA2968,UBA8231
gtdb_only	4	Monoglobales,Oscillospirales,SK-Y3,UBA1381
gtdb_only	4	Oligoflexales,SZUA-149,Silvanigrellales,UBA2361
gtdb_only	4	GCA-2729495,PWYM01,UBA6522,Woeseiales
gtdb_only	4	Bacteriovoracales,CAIPTA01,UBA1018,UBA2428
gtdb_only	4	JAAYCJ01,SM23-33,Sedimentisphaerales,UBA1845
gtdb_only	4	Anaeroferrophillales,Deferrimicrobiales,Deferrisomatales,S145-22
flagella_only	4	Koleobacterales,Natranaerobiales,Proteinivoracales,Thermosediminibacterales
flagella_only	4	GWF2-35-9,Gastranaerophilales,LMEP-6097,Vampirovibrionales
flagella_only	4	B21-G9,Petrotogales,Thermotogales,UBA12178
flagella_only	4	C00003060,Desulfatiglandales,Desulfobacterales,JAGOGO01
flagella_only	4	DTU010,DTU087,JAAZLZ01,Limnochordales_A
flagella_only	4	MHYJ01,UBA1146,UBA2392,WSZJ01
flagella_only	4	B68-G9,JACIZP01,QNDG01,UBA2214
flagella_only	4	FEN-1173,HRBIN17,UBA10988,UBA5377
flagella_only	4	JAAXVQ01,JAJTBE01,RGZZ01,Xenobiales
flagella_only	4	DTU086,DULZ01,JADQBR01,PH28-bin88
flagella_only	4	Elsterales,Micavibrionales,TMED2,UBA9219
flagella_only	4	CAIYQO01,JAAZEB01,UBA5829,WVXJ01
flagella_only	4	20CM-2-55-15,CAIWXX01,UBA6911,Vicinamibacterales
flagella_only	4	RF32,Rhodospirillales,Rhodospirillales_A,UBA8366
flagella_only	4	Carboxydocellales,Ch66,Syntrophomonadales,Thermincolales
flagella_only	4	Balneolales,CAIMUX01,JABDJQ01,Rhodothermales
flagella_only	4	Fen-1088,Myxococcales,Palsa-1104,UBA727
flagella_only	4	CSP1-3,Gaiellales,Miltoncostaeales,Solirubrobacterales
flagella_only	4	Bdellovibrionales,CAIPTA01,JABDDW01,UBA1018
flagella_only	4	Monoglobales,Saccharofermentanales,UBA1212,UBA1381
flagella_only	4	Erysipelotrichales,Eubacteriales,Oscillospirales,UBA4068
flagella_only	4	Flavobacteriales,Puniceispirillales,Sphingomonadales,TMED127
flagella_only	4	Nevskiales,Steroidobacterales,UBA5335,Xanthomonadales
flagella_only	4	JAAYCJ01,Tepidisphaerales,UBA1845,WQYP01
flagella_only	4	Berkiellales,Enterobacterales_A,Piscirickettsiales,UBA1113
flagella_only	4	21-64-14,DSM-19610,JAHJQQ01,Thiohalobacterales
flagella_only	4	AABM5-125-24,B3-LCP,BMS3BBIN04,CAIWAD01
flagella_only	4	Calditrichales,Marinisomatales,UBA2242,UBA8477
flagella_only	4	GWC2-55-46,HDB-SIOI813,RBG-16-64-22,UBA9637
flagella_only	4	GCA-2747355,Haliangiales,Nannocystales,Polyangiales
flagella_only	4	Bacillales,Bacillales_D,Bacillales_H,Bacillales_I
flagella_only	4	Aquificales,Calescibacteriales,Desulfurobacteriales,Hydrogenothermales
flagella_only	4	Deferrimicrobiales,RBG-13-43-22,UBA6902,UBA8473
flagella_only	4	Fusobacteriales,Muirbacteriales,Ozemobacterales,UBA6191
flagella_only	4	DTU015,DUSP01,JABLXB01,JAJYWN01
flagella_only	4	GCA-2731375,Minwuiales,Sneathiellales,UBA2966
flagella_only	4	DSM-1736,Sporomusales,Sporomusales_A,Sporomusales_C
flagella_only	4	DRMK01,JAFLJP01,S012-40,Thiohalomonadales
flagella_only	4	B62-G9,Brachyspirales,Brevinematales,JAHITG01
flagella_only	4	Atribacterales,DUMJ01,GBS-1,Synergistales
flagella_only	4	B11-G9,DSM-16054,SPDA01,UBA9216
gtdb_only	5	DRI-13,Desulfitobacteriales,Heliobacteriales,Peptococcales,UBA4068
gtdb_only	5	ARS1246,B11-G9,DSM-16054,JC444,UBA9216
gtdb_only	5	Motilibacterales,Mycobacteriales,Nanopelagicales,Propionibacteriales,Streptosporangiales
gtdb_only	5	20CM-2-55-15,Acidoferrales,Bryobacterales,Terriglobales,UBA7540
gtdb_only	5	Berkiellales,DSM-16500,Legionellales,Piscirickettsiales,UBA1113
gtdb_only	5	B21-G9,MWEM01,Petrotogales,Thermotogales,UBA12178
gtdb_only	5	GCA-2729495,PWYM01,UBA6522,Woeseiales,XN24
gtdb_only	5	Aerophobales,Auribacterales,B26-G9,Duberdicusellales,S143-82
gtdb_only	5	Desulfobulbales,Desulfofervidales,Desulfovibrionales,Dissulfuribacterales,Thermodesulfobacteriales
gtdb_only	5	JABWBI01,MVZB01,OLB16,SURF-12,UBA8349
gtdb_only	5	Ectothiorhodospirales,Ectothiorhodospirales_A,J044,UBA4575,UWMA-0217
gtdb_only	5	4572-78,Anaerolineales,Caldilineales,DUEN01,Thermomicrobiales
gtdb_only	5	GCA-2400775,JADJWH01,SZUA-140,SZUA-76,VBWC01
gtdb_only	5	GCA-001735895,Granulosicoccales,Halothiobacillales,SZUA-229,UBA5861
gtdb_only	5	Acidiferrobacterales,Acidithiobacillales,Arenicellales,Burkholderiales,Immundisolibacterales
gtdb_only	5	CAIMUX01,JACNKJ01,Krumholzibacteriales,LZORAL124-64-63,RBG-16-71-46
gtdb_only	5	Myxococcales,UBA4151,UBA727,WYAZ01,XYA12-FULL-58-9
gtdb_only	5	Ch29,Eubacteriales,Lutisporales,Peptostreptococcales,Tissierellales
gtdb_only	5	Marinisomatales,SCGC-AAA003-L08,SORT01,UBA2242,UBA8477
gtdb_only	5	DTU022,Dethiobacterales,Natranaerobiales,Proteinivoracales,SKNC01
gtdb_only	5	Caulobacterales,Micropepsales,Parvibaculales,Rhizobiales,Rhodobacterales
gtdb_only	5	Acetivibrionales,Acetivibrionales_A,Saccharofermentanales,TANB77,UBA1212
gtdb_only	5	Gastranaerophilales,LMEP-6097,S15B-MN24,UBA7694,Vampirovibrionales
gtdb_only	5	Armatimonadales,Chthonomonadales,Fimbriimonadales,HRBIN16,UBA5829
gtdb_only	5	Ammonifexales,Carboxydocellales,Carboxydothermales,Desulfotomaculales,Thermincolales
gtdb_only	5	DTU030,DUMP01,PWPR01,UBA5500,UBA994
gtdb_only	5	DTU080,DUMW01,JAAZLZ01,Limnochordales,Limnochordales_A
gtdb_only	5	DTU015,DUSP01,JABLXB01,JAJZYS01,Sulfobacillales
gtdb_only	5	JACRGQ01,Nitrospinales,UBA7883,UBA8248,UBA9942
flagella_only	5	FEN-1099,JABWBI01,JACKCT01,MVZB01,UBA8349
flagella_only	5	BSN033,Dissulfuribacterales,QYQD01,SM23-61,Thermodesulfobacteriales
flagella_only	5	DTU010,DTU080,DTU087,JAAZLZ01,Limnochordales_A
flagella_only	5	C00003060,Desulfatiglandales,Desulfobacterales,JAGOGO01,Syntrophales
flagella_only	5	Christensenellales,Monoglobales,Saccharofermentanales,UBA1212,UBA1381
flagella_only	5	GCA-2747355,Haliangiales,Nannocystales,Polyangiales,XYA12-FULL-58-9
flagella_only	5	B15-G4,GCA-002687715,J058,UBA1135,UBA2386
flagella_only	5	B62-G9,Brachyspirales,Brevinematales,JAAYUW01,JAHITG01
flagella_only	5	Acetivibrionales,Acetivibrionales_A,Ch29,Lutisporales,SK-Y3
flagella_only	5	Calditrichales,Marinisomatales,SCGC-AAA003-L08,UBA2242,UBA8477
flagella_only	5	Aneurinibacillales,Brevibacillales,Caldalkalibacillales,Paenibacillales,Tepidibacillales
flagella_only	5	Ga0077536,HK1,JAABTG01,JAJPIJ01,UBA4486
flagella_only	5	Bacteriovoracales,Bdellovibrionales,CAIPTA01,JABDDW01,UBA1018
flagella_only	5	ARS1246,B11-G9,DSM-16054,SPDA01,UBA9216
flagella_only	5	Ectothiorhodospirales,Ectothiorhodospirales_A,J044,PWYM01,XN24
flagella_only	5	Dongiales,JAEULC01,Kiloniellales,SMXQ01,UBA6615
flagella_only	5	Deferrimicrobiales,RBG-13-43-22,Thermodesulfovibrionales,UBA6902,UBA8473
flagella_only	5	JAAYCJ01,Phycisphaerales,Tepidisphaerales,UBA1845,WQYP01
flagella_only	5	CSP1-3,Gaiellales,Geothermincolales,Miltoncostaeales,Solirubrobacterales
flagella_only	5	Aquicultorales,Ch115,DTU014,DTUO25,UBA4971
flagella_only	5	B21-G9,Mesoaciditogales,Petrotogales,Thermotogales,UBA12178
flagella_only	5	DSM-1736,Propionisporales,Sporomusales,Sporomusales_A,Sporomusales_C
flagella_only	5	DTU015,DUSP01,JABLXB01,JAJYWN01,Symbiobacteriales
flagella_only	5	MHYJ01,SZUA-567,UBA1146,UBA2392,WSZJ01
flagella_only	5	Berkiellales,Enterobacterales_A,Piscirickettsiales,Pseudomonadales,UBA1113
flagella_only	5	Aerophobales,Auribacterales,B26-G9,Brocadiales,S143-82
flagella_only	5	AABM5-125-24,B3-LCP,BMS3BBIN04,CAIWAD01,RPQS01
flagella_only	5	GCA-2729495,JABDKV01,SLND01,UBA6522,Woeseiales
flagella_only	5	Carboxydocellales,Ch66,Heliobacteriales,Syntrophomonadales,Thermincolales
flagella_only	5	Actinomycetales,Motilibacterales,Mycobacteriales,Propionibacteriales,Streptosporangiales
flagella_only	5	DRMK01,JAFLJP01,S012-40,Thiohalomonadales,UBA6429
gtdb_only	6	Caulobacterales,Micropepsales,Parvibaculales,Rhizobiales,Rhodobacterales,Zavarziniales
gtdb_only	6	BW-2,Chromatiales,GCF-002020875,GRL18,JABHGC01,Methylococcales
gtdb_only	6	Ch29,Clostridiales,Eubacteriales,Lutisporales,Peptostreptococcales,Tissierellales
gtdb_only	6	Armatimonadales,Chthonomonadales,Fimbriimonadales,HRBIN16,JAAZEB01,UBA5829
gtdb_only	6	C00003060,Desulfatiglandales,Desulfobacterales,JADFXK01,QYQD01,RBG-13-43-22
gtdb_only	6	CR04bin15,DRLW01,JACIZP01,JdFR-76,QNDG01,UBA2214
gtdb_only	6	CAIMUX01,JABDJQ01,JACNKJ01,Krumholzibacteriales,LZORAL124-64-63,RBG-16-71-46
gtdb_only	6	ATCC43930,CACIAM-22H2,Elsterales,JAEULC01,Oceanibaculales,SHVZ01
gtdb_only	6	GCA-2729495,JABDKV01,PWYM01,UBA6522,Woeseiales,XN24
gtdb_only	6	BSN033,GWC2-55-46,JAGOGO01,SM23-61,UBA8473,UBA9637
gtdb_only	6	GWA2-38-11,JACRGQ01,Nitrospinales,UBA7883,UBA8248,UBA9942
gtdb_only	6	AABM5-125-24,B3-LCP,BMS3BBIN04,CAIWAD01,RPQS01,UBA4055
gtdb_only	6	B28-G17,DTPJ01,GCA-2687025,Hydrogenedentiales,SURF-5,WGA-4E
gtdb_only	6	Fen-1088,GCA-2747355,HGW-17,Haliangiales,Nannocystales,Palsa-1104
gtdb_only	6	Anaeromusales,CTSoil-072,DSM-1736,Propionisporales,Selenomonadales,UMGS1260
gtdb_only	6	Bradymonadales,GCA-2863065,PHBI01,UBA796,UBA7976,UBA9615
gtdb_only	6	Aquificales,Campylobacterales,Desulfurellales,Desulfurobacteriales,Hydrogenothermales,Nautiliales
gtdb_only	6	DP-6,SZUA-336,UBA12015,UBA9160,UBA9968,UTPRO1
gtdb_only	6	DRMK01,JAFLJP01,SG8-11,SZUA-152,Thiohalomonadales,UBA6429
gtdb_only	6	B64-G9,Myxococcales,UBA4151,UBA727,WYAZ01,XYA12-FULL-58-9
gtdb_only	6	Ch115,DTU014,DTUO25,UBA10575,UBA4971,UBA8346
gtdb_only	6	GWF2-35-9,Gastranaerophilales,LMEP-6097,S15B-MN24,UBA7694,Vampirovibrionales
flagella_only	6	DRMK01,JAFLJP01,S012-40,SZUA-152,Thiohalomonadales,UBA6429
flagella_only	6	Ignavibacteriales,Kapabacteriales,Kryptoniales,RBG-13-44-9,T3Sed10-11,UBA10030
flagella_only	6	CR04bin15,Calditrichales,Marinisomatales,SCGC-AAA003-L08,UBA2242,UBA8477
flagella_only	6	Bacillales,Bacillales_D,Bacillales_G,Bacillales_H,Bacillales_I,Bacillales_K
flagella_only	6	20CM-2-55-15,CAIWXX01,Pyrinomonadales,RBC074,UBA6911,Vicinamibacterales
flagella_only	6	Campylobacterales,Chrysiogenales,Deferribacterales,Desulfurellales,Nautiliales,Thermosulfidibacterales
flagella_only	6	DP-6,SZUA-149,UBA12015,UBA2361,UBA9968,UTPRO1
flagella_only	6	BSN033,Desulfobaccales,Dissulfuribacterales,QYQD01,SM23-61,Thermodesulfobacteriales
flagella_only	6	Dongiales,GCA-2746255,JAEULC01,Kiloniellales,SMXQ01,UBA6615
flagella_only	6	B68-G9,DRLW01,JACIZP01,JdFR-76,QNDG01,UBA2214
flagella_only	6	CALZJG01,Ga0077554,JADJWH01,SZUA-140,SZUA-76,VBWC01
flagella_only	6	B15-G4,GCA-002687715,Gemmatales,J058,UBA1135,UBA2386
flagella_only	6	JACRGQ01,JADFXK01,Nitrospinales,S145-22,UBA7883,UBA9942
flagella_only	6	JABSQK01,Kiritimatiellales,Lentisphaerales,RZYC01,UBA8416,Victivallales
flagella_only	6	JAAYCJ01,Pan216,Phycisphaerales,Tepidisphaerales,UBA1845,WQYP01
flagella_only	6	Carboxydocellales,Ch66,Heliobacteriales,Syntrophomonadales,Thermacetogeniales,Thermincolales
flagella_only	6	Ferrovibrionales,GCA-2731375,Minwuiales,Sneathiellales,UBA2966,Zavarziniales
flagella_only	6	DSM-1736,Propionisporales,Sporomusales,Sporomusales_A,Sporomusales_C,UMGS1260
gtdb_only	7	DTU015,DUSP01,JABLXB01,JAJYWN01,JAJZYS01,Sulfobacillales,Symbiobacteriales
gtdb_only	7	4484-113,Fusobacteriales,Muirbacteriales,Ozemobacterales,UBA6099,UBA6191,UBA9980
gtdb_only	7	Anaeromusales,CTSoil-072,DSM-1736,Propionisporales,Selenomonadales,Sporomusales,UMGS1260
gtdb_only	7	Chthoniobacterales,Kiritimatiellales,Methylacidiphilales,Opitutales,Pedosphaerales,RZYC01,UBA8416
gtdb_only	7	B15-G4,GCA-002687715,J058,UBA1135,UBA1146,UBA2386,UBA2392
gtdb_only	7	GCA-2729495,JABDKV01,PWYM01,Steroidobacterales,UBA6522,Woeseiales,XN24
gtdb_only	7	HDB-SIOI813,JACQBW01,Nitrospirales,RBG-16-64-22,SBBL01,Thermodesulfovibrionales,UBA6902
gtdb_only	7	Caulobacterales,Micropepsales,Parvibaculales,Rhizobiales,Rhodobacterales,Sphingomonadales,Zavarziniales
gtdb_only	7	DTU010,DTU080,DTU087,DUMW01,JAAZLZ01,Limnochordales,Limnochordales_A
gtdb_only	7	20CM-2-55-15,Acidoferrales,Bryobacterales,Pyrinomonadales,RBC074,Terriglobales,UBA7540
gtdb_only	7	C00003060,Desulfatiglandales,Desulfobacterales,JADFXK01,QYQD01,RBG-13-43-22,Syntrophobacterales
gtdb_only	7	JAAYCJ01,Phycisphaerales,SM23-33,Sedimentisphaerales,Tepidisphaerales,UBA1845,WQYP01
gtdb_only	7	ATCC43930,CACIAM-22H2,Dongiales,Elsterales,JAEULC01,Oceanibaculales,SHVZ01
gtdb_only	7	Berkiellales,DSM-16500,Enterobacterales_A,Legionellales,Piscirickettsiales,Pseudomonadales,UBA1113
flagella_only	7	B68-G9,DRLW01,JACIZP01,JdFR-76,QNDG01,SORT01,UBA2214
flagella_only	7	DTU086,DULZ01,Desulfitibacterales,JADQBR01,Moorellales,PH28-bin88,UBA3575
flagella_only	7	AABM5-125-24,B3-LCP,BMS3BBIN04,CAIWAD01,Cloacimonadales,RPQS01,UBA4055
flagella_only	7	Actinomycetales,IMCC26256,Motilibacterales,Mycobacteriales,Nanopelagicales,Propionibacteriales,Streptosporangiales
flagella_only	7	DP-6,Magnetococcales,SZUA-149,UBA12015,UBA2361,UBA9968,UTPRO1
flagella_only	7	Acetivibrionales,Acetivibrionales_A,Caldicellulosiruptorales,Ch29,Lutisporales,SK-Y3,Thermoanaerobacterales
flagella_only	7	Balneolales,CAIMUX01,Gemmatimonadales,JABDJQ01,Longimicrobiales,RBG-16-71-46,Rhodothermales
flagella_only	7	B15-G4,GCA-002687715,Gemmatales,J058,SM23-32,UBA1135,UBA2386
flagella_only	7	GWC2-55-46,HDB-SIOI813,JACQBW01,Nitrospirales,RBG-16-64-22,SBBL01,UBA9637
flagella_only	7	Dongiales,GCA-2746255,JAEULC01,Kiloniellales,SMXQ01,Tistrellales,UBA6615
flagella_only	7	4572-78,Anaerolineales,Caldilineales,DUEN01,FW602-bin22,Thermomicrobiales,UBA6077
flagella_only	7	DTU010,DTU080,DTU084,DTU087,JAAZLZ01,Limnochordales_A,UBA5301
flagella_only	7	Ferrovibrionales,GCA-2731375,Micropepsales,Minwuiales,Sneathiellales,UBA2966,Zavarziniales
flagella_only	7	Aerophobales,Auribacterales,B26-G9,Brocadiales,Hydrogenedentiales,S143-82,SURF-5
flagella_only	7	Elsterales,Micavibrionales,Oceanibaculales,SHVZ01,TMED2,Thalassobaculales,UBA9219
flagella_only	7	CALZJG01,Ga0077554,JAADGQ01,JADJWH01,SZUA-140,SZUA-76,VBWC01
flagella_only	7	Bacillales,Bacillales_D,Bacillales_G,Bacillales_H,Bacillales_I,Bacillales_K,Exiguobacterales
gtdb_only	8	Actinomycetales,Euzebyales,Motilibacterales,Mycobacteriales,Nanopelagicales,Nitriliruptorales,Propionibacteriales,Streptosporangiales
gtdb_only	8	AKS1,DRMK01,JAFLJP01,S012-40,SG8-11,SZUA-152,Thiohalomonadales,UBA6429
gtdb_only	8	Aerophobales,Auribacterales,B26-G9,Duberdicusellales,FEN-1173,JAAXVQ01,PGYV01,S143-82
gtdb_only	8	CG2-30-53-67,HDB-SIOI813,JACQBW01,Nitrospirales,RBG-16-64-22,SBBL01,Thermodesulfovibrionales,UBA6902
gtdb_only	8	GWA2-38-11,JACRGQ01,Methylomirabilales,Nitrospinales,Rokubacteriales,UBA7883,UBA8248,UBA9942
gtdb_only	8	FEN-1346,JAAYCJ01,Phycisphaerales,SM23-33,Sedimentisphaerales,Tepidisphaerales,UBA1845,WQYP01
gtdb_only	8	Ch66,DTU086,DULZ01,Desulfitibacterales,JADQBR01,Moorellales,PH28-bin88,Thermacetogeniales
gtdb_only	8	Anaeromusales,CTSoil-072,DSM-1736,Propionisporales,Selenomonadales,Sporomusales,Sporomusales_C,UMGS1260
gtdb_only	8	CR04bin15,Calditrichales,DRLW01,JACIZP01,JdFR-76,QNDG01,RBG-13-44-9,UBA2214
gtdb_only	8	Fen-1088,GCA-2747355,HGW-17,Haliangiales,JAAYKL01,Nannocystales,Palsa-1104,Polyangiales
gtdb_only	8	20CM-2-55-15,Acidoferrales,Bryobacterales,Pyrinomonadales,RBC074,Terriglobales,UBA6911,UBA7540
gtdb_only	8	DTU010,DTU065,DTU080,DTU087,DUMW01,JAAZLZ01,Limnochordales,Limnochordales_A
gtdb_only	8	GCA-2729495,JABDKV01,PWYM01,SLND01,Steroidobacterales,UBA6522,Woeseiales,XN24
gtdb_only	8	Bacteriovoracales,Bdellovibrionales,CAIPTA01,JABDDW01,UBA1018,UBA2394,UBA2428,UBA2466
gtdb_only	8	CALZJG01,GCA-2400775,Ga0077554,JAADGQ01,JADJWH01,SZUA-140,SZUA-76,VBWC01
gtdb_only	8	Berkiellales,DSM-16500,Enterobacterales_A,Legionellales,Piscirickettsiales,Pseudomonadales,Thiomicrospirales,UBA1113
gtdb_only	8	DTU015,DUSP01,JABLXB01,JAJYWN01,JAJZYS01,Sulfobacillales,Symbiobacteriales,UBA3575
gtdb_only	8	Bacillales,Bacillales_D,Bacillales_G,Bacillales_H,Bacillales_I,Erysipelotrichales,Exiguobacterales,Lactobacillales
flagella_only	8	B15-G4,GCA-002687715,Gemmatales,J058,SM23-32,UBA11346,UBA1135,UBA2386
flagella_only	8	Carboxydocellales,Ch66,DRI-13,Heliobacteriales,Peptococcales,Syntrophomonadales,Thermacetogeniales,Thermincolales
flagella_only	8	Adiutricales,BSN033,Desulfarculales,Desulfobaccales,Dissulfuribacterales,QYQD01,SM23-61,Thermodesulfobacteriales
flagella_only	8	DTU015,DUSP01,JABLXB01,JAJYVM01,JAJYWN01,RBS10-35,Symbiobacteriales,Thermaerobacterales
flagella_only	8	CACIAM-22H2,Ferrovibrionales,GCA-2731375,Micropepsales,Minwuiales,Sneathiellales,UBA2966,Zavarziniales
flagella_only	8	JAAYCJ01,Pan216,Phycisphaerales,Pirellulales,Planctomycetales,Tepidisphaerales,UBA1845,WQYP01
flagella_only	8	DTU010,DTU065,DTU080,DTU084,DTU087,JAAZLZ01,Limnochordales_A,UBA5301
flagella_only	8	B62-G9,Brachyspirales,Brevinematales,JAAYUW01,JAHITG01,Leptospirales,Turneriellales,UBA4802
flagella_only	8	CTSoil-072,DSM-1736,Propionisporales,Sporomusales,Sporomusales_A,Sporomusales_B,Sporomusales_C,UMGS1260
flagella_only	8	B1SED10-174,DY22613,Halanaerobiales,Halobacteroidales,Koleobacterales,Natranaerobiales,Proteinivoracales,Thermosediminibacterales
flagella_only	8	Acidimicrobiales,Actinomycetales,IMCC26256,Motilibacterales,Mycobacteriales,Nanopelagicales,Propionibacteriales,Streptosporangiales
flagella_only	8	AKS1,CALZJG01,Ga0077554,JAADGQ01,JADJWH01,SZUA-140,SZUA-76,VBWC01
gtdb_only	9	Bacteroidales,Balneolales,Flavobacteriales,Ignavibacteriales,Kapabacteriales,Kryptoniales,Rhodothermales,T3Sed10-11,UBA10030
gtdb_only	9	Caulobacterales,Micropepsales,Minwuiales,Parvibaculales,Rhizobiales,Rhodobacterales,Sneathiellales,Sphingomonadales,Zavarziniales
gtdb_only	9	Aquificales,Campylobacterales,Chrysiogenales,Deferribacterales,Desulfurellales,Desulfurobacteriales,Hydrogenothermales,Nautiliales,Thermosulfidibacterales
gtdb_only	9	4572-78,Anaerolineales,Caldilineales,DUEN01,FW602-bin22,Tepidiformales,Thermomicrobiales,UBA2979,UBA6077
gtdb_only	9	BSN033,Desulfuromonadales,GWC2-55-46,Geobacterales,JAGOGO01,JAJRXV01,SM23-61,UBA8473,UBA9637
gtdb_only	9	Acetivibrionales,Acetivibrionales_A,Monoglobales,Oscillospirales,SK-Y3,Saccharofermentanales,TANB77,UBA1212,UBA1381
gtdb_only	9	Anaeromusales,CTSoil-072,DSM-1736,Propionisporales,Selenomonadales,Sporomusales,Sporomusales_B,Sporomusales_C,UMGS1260
gtdb_only	9	CAIMUX01,GWA2-58-10,Gemmatimonadales,JABDJQ01,JACNKJ01,Krumholzibacteriales,LZORAL124-64-63,Longimicrobiales,RBG-16-71-46
gtdb_only	9	Bacillales,Bacillales_D,Bacillales_G,Bacillales_H,Bacillales_I,Bacillales_K,Erysipelotrichales,Exiguobacterales,Lactobacillales
gtdb_only	9	20CM-2-55-15,Acidoferrales,Bryobacterales,Pyrinomonadales,RBC074,Terriglobales,UBA6911,UBA7540,Vicinamibacterales
flagella_only	9	CTSoil-072,DSM-1736,Propionisporales,Sporomusales,Sporomusales_A,Sporomusales_B,Sporomusales_C,UBA1444,UMGS1260
flagella_only	9	Balneolales,CAIMUX01,Gemmatimonadales,JABDJQ01,Longimicrobiales,Methylomirabilales,RBG-16-71-46,Rhodothermales,Rokubacteriales
flagella_only	9	Adiutricales,BSN033,Desulfarculales,Desulfobaccales,Dissulfuribacterales,QYQD01,SM23-61,Syntrophobacterales,Thermodesulfobacteriales
flagella_only	9	Fen-1088,GCA-2747355,Haliangiales,Myxococcales,Nannocystales,Palsa-1104,Polyangiales,UBA727,XYA12-FULL-58-9
flagella_only	9	DTU015,DUSP01,JABLXB01,JAJYVM01,JAJYWN01,RBS10-35,SLMV01,Symbiobacteriales,Thermaerobacterales
flagella_only	9	Bacteriovoracales,Bdellovibrionales,CAIPTA01,JABDDW01,Oligoflexales,Silvanigrellales,UBA1018,UBA2428,UBA2466
flagella_only	9	Christensenellales,Erysipelotrichales,Eubacteriales,Monoglobales,Oscillospirales,Saccharofermentanales,UBA1212,UBA1381,UBA4068
flagella_only	9	Acetivibrionales,Acetivibrionales_A,Caldicellulosiruptorales,Caldicoprobacterales,Ch29,Lutisporales,Mahellales,SK-Y3,Thermoanaerobacterales
flagella_only	9	Aquicultorales,Atribacterales,Ch115,DTU014,DTUO25,DUMJ01,GBS-1,Synergistales,UBA4971
flagella_only	9	CAIYYT01,GN15,JAABVY01,Latescibacterales,UBA10806,UBA2968,UBA8231,UM-FILTER-46-8,WJJR01
flagella_only	9	AKS1,CALZJG01,GCA-2400775,Ga0077554,JAADGQ01,JADJWH01,SZUA-140,SZUA-76,VBWC01
flagella_only	9	B130-G9,Campylobacterales,Chrysiogenales,Deferribacterales,Deferrisomatales,Desulfurellales,JAJRXV01,Nautiliales,Thermosulfidibacterales
gtdb_only	10	DTU010,DTU065,DTU080,DTU084,DTU087,DUMW01,JAAZLZ01,Limnochordales,Limnochordales_A,UBA5301
gtdb_only	10	Caulobacterales,GCA-2731375,Micropepsales,Minwuiales,Parvibaculales,Rhizobiales,Rhodobacterales,Sneathiellales,Sphingomonadales,Zavarziniales
gtdb_only	10	Bacillales,Bacillales_D,Bacillales_G,Bacillales_H,Bacillales_I,Bacillales_K,Caldalkalibacillales,Erysipelotrichales,Exiguobacterales,Lactobacillales
gtdb_only	10	B21-G9,B3-G13,Coprothermobacterales,DUMJ01,MWEM01,Mesoaciditogales,Petrotogales,Thermodesulfobiales,Thermotogales,UBA12178
gtdb_only	10	Anaeromusales,CTSoil-072,DSM-1736,Propionisporales,Selenomonadales,Sporomusales,Sporomusales_A,Sporomusales_B,Sporomusales_C,UMGS1260
gtdb_only	10	ARS1246,B11-G9,DSM-16054,DSM-27196,DSM-6578,JC444,SPDA01,SZUA-6,Treponematales,UBA9216
gtdb_only	10	4572-78,Anaerolineales,Caldilineales,DUEN01,FW602-bin22,Ktedonobacterales,Tepidiformales,Thermomicrobiales,UBA2979,UBA6077
gtdb_only	10	BW-2,Chromatiales,DSM-19610,GCF-002020875,GRL18,JABHGC01,JAHJQQ01,Methylococcales,SZUA-21,Thiohalobacterales
gtdb_only	10	GCA-2729495,JABDKV01,Nevskiales,PWYM01,SLND01,Steroidobacterales,UBA5335,UBA6522,Woeseiales,XN24
gtdb_only	10	Ectothiorhodospirales,Ectothiorhodospirales_A,GCA-001735895,Granulosicoccales,Halothiobacillales,J044,SZUA-229,UBA4575,UBA5861,UWMA-0217
gtdb_only	10	Adiutricales,C00003060,Desulfarculales,Desulfatiglandales,Desulfobaccales,Desulfobacterales,JADFXK01,QYQD01,RBG-13-43-22,Syntrophobacterales
gtdb_only	10	Acetivibrionales,Acetivibrionales_A,Lachnospirales,Monoglobales,Oscillospirales,SK-Y3,Saccharofermentanales,TANB77,UBA1212,UBA1381
gtdb_only	10	CALZJG01,GCA-2400775,Ga0077554,JAADGQ01,JAADHS01,JADJWH01,SZUA-140,SZUA-76,Tenderiales,VBWC01
gtdb_only	10	B68-G9,CAIYYT01,GN15,JAABVY01,Latescibacterales,UBA10806,UBA2968,UBA8231,UM-FILTER-46-8,WJJR01
gtdb_only	10	ATCC43930,Azospirillales,CACIAM-22H2,DSM-16000,Dongiales,Elsterales,JAEULC01,Kiloniellales,Oceanibaculales,SHVZ01
flagella_only	10	Bacteriovoracales,Bdellovibrionales,CAIPTA01,JABDDW01,Oligoflexales,Silvanigrellales,UBA1018,UBA2394,UBA2428,UBA2466
flagella_only	10	Ectothiorhodospirales,Ectothiorhodospirales_A,GCA-2729495,J044,JABDKV01,PWYM01,SLND01,UBA6522,Woeseiales,XN24
flagella_only	10	DTU015,DUSP01,JABLXB01,JAJYVM01,JAJYWN01,Limnochordales,RBS10-35,SLMV01,Symbiobacteriales,Thermaerobacterales
flagella_only	10	Anaeromusales,CTSoil-072,DSM-1736,Propionisporales,Sporomusales,Sporomusales_A,Sporomusales_B,Sporomusales_C,UBA1444,UMGS1260
flagella_only	10	AKS1,CALZJG01,GCA-2400775,Ga0077554,JAADGQ01,JAADHS01,JADJWH01,SZUA-140,SZUA-76,VBWC01
flagella_only	10	DTU010,DTU065,DTU080,DTU084,DTU087,JAAZLZ01,Limnochordales_A,UBA10575,UBA5301,UBA8346
flagella_only	10	ARS1246,B11-G9,DSM-16054,DSM-27196,DSM-6578,JC444,SPDA01,SZUA-6,Spirochaetales_E,UBA9216
flagella_only	10	B64-G9,Fen-1088,GCA-2747355,Haliangiales,Myxococcales,Nannocystales,Palsa-1104,Polyangiales,UBA727,XYA12-FULL-58-9
flagella_only	10	4572-78,Anaerolineales,Caldilineales,DUEN01,FW602-bin22,Limnocylindrales,Tepidiformales,Thermomicrobiales,UBA2979,UBA6077
flagella_only	10	20CM-2-55-15,Acidoferrales,Bryobacterales,CAIWXX01,Pyrinomonadales,RBC074,Terriglobales,UBA6911,UBA7540,Vicinamibacterales
flagella_only	10	DTU022,DTU086,DULZ01,Desulfitibacterales,Dethiobacterales,JADQBR01,Moorellales,PH28-bin88,SKNC01,UBA3575
gtdb_only	11	4572-78,Anaerolineales,Caldilineales,DUEN01,FW602-bin22,Ktedonobacterales,Tepidiformales,Thermomicrobiales,UBA12225,UBA2979,UBA6077
gtdb_only	11	B15-G4,Brocadiales,GCA-002687715,J058,MHYJ01,SM23-32,UBA1135,UBA1146,UBA2386,UBA2392,WSZJ01
gtdb_only	11	20CM-2-55-15,Acidoferrales,Bryobacterales,J045,Polarisedimenticolales,Pyrinomonadales,RBC074,Terriglobales,UBA6911,UBA7540,Vicinamibacterales
gtdb_only	11	Armatimonadales,CAIYQO01,Chthonomonadales,Fimbriimonadales,HRBIN16,HRBIN17,JAAZEB01,UBA10988,UBA5377,UBA5829,WVXJ01
gtdb_only	11	B28-G17,DTPJ01,GCA-2687025,Hydrogenedentiales,JABWBI01,MVZB01,OLB16,SURF-12,SURF-5,UBA8349,WGA-4E
gtdb_only	11	Chlamydiales,Chthoniobacterales,JABSQK01,Kiritimatiellales,Lentisphaerales,Methylacidiphilales,Opitutales,Pedosphaerales,RZYC01,UBA8416,Victivallales
gtdb_only	11	GCA-2729495,JABDKV01,Nevskiales,PWYM01,SLND01,Steroidobacterales,UBA5335,UBA6522,Woeseiales,XN24,Xanthomonadales
gtdb_only	11	Caulobacterales,Ferrovibrionales,GCA-2731375,Micropepsales,Minwuiales,Parvibaculales,Rhizobiales,Rhodobacterales,Sneathiellales,Sphingomonadales,Zavarziniales
flagella_only	11	ARS1246,B11-G9,DSM-16054,DSM-27196,DSM-6578,JABEVK01,JC444,SPDA01,SZUA-6,Spirochaetales_E,UBA9216
flagella_only	11	DTU022,DTU086,DULZ01,Desulfitibacterales,Dethiobacterales,JADQBR01,Moorellales,PH28-bin88,SKNC01,UBA3575,UBA994
flagella_only	11	C00003060,Desulfatiglandales,Desulfobacterales,JACRGQ01,JADFXK01,JAGOGO01,Nitrospinales,S145-22,Syntrophales,UBA7883,UBA9942
flagella_only	11	Dongiales,GCA-2746255,JAEULC01,Kiloniellales,RF32,Rhodospirillales,Rhodospirillales_A,SMXQ01,Tistrellales,UBA6615,UBA8366
flagella_only	11	AKS1,CALZJG01,GCA-2400775,Ga0077554,JAADGQ01,JAADHS01,JADJWH01,SZUA-140,SZUA-76,Tenderiales,VBWC01
flagella_only	11	4572-78,Anaerolineales,Caldilineales,DUEN01,FW602-bin22,Ktedonobacterales,Limnocylindrales,Tepidiformales,Thermomicrobiales,UBA2979,UBA6077
flagella_only	11	Carboxydocellales,Ch66,DRI-13,DTU030,DUMP01,Heliobacteriales,Peptococcales,Syntrophomonadales,Thermacetogeniales,Thermincolales,UBA5500
flagella_only	11	Acetivibrionales,Acetivibrionales_A,Caldicellulosiruptorales,Caldicoprobacterales,Ch29,Lutisporales,Mahellales,Peptostreptococcales,SK-Y3,Thermoanaerobacterales,Tissierellales
gtdb_only	12	ARS1246,B11-G9,CADAEX01,DSM-16054,DSM-27196,DSM-6578,JAFGXN01,JC444,SPDA01,SZUA-6,Treponematales,UBA9216
gtdb_only	12	Acidulodesulfobacterales,Aquificales,Calescibacteriales,Campylobacterales,Chrysiogenales,Deferribacterales,Desulfurellales,Desulfurobacteriales,Hydrogenothermales,Nautiliales,Syntrophorhabdales,Thermosulfidibacterales
gtdb_only	12	Bacteriovoracales,Bdellovibrionales,CAIPTA01,JABDDW01,Oligoflexales,SZUA-149,Silvanigrellales,UBA1018,UBA2361,UBA2394,UBA2428,UBA2466
gtdb_only	12	ATCC43930,Acetobacterales,Azospirillales,CACIAM-22H2,DSM-16000,Dongiales,Elsterales,JAEULC01,Kiloniellales,Oceanibaculales,Rhodospirillales,SHVZ01
gtdb_only	12	Aneurinibacillales,Bacillales,Bacillales_D,Bacillales_G,Bacillales_H,Bacillales_I,Bacillales_K,Brevibacillales,Caldalkalibacillales,Erysipelotrichales,Exiguobacterales,Lactobacillales
gtdb_only	12	DTU015,DUSP01,JABLXB01,JAJYVM01,JAJYWN01,JAJZYS01,RBS10-35,SLMV01,Sulfobacillales,Symbiobacteriales,Thermaerobacterales,UBA3575
gtdb_only	12	FEN-1346,Gemmatales,JAAYCJ01,Pan216,Phycisphaerales,Pirellulales,Planctomycetales,SM23-33,Sedimentisphaerales,Tepidisphaerales,UBA1845,WQYP01
gtdb_only	12	Caulobacterales,Ferrovibrionales,GCA-2731375,Micropepsales,Minwuiales,Parvibaculales,Rhizobiales,Rhodobacterales,Sneathiellales,Sphingomonadales,UBA2966,Zavarziniales
flagella_only	12	ARS1246,B11-G9,CADAEX01,DSM-16054,DSM-27196,DSM-6578,JABEVK01,JC444,SPDA01,SZUA-6,Spirochaetales_E,UBA9216
flagella_only	12	CR04bin15,Calditrichales,Ignavibacteriales,Kapabacteriales,Kryptoniales,Marinisomatales,RBG-13-44-9,SCGC-AAA003-L08,T3Sed10-11,UBA10030,UBA2242,UBA8477
flagella_only	12	Deferrimicrobiales,GWC2-55-46,HDB-SIOI813,JACQBW01,Nitrospirales,RBG-13-43-22,RBG-16-64-22,SBBL01,Thermodesulfovibrionales,UBA6902,UBA8473,UBA9637
flagella_only	12	B21-G9,B3-G13,Fusobacteriales,MWEM01,Mesoaciditogales,Muirbacteriales,Ozemobacterales,Petrotogales,Thermotogales,UBA12178,UBA6191,UBA9980
flagella_only	12	B64-G9,Bradymonadales,Fen-1088,GCA-2747355,HGW-17,Haliangiales,Myxococcales,Nannocystales,Palsa-1104,Polyangiales,UBA727,XYA12-FULL-58-9
flagella_only	12	Acetivibrionales,Acetivibrionales_A,Caldicellulosiruptorales,Caldicoprobacterales,Ch29,Lutisporales,Mahellales,Peptostreptococcales,SK-Y3,TANB77,Thermoanaerobacterales,Tissierellales
flagella_only	12	Acidulodesulfobacterales,Bacteriovoracales,Bdellovibrionales,CAIPTA01,JABDDW01,Leptospirillales,Oligoflexales,Silvanigrellales,UBA1018,UBA2394,UBA2428,UBA2466
flagella_only	12	Anaeromusales,CTSoil-072,DSM-1736,Desulfitobacteriales,Propionisporales,Selenomonadales,Sporomusales,Sporomusales_A,Sporomusales_B,Sporomusales_C,UBA1444,UMGS1260
flagella_only	12	Aneurinibacillales,Bacillales,Bacillales_D,Bacillales_G,Bacillales_H,Bacillales_I,Bacillales_K,Brevibacillales,Caldalkalibacillales,Exiguobacterales,Paenibacillales,Tepidibacillales
gtdb_only	13	Aneurinibacillales,Bacillales,Bacillales_D,Bacillales_G,Bacillales_H,Bacillales_I,Bacillales_K,Brevibacillales,Caldalkalibacillales,Erysipelotrichales,Exiguobacterales,Lactobacillales,Paenibacillales
gtdb_only	13	Acetivibrionales,Acetivibrionales_A,Caldicoprobacterales,Christensenellales,Lachnospirales,Mahellales,Monoglobales,Oscillospirales,SK-Y3,Saccharofermentanales,TANB77,UBA1212,UBA1381
gtdb_only	13	4572-78,Anaerolineales,CSP1-3,Caldilineales,DUEN01,FW602-bin22,Ktedonobacterales,Limnocylindrales,Tepidiformales,Thermomicrobiales,UBA12225,UBA2979,UBA6077
gtdb_only	13	Atribacterales,B21-G9,B3-G13,Coprothermobacterales,DUMJ01,GBS-1,MWEM01,Mesoaciditogales,Petrotogales,Synergistales,Thermodesulfobiales,Thermotogales,UBA12178
gtdb_only	13	Ammonifexales,Carboxydocellales,Carboxydothermales,Ch66,DTU086,DULZ01,Desulfitibacterales,Desulfotomaculales,JADQBR01,Moorellales,PH28-bin88,Thermacetogeniales,Thermincolales
gtdb_only	13	Competibacterales,GCA-2729495,JABDKV01,Nevskiales,Nitrococcales,PWYM01,SLND01,Steroidobacterales,UBA5335,UBA6522,Woeseiales,XN24,Xanthomonadales
flagella_only	13	Ectothiorhodospirales,Ectothiorhodospirales_A,GCA-001735895,GCA-2729495,J044,JABDKV01,PWYM01,SLND01,SZUA-229,UBA5861,UBA6522,Woeseiales,XN24
flagella_only	13	Aneurinibacillales,Bacillales,Bacillales_D,Bacillales_G,Bacillales_H,Bacillales_I,Bacillales_K,Brevibacillales,Caldalkalibacillales,Desulfuribacillales,Exiguobacterales,Paenibacillales,Tepidibacillales
flagella_only	13	JAAYCJ01,MHYJ01,Pan216,Phycisphaerales,Pirellulales,Planctomycetales,SZUA-567,Tepidisphaerales,UBA1146,UBA1845,UBA2392,WQYP01,WSZJ01
flagella_only	13	Acetivibrionales,Acetivibrionales_A,Caldicellulosiruptorales,Caldicoprobacterales,Ch29,Lachnospirales,Lutisporales,Mahellales,Peptostreptococcales,SK-Y3,TANB77,Thermoanaerobacterales,Tissierellales
flagella_only	13	B130-G9,B28-G17,Campylobacterales,Chrysiogenales,DTPJ01,Deferribacterales,Deferrisomatales,Desulfurellales,GCA-2687025,JAJRXV01,Nautiliales,Thermosulfidibacterales,WGA-4E
flagella_only	13	B64-G9,Bradymonadales,Fen-1088,GCA-2747355,HGW-17,Haliangiales,JAAYKL01,Myxococcales,Nannocystales,Palsa-1104,Polyangiales,UBA727,XYA12-FULL-58-9
flagella_only	13	ARS1246,B11-G9,CADAEX01,DSM-16054,DSM-27196,DSM-6578,JABEVK01,JC444,SPDA01,SZUA-6,Spirochaetales_E,Treponematales,UBA9216
gtdb_only	14	Bradymonadales,Fen-1088,GCA-2747355,GCA-2863065,HGW-17,Haliangiales,JAAYKL01,Nannocystales,PHBI01,Palsa-1104,Polyangiales,UBA796,UBA7976,UBA9615
gtdb_only	14	Caulobacterales,Ferrovibrionales,GCA-2731375,Geminicoccales,Micropepsales,Minwuiales,Parvibaculales,Rhizobiales,Rhodobacterales,Sneathiellales,Sphingomonadales,Tistrellales,UBA2966,Zavarziniales
gtdb_only	14	Bacteriovoracales,Bdellovibrionales,CAIPTA01,JABDDW01,Oligoflexales,SAR324,SZUA-149,Silvanigrellales,UBA1018,UBA2361,UBA2394,UBA2428,UBA2466,XYD2-FULL-50-16
gtdb_only	14	Acidimicrobiales,Actinomycetales,Euzebyales,Gaiellales,IMCC26256,Miltoncostaeales,Motilibacterales,Mycobacteriales,Nanopelagicales,Nitriliruptorales,Propionibacteriales,Solirubrobacterales,Streptosporangiales,UBA5794
gtdb_only	14	Competibacterales,GCA-2729495,JABDKV01,Nevskiales,Nitrococcales,PWYM01,QZLD01,SLND01,Steroidobacterales,UBA5335,UBA6522,Woeseiales,XN24,Xanthomonadales
gtdb_only	14	Aneurinibacillales,Bacillales,Bacillales_D,Bacillales_G,Bacillales_H,Bacillales_I,Bacillales_K,Brevibacillales,Caldalkalibacillales,Erysipelotrichales,Exiguobacterales,Lactobacillales,Paenibacillales,Tepidibacillales
flagella_only	14	B64-G9,Bradymonadales,Fen-1088,GCA-2747355,HGW-17,Haliangiales,JAAYKL01,Myxococcales,Nannocystales,Palsa-1104,Polyangiales,UBA727,WYAZ01,XYA12-FULL-58-9
flagella_only	14	Acidimicrobiales,Actinomycetales,Baltobacterales,Euzebyales,IMCC26256,JAJZYS01,Motilibacterales,Mycobacteriales,Nanopelagicales,Nitriliruptorales,Propionibacteriales,Streptosporangiales,Sulfobacillales,UBA5794
flagella_only	14	Aneurinibacillales,Bacillales,Bacillales_D,Bacillales_G,Bacillales_H,Bacillales_I,Bacillales_K,Brevibacillales,Caldalkalibacillales,Desulfuribacillales,Exiguobacterales,Paenibacillales,Tepidibacillales,Tumebacillales
flagella_only	14	Ammonifexales,Carboxydothermales,DTU022,DTU086,DULZ01,Desulfitibacterales,Desulfotomaculales,Dethiobacterales,JADQBR01,Moorellales,PH28-bin88,SKNC01,UBA3575,UBA994
gtdb_only	15	Acidimicrobiales,Actinomycetales,Euzebyales,Gaiellales,Geothermincolales,IMCC26256,Miltoncostaeales,Motilibacterales,Mycobacteriales,Nanopelagicales,Nitriliruptorales,Propionibacteriales,Solirubrobacterales,Streptosporangiales,UBA5794
gtdb_only	15	20CM-2-55-15,Acanthopleuribacterales,Acidoferrales,B130-G9,Bryobacterales,CAIWXX01,Holophagales,J045,Polarisedimenticolales,Pyrinomonadales,RBC074,Terriglobales,UBA6911,UBA7540,Vicinamibacterales
gtdb_only	15	Aneurinibacillales,Bacillales,Bacillales_D,Bacillales_G,Bacillales_H,Bacillales_I,Bacillales_K,Brevibacillales,Caldalkalibacillales,DSM-22653,Erysipelotrichales,Exiguobacterales,Lactobacillales,Paenibacillales,Tepidibacillales
gtdb_only	15	Adiutricales,C00003060,Desulfarculales,Desulfatiglandales,Desulfobaccales,Desulfobacterales,Desulfobulbales,Desulfofervidales,Desulfovibrionales,Dissulfuribacterales,JADFXK01,QYQD01,RBG-13-43-22,Syntrophobacterales,Thermodesulfobacteriales
flagella_only	15	CACIAM-22H2,Elsterales,Ferrovibrionales,GCA-2731375,Micavibrionales,Micropepsales,Minwuiales,Oceanibaculales,SHVZ01,Sneathiellales,TMED2,Thalassobaculales,UBA2966,UBA9219,Zavarziniales
flagella_only	15	21-64-14,AKS1,CALZJG01,DSM-19610,GCA-2400775,Ga0077554,JAADGQ01,JAADHS01,JADJWH01,JAHJQQ01,SZUA-140,SZUA-76,Tenderiales,Thiohalobacterales,VBWC01
flagella_only	15	CG2-30-53-67,Deferrimicrobiales,Desulfofervidales,GWA2-38-11,GWC2-55-46,HDB-SIOI813,JACQBW01,Nitrospirales,RBG-13-43-22,RBG-16-64-22,SBBL01,Thermodesulfovibrionales,UBA6902,UBA8473,UBA9637
gtdb_only	16	Caulobacterales,Ferrovibrionales,GCA-2731375,Geminicoccales,MPNO01,Micropepsales,Minwuiales,Parvibaculales,Rhizobiales,Rhodobacterales,Sneathiellales,Sphingomonadales,Tistrellales,UBA2966,UBA6615,Zavarziniales
gtdb_only	16	CG2-30-53-67,GWA2-38-11,HDB-SIOI813,JACQBW01,JACRGQ01,Methylomirabilales,Nitrospinales,Nitrospirales,RBG-16-64-22,Rokubacteriales,SBBL01,Thermodesulfovibrionales,UBA6902,UBA7883,UBA8248,UBA9942
gtdb_only	16	Aneurinibacillales,Bacillales,Bacillales_D,Bacillales_G,Bacillales_H,Bacillales_I,Bacillales_K,Brevibacillales,Caldalkalibacillales,DSM-22653,Desulfuribacillales,Erysipelotrichales,Exiguobacterales,Lactobacillales,Paenibacillales,Tepidibacillales
gtdb_only	16	Ch115,DTU010,DTU014,DTU065,DTU080,DTU084,DTU087,DTUO25,DUMW01,JAAZLZ01,Limnochordales,Limnochordales_A,UBA10575,UBA4971,UBA5301,UBA8346
flagella_only	16	B64-G9,Bradymonadales,Fen-1088,GCA-2747355,GCA-2863065,HGW-17,Haliangiales,JAAYKL01,Myxococcales,Nannocystales,PHBI01,Palsa-1104,Polyangiales,UBA727,WYAZ01,XYA12-FULL-58-9
flagella_only	16	FEN-1346,JAAYCJ01,MHYJ01,Pan216,Phycisphaerales,Pirellulales,Planctomycetales,SM23-33,SZUA-567,Sedimentisphaerales,Tepidisphaerales,UBA1146,UBA1845,UBA2392,WQYP01,WSZJ01
flagella_only	16	Alicyclobacillales,Aneurinibacillales,Bacillales,Bacillales_D,Bacillales_G,Bacillales_H,Bacillales_I,Bacillales_K,Brevibacillales,Caldalkalibacillales,Desulfuribacillales,Exiguobacterales,Kyrpidiales,Paenibacillales,Tepidibacillales,Tumebacillales
gtdb_only	17	Adiutricales,C00003060,Desulfarculales,Desulfatiglandales,Desulfobaccales,Desulfobacterales,Desulfobulbales,Desulfofervidales,Desulfovibrionales,Dissulfuribacterales,JADFXK01,QYQD01,RBG-13-43-22,Syntrophales,Syntrophobacterales,Thermodesulfobacteriales,UBA1062
gtdb_only	17	Acidimicrobiales,Actinomycetales,Aquicultorales,Euzebyales,Gaiellales,Geothermincolales,Humimicrobiales,IMCC26256,Miltoncostaeales,Motilibacterales,Mycobacteriales,Nanopelagicales,Nitriliruptorales,Propionibacteriales,Solirubrobacterales,Streptosporangiales,UBA5794
gtdb_only	17	Bacteroidales,Balneolales,CR04bin15,Calditrichales,DRLW01,Flavobacteriales,Ignavibacteriales,JACIZP01,JdFR-76,Kapabacteriales,Kryptoniales,QNDG01,RBG-13-44-9,Rhodothermales,T3Sed10-11,UBA10030,UBA2214
flagella_only	17	4572-78,Anaerolineales,CSP1-3,Caldilineales,DUEN01,FW602-bin22,Gaiellales,Geothermincolales,Ktedonobacterales,Limnocylindrales,Miltoncostaeales,Solirubrobacterales,Tepidiformales,Thermomicrobiales,UBA12225,UBA2979,UBA6077
flagella_only	17	Alicyclobacillales,Aneurinibacillales,Bacillales,Bacillales_D,Bacillales_G,Bacillales_H,Bacillales_I,Bacillales_K,Brevibacillales,Caldalkalibacillales,DSM-22653,Desulfuribacillales,Exiguobacterales,Kyrpidiales,Paenibacillales,Tepidibacillales,Tumebacillales
gtdb_only	18	AKS1,CALZJG01,DRMK01,GCA-2400775,Ga0077554,JAADGQ01,JAADHS01,JADJWH01,JAFLJP01,S012-40,SG8-11,SZUA-140,SZUA-152,SZUA-76,Tenderiales,Thiohalomonadales,UBA6429,VBWC01
gtdb_only	18	Ammonifexales,Carboxydocellales,Carboxydothermales,Ch66,DRI-13,DTU086,DULZ01,Desulfitibacterales,Desulfitobacteriales,Desulfotomaculales,Heliobacteriales,JADQBR01,Moorellales,PH28-bin88,Peptococcales,Thermacetogeniales,Thermincolales,UBA4068
gtdb_only	18	Caulobacterales,Ferrovibrionales,GCA-2731375,GCA-2746255,Geminicoccales,MPNO01,Micropepsales,Minwuiales,Parvibaculales,Rhizobiales,Rhodobacterales,SMXQ01,Sneathiellales,Sphingomonadales,Tistrellales,UBA2966,UBA6615,Zavarziniales
flagella_only	18	B64-G9,Bradymonadales,Fen-1088,GCA-2747355,GCA-2863065,HGW-17,Haliangiales,JAAYKL01,Myxococcales,Nannocystales,PHBI01,Palsa-1104,Polyangiales,UBA727,UBA796,UBA9615,WYAZ01,XYA12-FULL-58-9
flagella_only	18	B15-G4,Chthoniobacterales,GCA-002687715,Gemmatales,J058,JABSQK01,Kiritimatiellales,Lentisphaerales,Methylacidiphilales,Opitutales,Pedosphaerales,RZYC01,SM23-32,UBA11346,UBA1135,UBA2386,UBA8416,Victivallales
flagella_only	18	Acidimicrobiales,Actinomycetales,Baltobacterales,Euzebyales,FEN-1173,HRBIN17,IMCC26256,JAJZYS01,Motilibacterales,Mycobacteriales,Nanopelagicales,Nitriliruptorales,Propionibacteriales,Streptosporangiales,Sulfobacillales,UBA10988,UBA5377,UBA5794
gtdb_only	19	ARS1246,B11-G9,B62-G9,Borreliales,CADAEX01,DSM-16054,DSM-27196,DSM-6578,GWE2-31-10,JAAYUW01,JABEVK01,JAFGXN01,JC444,SPDA01,SZUA-6,Spirochaetales_E,Treponematales,UBA9216,WRBN01
gtdb_only	19	Ammonifexales,Carboxydocellales,Carboxydothermales,Ch66,DRI-13,DTU086,DULZ01,Desulfitibacterales,Desulfitobacteriales,Desulfotomaculales,Heliobacteriales,JADQBR01,Moorellales,PH28-bin88,Peptococcales,Syntrophomonadales,Thermacetogeniales,Thermincolales,UBA4068
gtdb_only	19	Alicyclobacillales,Aneurinibacillales,Bacillales,Bacillales_D,Bacillales_G,Bacillales_H,Bacillales_I,Bacillales_K,Brevibacillales,Caldalkalibacillales,DSM-22653,Desulfuribacillales,Erysipelotrichales,Exiguobacterales,Kyrpidiales,Lactobacillales,Paenibacillales,Tepidibacillales,Tumebacillales
gtdb_only	19	B68-G9,CAIMUX01,CAIYYT01,GN15,GWA2-58-10,Gemmatimonadales,JAABVY01,JABDJQ01,JACNKJ01,Krumholzibacteriales,LZORAL124-64-63,Latescibacterales,Longimicrobiales,RBG-16-71-46,UBA10806,UBA2968,UBA8231,UM-FILTER-46-8,WJJR01
gtdb_only	19	Acetivibrionales,Acetivibrionales_A,Caldicoprobacterales,Ch29,Christensenellales,Clostridiales,Eubacteriales,Lachnospirales,Lutisporales,Mahellales,Monoglobales,Oscillospirales,Peptostreptococcales,SK-Y3,Saccharofermentanales,TANB77,Tissierellales,UBA1212,UBA1381
flagella_only	19	B68-G9,CR04bin15,Calditrichales,DRLW01,Ignavibacteriales,JACIZP01,JdFR-76,Kapabacteriales,Kryptoniales,Marinisomatales,QNDG01,RBG-13-44-9,SCGC-AAA003-L08,SORT01,T3Sed10-11,UBA10030,UBA2214,UBA2242,UBA8477
flagella_only	19	B1SED10-174,Carboxydocellales,Ch66,DRI-13,DTU030,DUMP01,DY22613,Halanaerobiales,Halobacteroidales,Heliobacteriales,Koleobacterales,Natranaerobiales,Peptococcales,Proteinivoracales,Syntrophomonadales,Thermacetogeniales,Thermincolales,Thermosediminibacterales,UBA5500
flagella_only	20	Adiutricales,BSN033,C00003060,Desulfarculales,Desulfatiglandales,Desulfobaccales,Desulfobacterales,Dissulfuribacterales,JACRGQ01,JADFXK01,JAGOGO01,Nitrospinales,QYQD01,S145-22,SM23-61,Syntrophales,Syntrophobacterales,Thermodesulfobacteriales,UBA7883,UBA9942
gtdb_only	21	ARS1246,B11-G9,B62-G9,Borreliales,Brachyspirales,CADAEX01,COTS27,DSM-16054,DSM-27196,DSM-6578,GWE2-31-10,JAAYUW01,JABEVK01,JAFGXN01,JC444,SPDA01,SZUA-6,Spirochaetales_E,Treponematales,UBA9216,WRBN01
gtdb_only	21	Acetivibrionales,Acetivibrionales_A,Caldicellulosiruptorales,Caldicoprobacterales,Ch29,Christensenellales,Clostridiales,Eubacteriales,Lachnospirales,Lutisporales,Mahellales,Monoglobales,Oscillospirales,Peptostreptococcales,SK-Y3,Saccharofermentanales,TANB77,Thermoanaerobacterales,Tissierellales,UBA1212,UBA1381
flagella_only	21	Adiutricales,BSN033,C00003060,Desulfarculales,Desulfatiglandales,Desulfobaccales,Desulfobacterales,Dissulfuribacterales,JACRGQ01,JADFXK01,JAGOGO01,Nitrospinales,QYQD01,S145-22,SM23-61,Syntrophales,Syntrophobacterales,Thermodesulfobacteriales,UBA1062,UBA7883,UBA9942
flagella_only	21	21-64-14,AKS1,CALZJG01,DRMK01,DSM-19610,GCA-2400775,Ga0077554,JAADGQ01,JAADHS01,JADJWH01,JAFLJP01,JAHJQQ01,S012-40,SZUA-140,SZUA-152,SZUA-76,Tenderiales,Thiohalobacterales,Thiohalomonadales,UBA6429,VBWC01
gtdb_only	22	Bacteroidales,Balneolales,CR04bin15,Calditrichales,DRLW01,Flavobacteriales,Ignavibacteriales,JACIZP01,JdFR-76,Kapabacteriales,Kryptoniales,Marinisomatales,QNDG01,RBG-13-44-9,Rhodothermales,SCGC-AAA003-L08,SORT01,T3Sed10-11,UBA10030,UBA2214,UBA2242,UBA8477
gtdb_only	22	21-64-14,AKS1,CAIRSR01,CALZJG01,DRMK01,GCA-2400775,Ga0077554,HK1,JAABTG01,JAADGQ01,JAADHS01,JADJWH01,JAFLJP01,S012-40,SG8-11,SZUA-140,SZUA-152,SZUA-76,Tenderiales,Thiohalomonadales,UBA6429,VBWC01
gtdb_only	22	ARS1246,B11-G9,B62-G9,Borreliales,Brachyspirales,Brevinematales,CADAEX01,COTS27,DSM-16054,DSM-27196,DSM-6578,GWE2-31-10,JAAYUW01,JABEVK01,JAFGXN01,JC444,SPDA01,SZUA-6,Spirochaetales_E,Treponematales,UBA9216,WRBN01
flagella_only	22	B64-G9,Bradymonadales,Fen-1088,GCA-2747355,GCA-2863065,HGW-17,Haliangiales,JAAYKL01,Myxococcales,Nannocystales,PHBI01,Palsa-1104,Polyangiales,SZUA-336,UBA4151,UBA727,UBA796,UBA7976,UBA9160,UBA9615,WYAZ01,XYA12-FULL-58-9
flagella_only	22	Adiutricales,Anaeroferrophillales,BSN033,C00003060,Desulfarculales,Desulfatiglandales,Desulfobaccales,Desulfobacterales,Dissulfuribacterales,JACRGQ01,JADFXK01,JAGOGO01,Nitrospinales,QYQD01,S145-22,SM23-61,Syntrophales,Syntrophobacterales,Thermodesulfobacteriales,UBA1062,UBA7883,UBA9942
flagella_only	22	Acetivibrionales,Acetivibrionales_A,Caldicellulosiruptorales,Caldicoprobacterales,Ch29,Christensenellales,Erysipelotrichales,Eubacteriales,Lachnospirales,Lutisporales,Mahellales,Monoglobales,Oscillospirales,Peptostreptococcales,SK-Y3,Saccharofermentanales,TANB77,Thermoanaerobacterales,Tissierellales,UBA1212,UBA1381,UBA4068
flagella_only	22	21-64-14,AKS1,CALZJG01,DRMK01,DSM-19610,GCA-2400775,Ga0077554,JAADGQ01,JAADHS01,JADJWH01,JAFLJP01,JAHJQQ01,Nitrosococcales,S012-40,SZUA-140,SZUA-152,SZUA-76,Tenderiales,Thiohalobacterales,Thiohalomonadales,UBA6429,VBWC01
gtdb_only	23	B15-G4,Brocadiales,FEN-1346,GCA-002687715,Gemmatales,J058,JAAYCJ01,MHYJ01,Pan216,Phycisphaerales,Pirellulales,Planctomycetales,SM23-32,SM23-33,Sedimentisphaerales,Tepidisphaerales,UBA1135,UBA1146,UBA1845,UBA2386,UBA2392,WQYP01,WSZJ01
gtdb_only	23	Acetivibrionales,Acetivibrionales_A,Caldicellulosiruptorales,Caldicoprobacterales,Ch29,Christensenellales,Clostridiales,Eubacteriales,Koleobacterales,Lachnospirales,Lutisporales,Mahellales,Monoglobales,Oscillospirales,Peptostreptococcales,SK-Y3,Saccharofermentanales,TANB77,Thermoanaerobacterales,Thermosediminibacterales,Tissierellales,UBA1212,UBA1381
flagella_only	23	Acetivibrionales,Acetivibrionales_A,Caldicellulosiruptorales,Caldicoprobacterales,Ch29,Christensenellales,Erysipelotrichales,Eubacteriales,Lachnospirales,Lutisporales,Mahellales,Monoglobales,Oscillospirales,PWPR01,Peptostreptococcales,SK-Y3,Saccharofermentanales,TANB77,Thermoanaerobacterales,Tissierellales,UBA1212,UBA1381,UBA4068
flagella_only	23	21-64-14,AKS1,BW-2,CALZJG01,DRMK01,DSM-19610,GCA-2400775,Ga0077554,JAADGQ01,JAADHS01,JADJWH01,JAFLJP01,JAHJQQ01,Nitrosococcales,S012-40,SZUA-140,SZUA-152,SZUA-76,Tenderiales,Thiohalobacterales,Thiohalomonadales,UBA6429,VBWC01
gtdb_only	24	4572-78,Anaerolineales,Armatimonadales,CAIYQO01,CSP1-3,Caldilineales,Chthonomonadales,DUEN01,FW602-bin22,Fimbriimonadales,HRBIN16,HRBIN17,JAAZEB01,Ktedonobacterales,Limnocylindrales,Tepidiformales,Thermomicrobiales,UBA10988,UBA12225,UBA2979,UBA5377,UBA5829,UBA6077,WVXJ01
gtdb_only	24	Alicyclobacillales,Aneurinibacillales,Bacillales,Bacillales_D,Bacillales_G,Bacillales_H,Bacillales_I,Bacillales_K,Brevibacillales,Caldalkalibacillales,DSM-22653,DTU022,Desulfuribacillales,Dethiobacterales,Erysipelotrichales,Exiguobacterales,Kyrpidiales,Lactobacillales,Natranaerobiales,Paenibacillales,Proteinivoracales,SKNC01,Tepidibacillales,Tumebacillales
gtdb_only	24	Competibacterales,Ectothiorhodospirales,Ectothiorhodospirales_A,GCA-001735895,GCA-2729495,Granulosicoccales,Halothiobacillales,J044,JABDKV01,Nevskiales,Nitrococcales,PWYM01,QZLD01,SLND01,SZUA-229,Steroidobacterales,UBA4575,UBA5335,UBA5861,UBA6522,UWMA-0217,Woeseiales,XN24,Xanthomonadales
flagella_only	24	21-64-14,AKS1,BW-2,CALZJG01,DRMK01,DSM-19610,GCA-2400775,GRL18,Ga0077554,JAADGQ01,JAADHS01,JADJWH01,JAFLJP01,JAHJQQ01,Nitrosococcales,S012-40,SZUA-140,SZUA-152,SZUA-76,Tenderiales,Thiohalobacterales,Thiohalomonadales,UBA6429,VBWC01
gtdb_only	25	B15-G4,Brocadiales,FEN-1346,GCA-002687715,Gemmatales,J058,JAAYCJ01,MHYJ01,Pan216,Phycisphaerales,Pirellulales,Planctomycetales,SM23-32,SM23-33,SZUA-567,Sedimentisphaerales,Tepidisphaerales,UBA11346,UBA1135,UBA1146,UBA1845,UBA2386,UBA2392,WQYP01,WSZJ01
gtdb_only	25	BSN033,CG2-30-53-67,Desulfuromonadales,GWA2-38-11,GWC2-55-46,Geobacterales,HDB-SIOI813,JACQBW01,JACRGQ01,JAGOGO01,JAJRXV01,Methylomirabilales,Nitrospinales,Nitrospirales,RBG-16-64-22,Rokubacteriales,SBBL01,SM23-61,Thermodesulfovibrionales,UBA6902,UBA7883,UBA8248,UBA8473,UBA9637,UBA9942
flagella_only	25	ARS1246,B11-G9,B62-G9,Borreliales,Brachyspirales,Brevinematales,CADAEX01,DSM-16054,DSM-27196,DSM-6578,GWE2-31-10,JAAYUW01,JABEVK01,JAFGXN01,JAHITG01,JC444,Leptospirales,SPDA01,SZUA-6,Spirochaetales_E,Treponematales,Turneriellales,UBA4802,UBA9216,WRBN01
flagella_only	25	4572-78,Anaerolineales,Armatimonadales,CAIYQO01,CSP1-3,Caldilineales,Chthonomonadales,DUEN01,FW602-bin22,Fimbriimonadales,Gaiellales,Geothermincolales,HRBIN16,JAAZEB01,Ktedonobacterales,Limnocylindrales,Miltoncostaeales,Solirubrobacterales,Tepidiformales,Thermomicrobiales,UBA12225,UBA2979,UBA5829,UBA6077,WVXJ01
flagella_only	25	Acetivibrionales,Acetivibrionales_A,Caldicellulosiruptorales,Caldicoprobacterales,Ch29,Christensenellales,Clostridiales,Erysipelotrichales,Eubacteriales,Lachnospirales,Lactobacillales,Lutisporales,Mahellales,Monoglobales,Oscillospirales,PWPR01,Peptostreptococcales,SK-Y3,Saccharofermentanales,TANB77,Thermoanaerobacterales,Tissierellales,UBA1212,UBA1381,UBA4068
gtdb_only	26	21-64-14,AKS1,CAIRSR01,CALZJG01,DRMK01,GCA-2400775,Ga0077536,Ga0077554,HK1,JAABTG01,JAADGQ01,JAADHS01,JADJWH01,JAFLJP01,JAJPIJ01,Nitrosococcales,S012-40,SG8-11,SZUA-140,SZUA-152,SZUA-76,Tenderiales,Thiohalomonadales,UBA4486,UBA6429,VBWC01
gtdb_only	26	B64-G9,Bradymonadales,DP-6,Fen-1088,GCA-2747355,GCA-2863065,HGW-17,Haliangiales,JAAYKL01,Myxococcales,Nannocystales,PHBI01,Palsa-1104,Polyangiales,SZUA-336,UBA12015,UBA4151,UBA727,UBA796,UBA7976,UBA9160,UBA9615,UBA9968,UTPRO1,WYAZ01,XYA12-FULL-58-9
flagella_only	26	CACIAM-22H2,Dongiales,Elsterales,Ferrovibrionales,GCA-2731375,GCA-2746255,JAEULC01,Kiloniellales,Micavibrionales,Micropepsales,Minwuiales,Oceanibaculales,RF32,Rhodospirillales,Rhodospirillales_A,SHVZ01,SMXQ01,Sneathiellales,TMED2,Thalassobaculales,Tistrellales,UBA2966,UBA6615,UBA8366,UBA9219,Zavarziniales
flagella_only	26	AABM5-125-24,B3-LCP,B68-G9,BMS3BBIN04,CAIWAD01,CR04bin15,Calditrichales,Cloacimonadales,DRLW01,Ignavibacteriales,JACIZP01,JdFR-76,Kapabacteriales,Kryptoniales,Marinisomatales,QNDG01,RBG-13-44-9,RPQS01,SCGC-AAA003-L08,SORT01,T3Sed10-11,UBA10030,UBA2214,UBA2242,UBA4055,UBA8477
flagella_only	27	Azospirillales,CACIAM-22H2,Dongiales,Elsterales,Ferrovibrionales,GCA-2731375,GCA-2746255,JAEULC01,Kiloniellales,Micavibrionales,Micropepsales,Minwuiales,Oceanibaculales,RF32,Rhodospirillales,Rhodospirillales_A,SHVZ01,SMXQ01,Sneathiellales,TMED2,Thalassobaculales,Tistrellales,UBA2966,UBA6615,UBA8366,UBA9219,Zavarziniales
flagella_only	27	AABM5-125-24,B3-LCP,B68-G9,BMS3BBIN04,CAIWAD01,CR04bin15,Calditrichales,Cloacimonadales,DRLW01,GWA2-58-10,Ignavibacteriales,JACIZP01,JdFR-76,Kapabacteriales,Kryptoniales,Marinisomatales,QNDG01,RBG-13-44-9,RPQS01,SCGC-AAA003-L08,SORT01,T3Sed10-11,UBA10030,UBA2214,UBA2242,UBA4055,UBA8477
gtdb_only	28	4572-78,Anaerolineales,Armatimonadales,Baltobacterales,CAIYQO01,CSP1-3,Caldilineales,Chthonomonadales,DUEN01,FW602-bin22,Fimbriimonadales,HRBIN16,HRBIN17,JAAZEB01,JAJTBE01,Ktedonobacterales,Limnocylindrales,RGZZ01,Tepidiformales,Thermomicrobiales,UBA10988,UBA12225,UBA2979,UBA5377,UBA5829,UBA6077,WVXJ01,Xenobiales
gtdb_only	28	AABM5-125-24,B3-LCP,BMS3BBIN04,Bacteroidales,Balneolales,CAIWAD01,CR04bin15,Calditrichales,DRLW01,Flavobacteriales,Ignavibacteriales,JACIZP01,JdFR-76,Kapabacteriales,Kryptoniales,Marinisomatales,QNDG01,RBG-13-44-9,RPQS01,Rhodothermales,SCGC-AAA003-L08,SORT01,T3Sed10-11,UBA10030,UBA2214,UBA2242,UBA4055,UBA8477
gtdb_only	28	B64-G9,Bradymonadales,DP-6,FEN-1099,Fen-1088,GCA-2747355,GCA-2863065,HGW-17,Haliangiales,JAAYKL01,JACKCT01,Myxococcales,Nannocystales,PHBI01,Palsa-1104,Polyangiales,SZUA-336,UBA12015,UBA4151,UBA727,UBA796,UBA7976,UBA9160,UBA9615,UBA9968,UTPRO1,WYAZ01,XYA12-FULL-58-9
flagella_only	28	2-12-FULL-62-27,ARS1246,B11-G9,B62-G9,Borreliales,Brachyspirales,Brevinematales,CADAEX01,COTS27,DSM-16054,DSM-27196,DSM-6578,GWE2-31-10,JAAYUW01,JABEVK01,JAFGXN01,JAHITG01,JC444,Leptospirales,SPDA01,SZUA-6,Spirochaetales_E,Treponematales,Turneriellales,UBA4802,UBA8481,UBA9216,WRBN01
flagella_only	28	Azospirillales,CACIAM-22H2,DSM-16000,Dongiales,Elsterales,Ferrovibrionales,GCA-2731375,GCA-2746255,JAEULC01,Kiloniellales,Micavibrionales,Micropepsales,Minwuiales,Oceanibaculales,RF32,Rhodospirillales,Rhodospirillales_A,SHVZ01,SMXQ01,Sneathiellales,TMED2,Thalassobaculales,Tistrellales,UBA2966,UBA6615,UBA8366,UBA9219,Zavarziniales
gtdb_only	29	Alicyclobacillales,Aneurinibacillales,Bacillales,Bacillales_D,Bacillales_G,Bacillales_H,Bacillales_I,Bacillales_K,Brevibacillales,Caldalkalibacillales,DSM-22653,DTU022,DTU030,DUMP01,Desulfuribacillales,Dethiobacterales,Erysipelotrichales,Exiguobacterales,Kyrpidiales,Lactobacillales,Natranaerobiales,PWPR01,Paenibacillales,Proteinivoracales,SKNC01,Tepidibacillales,Tumebacillales,UBA5500,UBA994
flagella_only	29	21-64-14,AKS1,BW-2,CALZJG01,DRMK01,DSM-19610,GCA-2400775,GRL18,Ga0077536,Ga0077554,HK1,JAABTG01,JAADGQ01,JAADHS01,JADJWH01,JAFLJP01,JAHJQQ01,JAJPIJ01,Nitrosococcales,S012-40,SZUA-140,SZUA-152,SZUA-76,Tenderiales,Thiohalobacterales,Thiohalomonadales,UBA4486,UBA6429,VBWC01
flagella_only	29	B1SED10-174,Carboxydocellales,Ch66,DRI-13,DTU010,DTU030,DTU065,DTU080,DTU084,DTU087,DUMP01,DY22613,Halanaerobiales,Halobacteroidales,Heliobacteriales,JAAZLZ01,Koleobacterales,Limnochordales_A,Natranaerobiales,Peptococcales,Proteinivoracales,Syntrophomonadales,Thermacetogeniales,Thermincolales,Thermosediminibacterales,UBA10575,UBA5301,UBA5500,UBA8346
gtdb_only	30	ATCC43930,Acetobacterales,Azospirillales,CACIAM-22H2,Caulobacterales,DSM-16000,Dongiales,Elsterales,Ferrovibrionales,GCA-2731375,GCA-2746255,Geminicoccales,JAEULC01,Kiloniellales,MPNO01,Micropepsales,Minwuiales,Oceanibaculales,Parvibaculales,Rhizobiales,Rhodobacterales,Rhodospirillales,SHVZ01,SMXQ01,Sneathiellales,Sphingomonadales,Tistrellales,UBA2966,UBA6615,Zavarziniales
gtdb_only	30	Ammonifexales,Anaeromusales,CTSoil-072,Carboxydocellales,Carboxydothermales,Ch66,DRI-13,DSM-1736,DTU086,DULZ01,Desulfitibacterales,Desulfitobacteriales,Desulfotomaculales,Heliobacteriales,JADQBR01,Moorellales,PH28-bin88,Peptococcales,Propionisporales,Selenomonadales,Sporomusales,Sporomusales_A,Sporomusales_B,Sporomusales_C,Syntrophomonadales,Thermacetogeniales,Thermincolales,UBA1444,UBA4068,UMGS1260
flagella_only	30	21-64-14,AKS1,BW-2,CALZJG01,DRMK01,DSM-19610,GCA-2400775,GRL18,Ga0077536,Ga0077554,HK1,JAABTG01,JAADGQ01,JAADHS01,JADJWH01,JAFLJP01,JAHJQQ01,JAJPIJ01,Nitrosococcales,S012-40,SG8-11,SZUA-140,SZUA-152,SZUA-76,Tenderiales,Thiohalobacterales,Thiohalomonadales,UBA4486,UBA6429,VBWC01
flagella_only	30	Azospirillales,CACIAM-22H2,Caulobacterales,DSM-16000,Dongiales,Elsterales,Ferrovibrionales,GCA-2731375,GCA-2746255,JAEULC01,Kiloniellales,Micavibrionales,Micropepsales,Minwuiales,Oceanibaculales,Parvibaculales,RF32,Rhodospirillales,Rhodospirillales_A,SHVZ01,SMXQ01,Sneathiellales,TMED2,Thalassobaculales,Tistrellales,UBA2966,UBA6615,UBA8366,UBA9219,Zavarziniales
gtdb_only	31	ATCC43930,Acetobacterales,Azospirillales,CACIAM-22H2,Caulobacterales,DSM-16000,Dongiales,Elsterales,Ferrovibrionales,GCA-2731375,GCA-2746255,Geminicoccales,JAEULC01,Kiloniellales,MPNO01,Micropepsales,Minwuiales,Oceanibaculales,Parvibaculales,Rhizobiales,Rhodobacterales,Rhodospirillales,Rhodospirillales_A,SHVZ01,SMXQ01,Sneathiellales,Sphingomonadales,Tistrellales,UBA2966,UBA6615,Zavarziniales
flagella_only	31	Azospirillales,CACIAM-22H2,Caulobacterales,DSM-16000,Dongiales,Elsterales,Ferrovibrionales,GCA-2731375,GCA-2746255,Geminicoccales,JAEULC01,Kiloniellales,Micavibrionales,Micropepsales,Minwuiales,Oceanibaculales,Parvibaculales,RF32,Rhodospirillales,Rhodospirillales_A,SHVZ01,SMXQ01,Sneathiellales,TMED2,Thalassobaculales,Tistrellales,UBA2966,UBA6615,UBA8366,UBA9219,Zavarziniales
flagella_only	31	21-64-14,AKS1,BW-2,CAIRSR01,CALZJG01,DRMK01,DSM-19610,GCA-2400775,GRL18,Ga0077536,Ga0077554,HK1,JAABTG01,JAADGQ01,JAADHS01,JADJWH01,JAFLJP01,JAHJQQ01,JAJPIJ01,Nitrosococcales,S012-40,SG8-11,SZUA-140,SZUA-152,SZUA-76,Tenderiales,Thiohalobacterales,Thiohalomonadales,UBA4486,UBA6429,VBWC01
gtdb_only	32	ATCC43930,Acetobacterales,Azospirillales,CACIAM-22H2,Caulobacterales,DSM-16000,Dongiales,Elsterales,Ferrovibrionales,GCA-2731375,GCA-2746255,Geminicoccales,JAEULC01,Kiloniellales,MPNO01,Micropepsales,Minwuiales,Oceanibaculales,Parvibaculales,Rhizobiales,Rhodobacterales,Rhodospirillales,Rhodospirillales_A,SHVZ01,SMXQ01,Sneathiellales,Sphingomonadales,Tistrellales,UBA2966,UBA6615,UBA8366,Zavarziniales
flagella_only	32	21-64-14,AKS1,BW-2,CAIRSR01,CALZJG01,DRMK01,DSM-19610,GCA-2400775,GRL18,Ga0077536,Ga0077554,HK1,JAABTG01,JAADGQ01,JAADHS01,JADJWH01,JAFLJP01,JAHJQQ01,JAJPIJ01,Nitrosococcales,S012-40,SG8-11,SZUA-140,SZUA-152,SZUA-21,SZUA-76,Tenderiales,Thiohalobacterales,Thiohalomonadales,UBA4486,UBA6429,VBWC01
flagella_only	32	Acetobacterales,Azospirillales,CACIAM-22H2,Caulobacterales,DSM-16000,Dongiales,Elsterales,Ferrovibrionales,GCA-2731375,GCA-2746255,Geminicoccales,JAEULC01,Kiloniellales,Micavibrionales,Micropepsales,Minwuiales,Oceanibaculales,Parvibaculales,RF32,Rhodospirillales,Rhodospirillales_A,SHVZ01,SMXQ01,Sneathiellales,TMED2,Thalassobaculales,Tistrellales,UBA2966,UBA6615,UBA8366,UBA9219,Zavarziniales
gtdb_only	33	AABM5-125-24,B3-LCP,BMS3BBIN04,Bacteroidales,Balneolales,CAIWAD01,CR04bin15,Calditrichales,Chitinivibrionales,DRLW01,Fibrobacterales,Flavobacteriales,Ignavibacteriales,JACIZP01,JdFR-76,Kapabacteriales,Kryptoniales,Marinisomatales,OXYB2-FULL-49-7,QNDG01,RBG-13-44-9,RPQS01,Rhodothermales,SCGC-AAA003-L08,SORT01,T3Sed10-11,UBA10030,UBA11236,UBA2214,UBA2242,UBA4055,UBA5070,UBA8477
flagella_only	33	Acetobacterales,Azospirillales,CACIAM-22H2,Caulobacterales,DSM-16000,Dongiales,Elsterales,Ferrovibrionales,GCA-2731375,GCA-2746255,Geminicoccales,JABSOH01,JAEULC01,Kiloniellales,Micavibrionales,Micropepsales,Minwuiales,Oceanibaculales,Parvibaculales,RF32,Rhodospirillales,Rhodospirillales_A,SHVZ01,SMXQ01,Sneathiellales,TMED2,Thalassobaculales,Tistrellales,UBA2966,UBA6615,UBA8366,UBA9219,Zavarziniales
gtdb_only	34	ATCC43930,Acetobacterales,Azospirillales,CACIAM-22H2,Caulobacterales,DSM-16000,Dongiales,Elsterales,Ferrovibrionales,GCA-2731375,GCA-2746255,Geminicoccales,JAEULC01,Kiloniellales,MPNO01,Micropepsales,Minwuiales,Oceanibaculales,Parvibaculales,Puniceispirillales,Rhizobiales,Rhodobacterales,Rhodospirillales,Rhodospirillales_A,SHVZ01,SMXQ01,Sneathiellales,Sphingomonadales,Thalassobaculales,Tistrellales,UBA2966,UBA6615,UBA8366,Zavarziniales
gtdb_only	34	AABM5-125-24,B3-LCP,BMS3BBIN04,Bacteroidales,Balneolales,CAIWAD01,CR04bin15,Calditrichales,Chitinivibrionales,Cloacimonadales,DRLW01,Fibrobacterales,Flavobacteriales,Ignavibacteriales,JACIZP01,JdFR-76,Kapabacteriales,Kryptoniales,Marinisomatales,OXYB2-FULL-49-7,QNDG01,RBG-13-44-9,RPQS01,Rhodothermales,SCGC-AAA003-L08,SORT01,T3Sed10-11,UBA10030,UBA11236,UBA2214,UBA2242,UBA4055,UBA5070,UBA8477
flagella_only	34	B15-G4,Chthoniobacterales,FEN-1346,GCA-002687715,Gemmatales,J058,JAAYCJ01,JABSQK01,Kiritimatiellales,Lentisphaerales,MHYJ01,Methylacidiphilales,Opitutales,Pan216,Pedosphaerales,Phycisphaerales,Pirellulales,Planctomycetales,RZYC01,SM23-32,SM23-33,SZUA-567,Sedimentisphaerales,Tepidisphaerales,UBA11346,UBA1135,UBA1146,UBA1845,UBA2386,UBA2392,UBA8416,Victivallales,WQYP01,WSZJ01
gtdb_only	36	21-64-14,AKS1,BW-2,CAIRSR01,CALZJG01,Chromatiales,DRMK01,DSM-19610,GCA-2400775,GCF-002020875,GRL18,Ga0077536,Ga0077554,HK1,JAABTG01,JAADGQ01,JAADHS01,JABHGC01,JADJWH01,JAFLJP01,JAHJQQ01,JAJPIJ01,Methylococcales,Nitrosococcales,S012-40,SG8-11,SZUA-140,SZUA-152,SZUA-21,SZUA-76,Tenderiales,Thiohalobacterales,Thiohalomonadales,UBA4486,UBA6429,VBWC01
gtdb_only	36	B15-G4,Brocadiales,Chlamydiales,Chthoniobacterales,FEN-1346,GCA-002687715,Gemmatales,J058,JAAYCJ01,JABSQK01,Kiritimatiellales,Lentisphaerales,MHYJ01,Methylacidiphilales,Opitutales,Pan216,Pedosphaerales,Phycisphaerales,Pirellulales,Planctomycetales,RZYC01,SM23-32,SM23-33,SZUA-567,Sedimentisphaerales,Tepidisphaerales,UBA11346,UBA1135,UBA1146,UBA1845,UBA2386,UBA2392,UBA8416,Victivallales,WQYP01,WSZJ01
flagella_only	36	AABM5-125-24,B3-LCP,B68-G9,BMS3BBIN04,CAIWAD01,CAIYYT01,CR04bin15,Calditrichales,Cloacimonadales,DRLW01,GN15,GWA2-58-10,Ignavibacteriales,JAABVY01,JACIZP01,JdFR-76,Kapabacteriales,Kryptoniales,Latescibacterales,Marinisomatales,QNDG01,RBG-13-44-9,RPQS01,SCGC-AAA003-L08,SORT01,T3Sed10-11,UBA10030,UBA10806,UBA2214,UBA2242,UBA2968,UBA4055,UBA8231,UBA8477,UM-FILTER-46-8,WJJR01
flagella_only	36	Acetobacterales,Azospirillales,CACIAM-22H2,Caedimonadales,Caulobacterales,DSM-16000,Dongiales,Elsterales,Ferrovibrionales,GCA-2731375,GCA-2746255,Geminicoccales,JABSOH01,JAEULC01,Kiloniellales,Micavibrionales,Micropepsales,Minwuiales,Oceanibaculales,Paracaedibacterales,Parvibaculales,RF32,Rhodospirillales,Rhodospirillales_A,Rickettsiales,SHVZ01,SMXQ01,Sneathiellales,TMED2,Thalassobaculales,Tistrellales,UBA2966,UBA6615,UBA8366,UBA9219,Zavarziniales
gtdb_only	37	ATCC43930,Acetobacterales,Azospirillales,CACIAM-22H2,Caulobacterales,DSM-16000,Dongiales,Elsterales,Ferrovibrionales,GCA-2731375,GCA-2746255,Geminicoccales,JAEULC01,Kiloniellales,MPNO01,Micavibrionales,Micropepsales,Minwuiales,Oceanibaculales,Parvibaculales,Puniceispirillales,Rhizobiales,Rhodobacterales,Rhodospirillales,Rhodospirillales_A,SHVZ01,SMXQ01,Sneathiellales,Sphingomonadales,TMED2,Thalassobaculales,Tistrellales,UBA2966,UBA6615,UBA8366,UBA9219,Zavarziniales
flagella_only	37	Adiutricales,Anaeroferrophillales,BSN033,C00003060,CG2-30-53-67,Deferrimicrobiales,Desulfarculales,Desulfatiglandales,Desulfobaccales,Desulfobacterales,Desulfofervidales,Dissulfuribacterales,GWA2-38-11,GWC2-55-46,HDB-SIOI813,JACQBW01,JACRGQ01,JADFXK01,JAGOGO01,Nitrospinales,Nitrospirales,QYQD01,RBG-13-43-22,RBG-16-64-22,S145-22,SBBL01,SM23-61,Syntrophales,Syntrophobacterales,Thermodesulfobacteriales,Thermodesulfovibrionales,UBA1062,UBA6902,UBA7883,UBA8473,UBA9637,UBA9942
flagella_only	37	ATCC43930,Acetobacterales,Azospirillales,CACIAM-22H2,Caedimonadales,Caulobacterales,DSM-16000,Dongiales,Elsterales,Ferrovibrionales,GCA-2731375,GCA-2746255,Geminicoccales,JABSOH01,JAEULC01,Kiloniellales,Micavibrionales,Micropepsales,Minwuiales,Oceanibaculales,Paracaedibacterales,Parvibaculales,RF32,Rhodospirillales,Rhodospirillales_A,Rickettsiales,SHVZ01,SMXQ01,Sneathiellales,TMED2,Thalassobaculales,Tistrellales,UBA2966,UBA6615,UBA8366,UBA9219,Zavarziniales
flagella_only	38	ATCC43930,Acetobacterales,Azospirillales,CACIAM-22H2,Caedimonadales,Caulobacterales,DSM-16000,Dongiales,Elsterales,Ferrovibrionales,GCA-2731375,GCA-2746255,Geminicoccales,JABSOH01,JAEULC01,Kiloniellales,Micavibrionales,Micropepsales,Minwuiales,Oceanibaculales,Paracaedibacterales,Parvibaculales,RF32,Rhizobiales,Rhodospirillales,Rhodospirillales_A,Rickettsiales,SHVZ01,SMXQ01,Sneathiellales,TMED2,Thalassobaculales,Tistrellales,UBA2966,UBA6615,UBA8366,UBA9219,Zavarziniales
flagella_only	38	Adiutricales,Anaeroferrophillales,BSN033,C00003060,CG2-30-53-67,Deferrimicrobiales,Desulfarculales,Desulfatiglandales,Desulfobaccales,Desulfobacterales,Desulfofervidales,Dissulfuribacterales,GWA2-38-11,GWC2-55-46,HDB-SIOI813,JACPQY01,JACQBW01,JACRGQ01,JADFXK01,JAGOGO01,Nitrospinales,Nitrospirales,QYQD01,RBG-13-43-22,RBG-16-64-22,S145-22,SBBL01,SM23-61,Syntrophales,Syntrophobacterales,Thermodesulfobacteriales,Thermodesulfovibrionales,UBA1062,UBA6902,UBA7883,UBA8473,UBA9637,UBA9942
gtdb_only	39	ATCC43930,Acetobacterales,Azospirillales,CACIAM-22H2,Caedimonadales,Caulobacterales,DSM-16000,Dongiales,Elsterales,Ferrovibrionales,GCA-2731375,GCA-2746255,Geminicoccales,JAEULC01,Kiloniellales,MPNO01,Micavibrionales,Micropepsales,Minwuiales,Oceanibaculales,Paracaedibacterales,Parvibaculales,Puniceispirillales,Rhizobiales,Rhodobacterales,Rhodospirillales,Rhodospirillales_A,SHVZ01,SMXQ01,Sneathiellales,Sphingomonadales,TMED2,Thalassobaculales,Tistrellales,UBA2966,UBA6615,UBA8366,UBA9219,Zavarziniales
flagella_only	39	Acetivibrionales,Acetivibrionales_A,Ammonifexales,Caldicellulosiruptorales,Caldicoprobacterales,Carboxydothermales,Ch29,Christensenellales,Clostridiales,DTU022,DTU086,DULZ01,Desulfitibacterales,Desulfotomaculales,Dethiobacterales,Erysipelotrichales,Eubacteriales,JADQBR01,Lachnospirales,Lactobacillales,Lutisporales,Mahellales,Monoglobales,Moorellales,Oscillospirales,PH28-bin88,PWPR01,Peptostreptococcales,SK-Y3,SKNC01,Saccharofermentanales,TANB77,Thermoanaerobacterales,Tissierellales,UBA1212,UBA1381,UBA3575,UBA4068,UBA994
flagella_only	39	ATCC43930,Acetobacterales,Azospirillales,CACIAM-22H2,Caedimonadales,Caulobacterales,DSM-16000,Dongiales,Elsterales,Ferrovibrionales,GCA-2731375,GCA-2746255,Geminicoccales,JABSOH01,JAEULC01,Kiloniellales,MPNO01,Micavibrionales,Micropepsales,Minwuiales,Oceanibaculales,Paracaedibacterales,Parvibaculales,RF32,Rhizobiales,Rhodospirillales,Rhodospirillales_A,Rickettsiales,SHVZ01,SMXQ01,Sneathiellales,TMED2,Thalassobaculales,Tistrellales,UBA2966,UBA6615,UBA8366,UBA9219,Zavarziniales
gtdb_only	40	ATCC43930,Acetobacterales,Azospirillales,CACIAM-22H2,Caedimonadales,Caulobacterales,DSM-16000,Dongiales,Elsterales,Ferrovibrionales,GCA-2731375,GCA-2746255,Geminicoccales,JABSOH01,JAEULC01,Kiloniellales,MPNO01,Micavibrionales,Micropepsales,Minwuiales,Oceanibaculales,Paracaedibacterales,Parvibaculales,Puniceispirillales,Rhizobiales,Rhodobacterales,Rhodospirillales,Rhodospirillales_A,SHVZ01,SMXQ01,Sneathiellales,Sphingomonadales,TMED2,Thalassobaculales,Tistrellales,UBA2966,UBA6615,UBA8366,UBA9219,Zavarziniales
flagella_only	40	ATCC43930,Acetobacterales,Azospirillales,CACIAM-22H2,Caedimonadales,Caulobacterales,DSM-16000,Dongiales,Elsterales,Ferrovibrionales,GCA-2731375,GCA-2746255,Geminicoccales,JABSOH01,JAEULC01,Kiloniellales,MPNO01,Micavibrionales,Micropepsales,Minwuiales,Oceanibaculales,Paracaedibacterales,Parvibaculales,RF32,Rhizobiales,Rhodospirillales,Rhodospirillales_A,Rickettsiales,SHVZ01,SMXQ01,Sneathiellales,TMED2,Thalassobaculales,Tistrellales,UBA1280,UBA2966,UBA6615,UBA8366,UBA9219,Zavarziniales
flagella_only	41	2-12-FULL-62-27,ARS1246,B11-G9,B21-G9,B3-G13,B62-G9,Borreliales,Brachyspirales,Brevinematales,CADAEX01,COTS27,DSM-16054,DSM-27196,DSM-6578,Fusobacteriales,GWE2-31-10,JAAYUW01,JABEVK01,JAFGXN01,JAHITG01,JC444,Leptospirales,MWEM01,Mesoaciditogales,Muirbacteriales,Ozemobacterales,Petrotogales,SPDA01,SZUA-6,Spirochaetales_E,T1Sed10-126,Thermotogales,Treponematales,Turneriellales,UBA12178,UBA4802,UBA6191,UBA8481,UBA9216,UBA9980,WRBN01
flagella_only	41	ATCC43930,Acetobacterales,Azospirillales,CACIAM-22H2,Caedimonadales,Caulobacterales,DSM-16000,Dongiales,Elsterales,Ferrovibrionales,GCA-2731375,GCA-2746255,Geminicoccales,JABSOH01,JAEULC01,Kiloniellales,MPNO01,Micavibrionales,Micropepsales,Minwuiales,Oceanibaculales,Paracaedibacterales,Parvibaculales,RF32,Rhizobiales,Rhodobacterales,Rhodospirillales,Rhodospirillales_A,Rickettsiales,SHVZ01,SMXQ01,Sneathiellales,TMED2,Thalassobaculales,Tistrellales,UBA1280,UBA2966,UBA6615,UBA8366,UBA9219,Zavarziniales
flagella_only	41	AABM5-125-24,B3-LCP,B68-G9,BMS3BBIN04,CAIWAD01,CAIYYT01,CR04bin15,Calditrichales,Chitinivibrionales,Cloacimonadales,DRLW01,Fibrobacterales,GN15,GWA2-58-10,Ignavibacteriales,JAABVY01,JACIZP01,JdFR-76,Kapabacteriales,Kryptoniales,Latescibacterales,Marinisomatales,OXYB2-FULL-49-7,QNDG01,RBG-13-44-9,RPQS01,SCGC-AAA003-L08,SORT01,T3Sed10-11,UBA10030,UBA10806,UBA11236,UBA2214,UBA2242,UBA2968,UBA4055,UBA5070,UBA8231,UBA8477,UM-FILTER-46-8,WJJR01
flagella_only	41	Anaeromusales,B1SED10-174,CTSoil-072,Carboxydocellales,Ch66,DRI-13,DSM-1736,DTU010,DTU030,DTU065,DTU080,DTU084,DTU087,DUMP01,DY22613,Desulfitobacteriales,Halanaerobiales,Halobacteroidales,Heliobacteriales,JAAZLZ01,Koleobacterales,Limnochordales_A,Natranaerobiales,Peptococcales,Propionisporales,Proteinivoracales,Selenomonadales,Sporomusales,Sporomusales_A,Sporomusales_B,Sporomusales_C,Syntrophomonadales,Thermacetogeniales,Thermincolales,Thermosediminibacterales,UBA10575,UBA1444,UBA5301,UBA5500,UBA8346,UMGS1260
gtdb_only	42	ATCC43930,Acetobacterales,Azospirillales,CACIAM-22H2,Caedimonadales,Caulobacterales,DSM-16000,Dongiales,Elsterales,Ferrovibrionales,GCA-2731375,GCA-2746255,Geminicoccales,JABSOH01,JAEULC01,Kiloniellales,MPNO01,Micavibrionales,Micropepsales,Minwuiales,Oceanibaculales,Paracaedibacterales,Parvibaculales,Puniceispirillales,Rhizobiales,Rhodobacterales,Rhodospirillales,Rhodospirillales_A,Rickettsiales,SHVZ01,SMXQ01,Sneathiellales,Sphingomonadales,TMED127,TMED2,Thalassobaculales,Tistrellales,UBA2966,UBA6615,UBA8366,UBA9219,Zavarziniales
gtdb_only	42	Adiutricales,BSN033,C00003060,CG2-30-53-67,Desulfarculales,Desulfatiglandales,Desulfobaccales,Desulfobacterales,Desulfobulbales,Desulfofervidales,Desulfovibrionales,Desulfuromonadales,Dissulfuribacterales,GWA2-38-11,GWC2-55-46,Geobacterales,HDB-SIOI813,JACQBW01,JACRGQ01,JADFXK01,JAGOGO01,JAJRXV01,Methylomirabilales,Nitrospinales,Nitrospirales,QYQD01,RBG-13-43-22,RBG-16-64-22,Rokubacteriales,SBBL01,SM23-61,Syntrophales,Syntrophobacterales,Thermodesulfobacteriales,Thermodesulfovibrionales,UBA1062,UBA6902,UBA7883,UBA8248,UBA8473,UBA9637,UBA9942
flagella_only	42	Anaeromusales,B1SED10-174,CTSoil-072,Carboxydocellales,Ch66,DRI-13,DSM-1736,DTU010,DTU030,DTU065,DTU080,DTU084,DTU087,DUMP01,DUMW01,DY22613,Desulfitobacteriales,Halanaerobiales,Halobacteroidales,Heliobacteriales,JAAZLZ01,Koleobacterales,Limnochordales_A,Natranaerobiales,Peptococcales,Propionisporales,Proteinivoracales,Selenomonadales,Sporomusales,Sporomusales_A,Sporomusales_B,Sporomusales_C,Syntrophomonadales,Thermacetogeniales,Thermincolales,Thermosediminibacterales,UBA10575,UBA1444,UBA5301,UBA5500,UBA8346,UMGS1260
gtdb_only	43	ATCC43930,Acetobacterales,Azospirillales,CACIAM-22H2,Caedimonadales,Caulobacterales,DSM-16000,Dongiales,Elsterales,Ferrovibrionales,GCA-2731375,GCA-2746255,Geminicoccales,JABSOH01,JAEULC01,Kiloniellales,MPNO01,Micavibrionales,Micropepsales,Minwuiales,Oceanibaculales,Paracaedibacterales,Parvibaculales,Puniceispirillales,RF32,Rhizobiales,Rhodobacterales,Rhodospirillales,Rhodospirillales_A,Rickettsiales,SHVZ01,SMXQ01,Sneathiellales,Sphingomonadales,TMED127,TMED2,Thalassobaculales,Tistrellales,UBA2966,UBA6615,UBA8366,UBA9219,Zavarziniales
flagella_only	43	4572-78,Acidimicrobiales,Actinomycetales,Anaerolineales,Armatimonadales,Baltobacterales,CAIYQO01,CSP1-3,Caldilineales,Chthonomonadales,DUEN01,Euzebyales,FEN-1173,FW602-bin22,Fimbriimonadales,Gaiellales,Geothermincolales,HRBIN16,HRBIN17,IMCC26256,JAAZEB01,JAJZYS01,Ktedonobacterales,Limnocylindrales,Miltoncostaeales,Motilibacterales,Mycobacteriales,Nanopelagicales,Nitriliruptorales,Propionibacteriales,Solirubrobacterales,Streptosporangiales,Sulfobacillales,Tepidiformales,Thermomicrobiales,UBA10988,UBA12225,UBA2979,UBA5377,UBA5794,UBA5829,UBA6077,WVXJ01
flagella_only	43	Adiutricales,Anaeroferrophillales,BSN033,C00003060,CG2-30-53-67,Deferrimicrobiales,Desulfarculales,Desulfatiglandales,Desulfobaccales,Desulfobacterales,Desulfofervidales,Dissulfuribacterales,FEN-1099,GWA2-38-11,GWC2-55-46,HDB-SIOI813,JABWBI01,JACKCT01,JACPQY01,JACQBW01,JACRGQ01,JADFXK01,JAGOGO01,MVZB01,Nitrospinales,Nitrospirales,QYQD01,RBG-13-43-22,RBG-16-64-22,S145-22,SBBL01,SM23-61,Syntrophales,Syntrophobacterales,Thermodesulfobacteriales,Thermodesulfovibrionales,UBA1062,UBA6902,UBA7883,UBA8349,UBA8473,UBA9637,UBA9942
gtdb_only	44	ATCC43930,Acetobacterales,Azospirillales,CACIAM-22H2,Caedimonadales,Caulobacterales,DSM-16000,Dongiales,Elsterales,Ferrovibrionales,GCA-2731375,GCA-2746255,Geminicoccales,JABSOH01,JAEULC01,Kiloniellales,MPNO01,Micavibrionales,Micropepsales,Minwuiales,Oceanibaculales,Paracaedibacterales,Parvibaculales,Puniceispirillales,RF32,Rhizobiales,Rhodobacterales,Rhodospirillales,Rhodospirillales_A,Rickettsiales,SHVZ01,SMXQ01,Sneathiellales,Sphingomonadales,TMED127,TMED2,Thalassobaculales,Tistrellales,UBA1280,UBA2966,UBA6615,UBA8366,UBA9219,Zavarziniales
flagella_only	44	AABM5-125-24,B3-LCP,B68-G9,BMS3BBIN04,CAIWAD01,CAIYYT01,CR04bin15,Calditrichales,Chitinivibrionales,Cloacimonadales,DRLW01,Fibrobacterales,GN15,GWA2-58-10,Ignavibacteriales,JAABVY01,JACIZP01,JACNKJ01,JdFR-76,Kapabacteriales,Krumholzibacteriales,Kryptoniales,LZORAL124-64-63,Latescibacterales,Marinisomatales,OXYB2-FULL-49-7,QNDG01,RBG-13-44-9,RPQS01,SCGC-AAA003-L08,SORT01,T3Sed10-11,UBA10030,UBA10806,UBA11236,UBA2214,UBA2242,UBA2968,UBA4055,UBA5070,UBA8231,UBA8477,UM-FILTER-46-8,WJJR01
flagella_only	44	2-12-FULL-62-27,ARS1246,B11-G9,B21-G9,B3-G13,B62-G9,Borreliales,Brachyspirales,Brevinematales,CADAEX01,COTS27,DSM-16054,DSM-27196,DSM-6578,Duberdicusellales,Fusobacteriales,GWE2-31-10,JAAYUW01,JABEVK01,JAFGXN01,JAHITG01,JC444,Leptospirales,MWEM01,Mesoaciditogales,Muirbacteriales,Ozemobacterales,PGYV01,Petrotogales,SPDA01,SZUA-6,Spirochaetales_E,T1Sed10-126,Thermotogales,Treponematales,Turneriellales,UBA12178,UBA4802,UBA6099,UBA6191,UBA8481,UBA9216,UBA9980,WRBN01
flagella_only	44	Adiutricales,Anaeroferrophillales,BSN033,C00003060,CG2-30-53-67,Deferrimicrobiales,Desulfarculales,Desulfatiglandales,Desulfobaccales,Desulfobacterales,Desulfofervidales,Dissulfuribacterales,FEN-1099,GWA2-38-11,GWC2-55-46,HDB-SIOI813,JABWBI01,JACKCT01,JACPQY01,JACQBW01,JACRGQ01,JADFXK01,JAGOGO01,MVZB01,Nitrospinales,Nitrospirales,QYQD01,RBG-13-43-22,RBG-16-64-22,S145-22,SBBL01,SM23-61,Syntrophales,Syntrophobacterales,Thermodesulfobacteriales,Thermodesulfovibrionales,UBA1062,UBA6902,UBA7883,UBA8248,UBA8349,UBA8473,UBA9637,UBA9942
flagella_only	45	21-64-14,AKS1,BW-2,CAIRSR01,CALZJG01,DRMK01,DSM-19610,Ectothiorhodospirales,Ectothiorhodospirales_A,GCA-001735895,GCA-2400775,GCA-2729495,GRL18,Ga0077536,Ga0077554,HK1,J044,JAABTG01,JAADGQ01,JAADHS01,JABDKV01,JADJWH01,JAFLJP01,JAHJQQ01,JAJPIJ01,Nitrosococcales,PWYM01,S012-40,SG8-11,SLND01,SZUA-140,SZUA-152,SZUA-21,SZUA-229,SZUA-76,Tenderiales,Thiohalobacterales,Thiohalomonadales,UBA4486,UBA5861,UBA6429,UBA6522,VBWC01,Woeseiales,XN24
gtdb_only	46	Adiutricales,Anaeroferrophillales,BSN033,C00003060,CG2-30-53-67,Deferrimicrobiales,Deferrisomatales,Desulfarculales,Desulfatiglandales,Desulfobaccales,Desulfobacterales,Desulfobulbales,Desulfofervidales,Desulfovibrionales,Desulfuromonadales,Dissulfuribacterales,GWA2-38-11,GWC2-55-46,Geobacterales,HDB-SIOI813,JACQBW01,JACRGQ01,JADFXK01,JAGOGO01,JAJRXV01,Methylomirabilales,Nitrospinales,Nitrospirales,QYQD01,RBG-13-43-22,RBG-16-64-22,Rokubacteriales,S145-22,SBBL01,SM23-61,Syntrophales,Syntrophobacterales,Thermodesulfobacteriales,Thermodesulfovibrionales,UBA1062,UBA6902,UBA7883,UBA8248,UBA8473,UBA9637,UBA9942
flagella_only	46	21-64-14,AKS1,BW-2,CAIRSR01,CALZJG01,DRMK01,DSM-19610,Ectothiorhodospirales,Ectothiorhodospirales_A,GCA-001735895,GCA-2400775,GCA-2729495,GRL18,Ga0077536,Ga0077554,HK1,Immundisolibacterales,J044,JAABTG01,JAADGQ01,JAADHS01,JABDKV01,JADJWH01,JAFLJP01,JAHJQQ01,JAJPIJ01,Nitrosococcales,PWYM01,S012-40,SG8-11,SLND01,SZUA-140,SZUA-152,SZUA-21,SZUA-229,SZUA-76,Tenderiales,Thiohalobacterales,Thiohalomonadales,UBA4486,UBA5861,UBA6429,UBA6522,VBWC01,Woeseiales,XN24
flagella_only	47	Adiutricales,Anaeroferrophillales,BSN033,C00003060,CG2-30-53-67,Deferrimicrobiales,Desulfarculales,Desulfatiglandales,Desulfobaccales,Desulfobacterales,Desulfobulbales,Desulfofervidales,Desulfuromonadales,Dissulfuribacterales,FEN-1099,GWA2-38-11,GWC2-55-46,Geobacterales,HDB-SIOI813,JABWBI01,JACKCT01,JACPQY01,JACQBW01,JACRGQ01,JADFXK01,JAGOGO01,MVZB01,Nitrospinales,Nitrospirales,QYQD01,RBG-13-43-22,RBG-16-64-22,S145-22,SBBL01,SM23-61,Syntrophales,Syntrophobacterales,Thermodesulfobacteriales,Thermodesulfovibrionales,UBA1062,UBA6902,UBA7883,UBA8248,UBA8349,UBA8473,UBA9637,UBA9942
flagella_only	47	4572-78,Acidimicrobiales,Actinomycetales,Anaerolineales,Armatimonadales,Baltobacterales,CAIYQO01,CSP1-3,Caldilineales,Chthonomonadales,DUEN01,Euzebyales,FEN-1173,FW602-bin22,Fimbriimonadales,Gaiellales,Geothermincolales,HRBIN16,HRBIN17,IMCC26256,JAAXVQ01,JAAZEB01,JAJTBE01,JAJZYS01,Ktedonobacterales,Limnocylindrales,Miltoncostaeales,Motilibacterales,Mycobacteriales,Nanopelagicales,Nitriliruptorales,Propionibacteriales,RGZZ01,Solirubrobacterales,Streptosporangiales,Sulfobacillales,Tepidiformales,Thermomicrobiales,UBA10988,UBA12225,UBA2979,UBA5377,UBA5794,UBA5829,UBA6077,WVXJ01,Xenobiales
flagella_only	48	Adiutricales,Anaeroferrophillales,BSN033,C00003060,CG2-30-53-67,Deferrimicrobiales,Desulfarculales,Desulfatiglandales,Desulfobaccales,Desulfobacterales,Desulfobulbales,Desulfofervidales,Desulfovibrionales,Desulfuromonadales,Dissulfuribacterales,FEN-1099,GWA2-38-11,GWC2-55-46,Geobacterales,HDB-SIOI813,JABWBI01,JACKCT01,JACPQY01,JACQBW01,JACRGQ01,JADFXK01,JAGOGO01,MVZB01,Nitrospinales,Nitrospirales,QYQD01,RBG-13-43-22,RBG-16-64-22,S145-22,SBBL01,SM23-61,Syntrophales,Syntrophobacterales,Thermodesulfobacteriales,Thermodesulfovibrionales,UBA1062,UBA6902,UBA7883,UBA8248,UBA8349,UBA8473,UBA9637,UBA9942
flagella_only	48	21-64-14,AKS1,BW-2,CAIRSR01,CALZJG01,DRMK01,DSM-19610,Ectothiorhodospirales,Ectothiorhodospirales_A,GCA-001735895,GCA-2400775,GCA-2729495,GRL18,Ga0077536,Ga0077554,HK1,Halothiobacillales,Immundisolibacterales,J044,JAABTG01,JAADGQ01,JAADHS01,JABDKV01,JADJWH01,JAFLJP01,JAHJQQ01,JAJPIJ01,Nitrococcales,Nitrosococcales,PWYM01,S012-40,SG8-11,SLND01,SZUA-140,SZUA-152,SZUA-21,SZUA-229,SZUA-76,Tenderiales,Thiohalobacterales,Thiohalomonadales,UBA4486,UBA5861,UBA6429,UBA6522,VBWC01,Woeseiales,XN24
flagella_only	49	Adiutricales,Anaeroferrophillales,BSN033,C00003060,CG2-30-53-67,Deferrimicrobiales,Desulfarculales,Desulfatiglandales,Desulfobaccales,Desulfobacterales,Desulfobulbales,Desulfofervidales,Desulfovibrionales,Desulfuromonadales,Dissulfuribacterales,FEN-1099,GWA2-38-11,GWC2-55-46,Geobacterales,HDB-SIOI813,JABWBI01,JACKCT01,JACPQY01,JACQBW01,JACRGQ01,JADFXK01,JAGOGO01,MVZB01,Nitrospinales,Nitrospirales,QYQD01,RBG-13-43-22,RBG-16-64-22,S145-22,SBBL01,SM23-61,Syntrophales,Syntrophobacterales,Syntrophorhabdales,Thermodesulfobacteriales,Thermodesulfovibrionales,UBA1062,UBA6902,UBA7883,UBA8248,UBA8349,UBA8473,UBA9637,UBA9942
flagella_only	49	4572-78,Acidimicrobiales,Actinomycetales,Anaerolineales,Armatimonadales,Baltobacterales,CAIYQO01,CSP1-3,Caldilineales,Chthonomonadales,DUEN01,Euzebyales,FEN-1173,FW602-bin22,Fimbriimonadales,Gaiellales,Geothermincolales,HRBIN16,HRBIN17,IMCC26256,JAAXVQ01,JAAZEB01,JAJTBE01,JAJZYS01,Ktedonobacterales,Limnocylindrales,Miltoncostaeales,Motilibacterales,Mycobacteriales,Nanopelagicales,Nitriliruptorales,Propionibacteriales,RGZZ01,S15B-MN24,Solirubrobacterales,Streptosporangiales,Sulfobacillales,Tepidiformales,Thermomicrobiales,UBA10988,UBA12225,UBA2979,UBA5377,UBA5794,UBA5829,UBA6077,UBA7694,WVXJ01,Xenobiales
flagella_only	51	21-64-14,AKS1,BW-2,CAIRSR01,CALZJG01,Chromatiales,DRMK01,DSM-19610,Ectothiorhodospirales,Ectothiorhodospirales_A,GCA-001735895,GCA-2400775,GCA-2729495,GRL18,Ga0077536,Ga0077554,HK1,Halothiobacillales,Immundisolibacterales,J044,JAABTG01,JAADGQ01,JAADHS01,JABDKV01,JABHGC01,JADJWH01,JAFLJP01,JAHJQQ01,JAJPIJ01,Methylococcales,Nitrococcales,Nitrosococcales,PWYM01,S012-40,SG8-11,SLND01,SZUA-140,SZUA-152,SZUA-21,SZUA-229,SZUA-76,Tenderiales,Thiohalobacterales,Thiohalomonadales,UBA4486,UBA5861,UBA6429,UBA6522,VBWC01,Woeseiales,XN24
flagella_only	52	Anaeromusales,B1SED10-174,CTSoil-072,Carboxydocellales,Ch66,DRI-13,DSM-1736,DTU010,DTU015,DTU030,DTU065,DTU080,DTU084,DTU087,DUMP01,DUMW01,DUSP01,DY22613,Desulfitobacteriales,Halanaerobiales,Halobacteroidales,Heliobacteriales,JAAZLZ01,JABLXB01,JAJYVM01,JAJYWN01,Koleobacterales,Limnochordales,Limnochordales_A,Natranaerobiales,Peptococcales,Propionisporales,Proteinivoracales,RBS10-35,SLMV01,Selenomonadales,Sporomusales,Sporomusales_A,Sporomusales_B,Sporomusales_C,Symbiobacteriales,Syntrophomonadales,Thermacetogeniales,Thermaerobacterales,Thermincolales,Thermosediminibacterales,UBA10575,UBA1444,UBA5301,UBA5500,UBA8346,UMGS1260
gtdb_only	53	Acetivibrionales,Acetivibrionales_A,Ammonifexales,Anaeromusales,CTSoil-072,Caldicellulosiruptorales,Caldicoprobacterales,Carboxydocellales,Carboxydothermales,Ch29,Ch66,Christensenellales,Clostridiales,DRI-13,DSM-1736,DTU086,DULZ01,Desulfitibacterales,Desulfitobacteriales,Desulfotomaculales,Eubacteriales,Heliobacteriales,JADQBR01,Koleobacterales,Lachnospirales,Lutisporales,Mahellales,Monoglobales,Moorellales,Oscillospirales,PH28-bin88,Peptococcales,Peptostreptococcales,Propionisporales,SK-Y3,Saccharofermentanales,Selenomonadales,Sporomusales,Sporomusales_A,Sporomusales_B,Sporomusales_C,Syntrophomonadales,TANB77,Thermacetogeniales,Thermincolales,Thermoanaerobacterales,Thermosediminibacterales,Tissierellales,UBA1212,UBA1381,UBA1444,UBA4068,UMGS1260
gtdb_only	53	AABM5-125-24,B3-LCP,B68-G9,BMS3BBIN04,Bacteroidales,Balneolales,CAIMUX01,CAIWAD01,CAIYYT01,CR04bin15,Calditrichales,Chitinivibrionales,Cloacimonadales,DRLW01,Fibrobacterales,Flavobacteriales,GN15,GWA2-58-10,Gemmatimonadales,Ignavibacteriales,JAABVY01,JABDJQ01,JACIZP01,JACNKJ01,JdFR-76,Kapabacteriales,Krumholzibacteriales,Kryptoniales,LZORAL124-64-63,Latescibacterales,Longimicrobiales,Marinisomatales,OXYB2-FULL-49-7,QNDG01,RBG-13-44-9,RBG-16-71-46,RPQS01,Rhodothermales,SCGC-AAA003-L08,SORT01,T3Sed10-11,UBA10030,UBA10806,UBA11236,UBA2214,UBA2242,UBA2968,UBA4055,UBA5070,UBA8231,UBA8477,UM-FILTER-46-8,WJJR01
flagella_only	53	AABM5-125-24,B3-LCP,B68-G9,BMS3BBIN04,Balneolales,CAIMUX01,CAIWAD01,CAIYYT01,CR04bin15,Calditrichales,Chitinivibrionales,Cloacimonadales,DRLW01,Fibrobacterales,GN15,GWA2-58-10,Gemmatimonadales,Ignavibacteriales,JAABVY01,JABDJQ01,JACIZP01,JACNKJ01,JdFR-76,Kapabacteriales,Krumholzibacteriales,Kryptoniales,LZORAL124-64-63,Latescibacterales,Longimicrobiales,Marinisomatales,Methylomirabilales,OXYB2-FULL-49-7,QNDG01,RBG-13-44-9,RBG-16-71-46,RPQS01,Rhodothermales,Rokubacteriales,SCGC-AAA003-L08,SORT01,T3Sed10-11,UBA10030,UBA10806,UBA11236,UBA2214,UBA2242,UBA2968,UBA4055,UBA5070,UBA8231,UBA8477,UM-FILTER-46-8,WJJR01
flagella_only	54	21-64-14,AKS1,Acidiferrobacterales,Arenicellales,BW-2,CAIRSR01,CALZJG01,Chromatiales,Competibacterales,DRMK01,DSM-19610,Ectothiorhodospirales,Ectothiorhodospirales_A,GCA-001735895,GCA-2400775,GCA-2729495,GRL18,Ga0077536,Ga0077554,HK1,Halothiobacillales,Immundisolibacterales,J044,JAABTG01,JAADGQ01,JAADHS01,JABDKV01,JABHGC01,JADJWH01,JAFLJP01,JAHJQQ01,JAJPIJ01,Methylococcales,Nitrococcales,Nitrosococcales,PWYM01,S012-40,SG8-11,SLND01,SZUA-140,SZUA-152,SZUA-21,SZUA-229,SZUA-76,Tenderiales,Thiohalobacterales,Thiohalomonadales,UBA4486,UBA5861,UBA6429,UBA6522,VBWC01,Woeseiales,XN24
flagella_only	56	Acetivibrionales,Acetivibrionales_A,Alicyclobacillales,Ammonifexales,Aneurinibacillales,Bacillales,Bacillales_D,Bacillales_G,Bacillales_H,Bacillales_I,Bacillales_K,Brevibacillales,Caldalkalibacillales,Caldicellulosiruptorales,Caldicoprobacterales,Carboxydothermales,Ch29,Christensenellales,Clostridiales,DSM-22653,DTU022,DTU086,DULZ01,Desulfitibacterales,Desulfotomaculales,Desulfuribacillales,Dethiobacterales,Erysipelotrichales,Eubacteriales,Exiguobacterales,JADQBR01,Kyrpidiales,Lachnospirales,Lactobacillales,Lutisporales,Mahellales,Monoglobales,Moorellales,Oscillospirales,PH28-bin88,PWPR01,Paenibacillales,Peptostreptococcales,SK-Y3,SKNC01,Saccharofermentanales,TANB77,Tepidibacillales,Thermoanaerobacterales,Tissierellales,Tumebacillales,UBA1212,UBA1381,UBA3575,UBA4068,UBA994
flagella_only	58	21-64-14,AKS1,Acidiferrobacterales,Arenicellales,BW-2,CAIRSR01,CALZJG01,Chromatiales,Competibacterales,DRMK01,DSM-19610,Ectothiorhodospirales,Ectothiorhodospirales_A,GCA-001735895,GCA-2400775,GCA-2729495,GRL18,Ga0077536,Ga0077554,HK1,Halothiobacillales,Immundisolibacterales,J044,JAABTG01,JAADGQ01,JAADHS01,JABDKV01,JABHGC01,JADJWH01,JAFLJP01,JAHJQQ01,JAJPIJ01,Methylococcales,Nevskiales,Nitrococcales,Nitrosococcales,PWYM01,S012-40,SG8-11,SLND01,SZUA-140,SZUA-152,SZUA-21,SZUA-229,SZUA-76,Steroidobacterales,Tenderiales,Thiohalobacterales,Thiohalomonadales,UBA4486,UBA5335,UBA5861,UBA6429,UBA6522,VBWC01,Woeseiales,XN24,Xanthomonadales
gtdb_only	60	21-64-14,AKS1,BW-2,CAIRSR01,CALZJG01,Chromatiales,Competibacterales,DRMK01,DSM-19610,Ectothiorhodospirales,Ectothiorhodospirales_A,GCA-001735895,GCA-2400775,GCA-2729495,GCF-002020875,GRL18,Ga0077536,Ga0077554,Granulosicoccales,HK1,Halothiobacillales,J044,JAABTG01,JAADGQ01,JAADHS01,JABDKV01,JABHGC01,JADJWH01,JAFLJP01,JAHJQQ01,JAJPIJ01,Methylococcales,Nevskiales,Nitrococcales,Nitrosococcales,PWYM01,QZLD01,S012-40,SG8-11,SLND01,SZUA-140,SZUA-152,SZUA-21,SZUA-229,SZUA-76,Steroidobacterales,Tenderiales,Thiohalobacterales,Thiohalomonadales,UBA4486,UBA4575,UBA5335,UBA5861,UBA6429,UBA6522,UWMA-0217,VBWC01,Woeseiales,XN24,Xanthomonadales
flagella_only	60	21-64-14,AKS1,Acidiferrobacterales,Arenicellales,BW-2,CAIRSR01,CALZJG01,Chromatiales,Competibacterales,DRMK01,DSM-19610,Ectothiorhodospirales,Ectothiorhodospirales_A,GCA-001735895,GCA-2400775,GCA-2729495,GCF-002020875,GRL18,Ga0077536,Ga0077554,HK1,Halothiobacillales,Immundisolibacterales,J044,JAABTG01,JAADGQ01,JAADHS01,JABDKV01,JABHGC01,JADJWH01,JAFLJP01,JAHJQQ01,JAJPIJ01,Methylococcales,Nevskiales,Nitrococcales,Nitrosococcales,PWYM01,S012-40,SG8-11,SLND01,SZUA-140,SZUA-152,SZUA-21,SZUA-229,SZUA-76,Steroidobacterales,Tenderiales,Thiohalobacterales,Thiohalomonadales,Thiomicrospirales,UBA4486,UBA5335,UBA5861,UBA6429,UBA6522,VBWC01,Woeseiales,XN24,Xanthomonadales
flagella_only	61	Acidulodesulfobacterales,Adiutricales,Anaeroferrophillales,BSN033,Bacteriovoracales,Bdellovibrionales,C00003060,CAIPTA01,CG2-30-53-67,Deferrimicrobiales,Desulfarculales,Desulfatiglandales,Desulfobaccales,Desulfobacterales,Desulfobulbales,Desulfofervidales,Desulfovibrionales,Desulfuromonadales,Dissulfuribacterales,FEN-1099,GWA2-38-11,GWC2-55-46,Geobacterales,HDB-SIOI813,JABDDW01,JABWBI01,JACKCT01,JACPQY01,JACQBW01,JACRGQ01,JADFXK01,JAGOGO01,Leptospirillales,MVZB01,Nitrospinales,Nitrospirales,Oligoflexales,QYQD01,RBG-13-43-22,RBG-16-64-22,S145-22,SBBL01,SM23-61,Silvanigrellales,Syntrophales,Syntrophobacterales,Syntrophorhabdales,Thermodesulfobacteriales,Thermodesulfovibrionales,UBA1018,UBA1062,UBA2394,UBA2428,UBA2466,UBA6902,UBA7883,UBA8248,UBA8349,UBA8473,UBA9637,UBA9942
flagella_only	63	21-64-14,AKS1,Acidiferrobacterales,Arenicellales,BW-2,CAIRSR01,CALZJG01,Chromatiales,Competibacterales,DRMK01,DSM-19610,Ectothiorhodospirales,Ectothiorhodospirales_A,GCA-001735895,GCA-2400775,GCA-2729495,GCF-002020875,GRL18,Ga0077536,Ga0077554,Granulosicoccales,HK1,Halothiobacillales,Immundisolibacterales,J044,JAABTG01,JAADGQ01,JAADHS01,JABDKV01,JABHGC01,JADJWH01,JAFLJP01,JAHJQQ01,JAJPIJ01,Methylococcales,Nevskiales,Nitrococcales,Nitrosococcales,PWYM01,S012-40,SG8-11,SLND01,SZUA-140,SZUA-152,SZUA-21,SZUA-229,SZUA-76,Steroidobacterales,Tenderiales,Thiohalobacterales,Thiohalomonadales,Thiomicrospirales,UBA4486,UBA4575,UBA5335,UBA5861,UBA6429,UBA6522,UWMA-0217,VBWC01,Woeseiales,XN24,Xanthomonadales
gtdb_only	64	AABM5-125-24,B28-G17,B3-LCP,B68-G9,BMS3BBIN04,Bacteroidales,Balneolales,CAIMUX01,CAIWAD01,CAIYYT01,CR04bin15,Calditrichales,Chitinivibrionales,Cloacimonadales,DRLW01,DTPJ01,Fibrobacterales,Flavobacteriales,GCA-2687025,GN15,GWA2-58-10,Gemmatimonadales,Hydrogenedentiales,Ignavibacteriales,JAABVY01,JABDJQ01,JABWBI01,JACIZP01,JACNKJ01,JdFR-76,Kapabacteriales,Krumholzibacteriales,Kryptoniales,LZORAL124-64-63,Latescibacterales,Longimicrobiales,MVZB01,Marinisomatales,OLB16,OXYB2-FULL-49-7,QNDG01,RBG-13-44-9,RBG-16-71-46,RPQS01,Rhodothermales,SCGC-AAA003-L08,SORT01,SURF-12,SURF-5,T3Sed10-11,UBA10030,UBA10806,UBA11236,UBA2214,UBA2242,UBA2968,UBA4055,UBA5070,UBA8231,UBA8349,UBA8477,UM-FILTER-46-8,WGA-4E,WJJR01
gtdb_only	65	2-12-FULL-62-27,ARS1246,B11-G9,B15-G4,B62-G9,Borreliales,Brachyspirales,Brevinematales,Brocadiales,CADAEX01,COTS27,Chlamydiales,Chthoniobacterales,DSM-16054,DSM-27196,DSM-6578,FEN-1346,GCA-002687715,GWE2-31-10,Gemmatales,J058,JAAYCJ01,JAAYUW01,JABEVK01,JABSQK01,JAFGXN01,JAHITG01,JC444,Kiritimatiellales,Lentisphaerales,Leptospirales,MHYJ01,Methylacidiphilales,Opitutales,Pan216,Pedosphaerales,Phycisphaerales,Pirellulales,Planctomycetales,RZYC01,SM23-32,SM23-33,SPDA01,SZUA-567,SZUA-6,Sedimentisphaerales,Spirochaetales_E,T1Sed10-126,Tepidisphaerales,Treponematales,Turneriellales,UBA11346,UBA1135,UBA1146,UBA1845,UBA2386,UBA2392,UBA4802,UBA8416,UBA8481,UBA9216,Victivallales,WQYP01,WRBN01,WSZJ01
flagella_only	66	AABM5-125-24,B130-G9,B28-G17,B3-LCP,B68-G9,BMS3BBIN04,Balneolales,CAIMUX01,CAIWAD01,CAIYYT01,CR04bin15,Calditrichales,Campylobacterales,Chitinivibrionales,Chrysiogenales,Cloacimonadales,DRLW01,DTPJ01,Deferribacterales,Deferrisomatales,Desulfurellales,Fibrobacterales,GCA-2687025,GN15,GWA2-58-10,Gemmatimonadales,Ignavibacteriales,JAABVY01,JABDJQ01,JACIZP01,JACNKJ01,JAJRXV01,JdFR-76,Kapabacteriales,Krumholzibacteriales,Kryptoniales,LZORAL124-64-63,Latescibacterales,Longimicrobiales,Marinisomatales,Methylomirabilales,Nautiliales,OXYB2-FULL-49-7,QNDG01,RBG-13-44-9,RBG-16-71-46,RPQS01,Rhodothermales,Rokubacteriales,SCGC-AAA003-L08,SORT01,T3Sed10-11,Thermosulfidibacterales,UBA10030,UBA10806,UBA11236,UBA2214,UBA2242,UBA2968,UBA4055,UBA5070,UBA8231,UBA8477,UM-FILTER-46-8,WGA-4E,WJJR01
gtdb_only	68	21-64-14,AKS1,BW-2,Berkiellales,CAIRSR01,CALZJG01,Chromatiales,Competibacterales,DRMK01,DSM-16500,DSM-19610,Ectothiorhodospirales,Ectothiorhodospirales_A,Enterobacterales_A,GCA-001735895,GCA-2400775,GCA-2729495,GCF-002020875,GRL18,Ga0077536,Ga0077554,Granulosicoccales,HK1,Halothiobacillales,J044,JAABTG01,JAADGQ01,JAADHS01,JABDKV01,JABHGC01,JADJWH01,JAFLJP01,JAHJQQ01,JAJPIJ01,Legionellales,Methylococcales,Nevskiales,Nitrococcales,Nitrosococcales,PWYM01,Piscirickettsiales,Pseudomonadales,QZLD01,S012-40,SG8-11,SLND01,SZUA-140,SZUA-152,SZUA-21,SZUA-229,SZUA-76,Steroidobacterales,Tenderiales,Thiohalobacterales,Thiohalomonadales,Thiomicrospirales,UBA1113,UBA4486,UBA4575,UBA5335,UBA5861,UBA6429,UBA6522,UWMA-0217,VBWC01,Woeseiales,XN24,Xanthomonadales
flagella_only	68	Acidulodesulfobacterales,Adiutricales,Anaeroferrophillales,BSN033,Bacteriovoracales,Bdellovibrionales,C00003060,CAIPTA01,CG2-30-53-67,DP-6,Deferrimicrobiales,Desulfarculales,Desulfatiglandales,Desulfobaccales,Desulfobacterales,Desulfobulbales,Desulfofervidales,Desulfovibrionales,Desulfuromonadales,Dissulfuribacterales,FEN-1099,GWA2-38-11,GWC2-55-46,Geobacterales,HDB-SIOI813,JABDDW01,JABWBI01,JACKCT01,JACPQY01,JACQBW01,JACRGQ01,JADFXK01,JAGOGO01,Leptospirillales,MVZB01,Magnetococcales,Nitrospinales,Nitrospirales,Oligoflexales,QYQD01,RBG-13-43-22,RBG-16-64-22,S145-22,SBBL01,SM23-61,SZUA-149,Silvanigrellales,Syntrophales,Syntrophobacterales,Syntrophorhabdales,Thermodesulfobacteriales,Thermodesulfovibrionales,UBA1018,UBA1062,UBA12015,UBA2361,UBA2394,UBA2428,UBA2466,UBA6902,UBA7883,UBA8248,UBA8349,UBA8473,UBA9637,UBA9942,UBA9968,UTPRO1
flagella_only	68	21-64-14,AKS1,Acidiferrobacterales,Arenicellales,BW-2,Berkiellales,CAIRSR01,CALZJG01,Chromatiales,Competibacterales,DRMK01,DSM-19610,Ectothiorhodospirales,Ectothiorhodospirales_A,Enterobacterales_A,GCA-001735895,GCA-2400775,GCA-2729495,GCF-002020875,GRL18,Ga0077536,Ga0077554,Granulosicoccales,HK1,Halothiobacillales,Immundisolibacterales,J044,JAABTG01,JAADGQ01,JAADHS01,JABDKV01,JABHGC01,JADJWH01,JAFLJP01,JAHJQQ01,JAJPIJ01,Methylococcales,Nevskiales,Nitrococcales,Nitrosococcales,PWYM01,Piscirickettsiales,Pseudomonadales,S012-40,SG8-11,SLND01,SZUA-140,SZUA-152,SZUA-21,SZUA-229,SZUA-76,Steroidobacterales,Tenderiales,Thiohalobacterales,Thiohalomonadales,Thiomicrospirales,UBA1113,UBA4486,UBA4575,UBA5335,UBA5861,UBA6429,UBA6522,UWMA-0217,VBWC01,Woeseiales,XN24,Xanthomonadales
flagella_only	69	21-64-14,AKS1,Acidiferrobacterales,Arenicellales,BW-2,Berkiellales,CAIRSR01,CALZJG01,Chromatiales,Competibacterales,DRMK01,DSM-19610,Ectothiorhodospirales,Ectothiorhodospirales_A,Enterobacterales_A,GCA-001735895,GCA-2400775,GCA-2729495,GCF-002020875,GRL18,Ga0077536,Ga0077554,Granulosicoccales,HK1,Halothiobacillales,Immundisolibacterales,J044,JAABTG01,JAADGQ01,JAADHS01,JABDKV01,JABHGC01,JADJWH01,JAFLJP01,JAHJQQ01,JAJPIJ01,Methylococcales,Nevskiales,Nitrococcales,Nitrosococcales,PWYM01,Piscirickettsiales,Pseudomonadales,QZLD01,S012-40,SG8-11,SLND01,SZUA-140,SZUA-152,SZUA-21,SZUA-229,SZUA-76,Steroidobacterales,Tenderiales,Thiohalobacterales,Thiohalomonadales,Thiomicrospirales,UBA1113,UBA4486,UBA4575,UBA5335,UBA5861,UBA6429,UBA6522,UWMA-0217,VBWC01,Woeseiales,XN24,Xanthomonadales
flagella_only	70	Acidulodesulfobacterales,Adiutricales,Anaeroferrophillales,BSN033,Bacteriovoracales,Bdellovibrionales,C00003060,CAIPTA01,CG2-30-53-67,DP-6,Deferrimicrobiales,Desulfarculales,Desulfatiglandales,Desulfobaccales,Desulfobacterales,Desulfobulbales,Desulfofervidales,Desulfovibrionales,Desulfuromonadales,Dissulfuribacterales,FEN-1099,GWA2-38-11,GWC2-55-46,Geobacterales,HDB-SIOI813,JABDDW01,JABWBI01,JACKCT01,JACPQY01,JACQBW01,JACRGQ01,JADFXK01,JAGOGO01,Leptospirillales,MVZB01,Magnetococcales,Nitrospinales,Nitrospirales,Oligoflexales,QYQD01,RBG-13-43-22,RBG-16-64-22,S145-22,SAR324,SBBL01,SM23-61,SZUA-149,Silvanigrellales,Syntrophales,Syntrophobacterales,Syntrophorhabdales,Thermodesulfobacteriales,Thermodesulfovibrionales,UBA1018,UBA1062,UBA12015,UBA2361,UBA2394,UBA2428,UBA2466,UBA6902,UBA7883,UBA8248,UBA8349,UBA8473,UBA9637,UBA9942,UBA9968,UTPRO1,XYD2-FULL-50-16
flagella_only	71	21-64-14,AKS1,Acidiferrobacterales,Arenicellales,BW-2,Berkiellales,CAIRSR01,CALZJG01,Chromatiales,Competibacterales,DRMK01,DSM-16500,DSM-19610,Ectothiorhodospirales,Ectothiorhodospirales_A,Enterobacterales_A,GCA-001735895,GCA-2400775,GCA-2729495,GCF-002020875,GRL18,Ga0077536,Ga0077554,Granulosicoccales,HK1,Halothiobacillales,Immundisolibacterales,J044,JAABTG01,JAADGQ01,JAADHS01,JABDKV01,JABHGC01,JADJWH01,JAFLJP01,JAHJQQ01,JAJPIJ01,Legionellales,Methylococcales,Nevskiales,Nitrococcales,Nitrosococcales,PWYM01,Piscirickettsiales,Pseudomonadales,QZLD01,S012-40,SG8-11,SLND01,SZUA-140,SZUA-152,SZUA-21,SZUA-229,SZUA-76,Steroidobacterales,Tenderiales,Thiohalobacterales,Thiohalomonadales,Thiomicrospirales,UBA1113,UBA4486,UBA4575,UBA5335,UBA5861,UBA6429,UBA6522,UWMA-0217,VBWC01,Woeseiales,XN24,Xanthomonadales
gtdb_only	73	21-64-14,AKS1,Acidiferrobacterales,Acidithiobacillales,Arenicellales,BW-2,Berkiellales,Burkholderiales,CAIRSR01,CALZJG01,Chromatiales,Competibacterales,DRMK01,DSM-16500,DSM-19610,Ectothiorhodospirales,Ectothiorhodospirales_A,Enterobacterales_A,GCA-001735895,GCA-2400775,GCA-2729495,GCF-002020875,GRL18,Ga0077536,Ga0077554,Granulosicoccales,HK1,Halothiobacillales,Immundisolibacterales,J044,JAABTG01,JAADGQ01,JAADHS01,JABDKV01,JABHGC01,JADJWH01,JAFLJP01,JAHJQQ01,JAJPIJ01,Legionellales,Methylococcales,Nevskiales,Nitrococcales,Nitrosococcales,PWYM01,Piscirickettsiales,Pseudomonadales,QZLD01,S012-40,SG8-11,SLND01,SZUA-140,SZUA-152,SZUA-21,SZUA-229,SZUA-76,Steroidobacterales,Tenderiales,Thiohalobacterales,Thiohalomonadales,Thiomicrospirales,UBA1113,UBA4486,UBA4575,UBA5335,UBA5861,UBA6429,UBA6522,UWMA-0217,VBWC01,Woeseiales,XN24,Xanthomonadales
flagella_only	73	AABM5-125-24,Aerophobales,Auribacterales,B130-G9,B26-G9,B28-G17,B3-LCP,B68-G9,BMS3BBIN04,Balneolales,Brocadiales,CAIMUX01,CAIWAD01,CAIYYT01,CR04bin15,Calditrichales,Campylobacterales,Chitinivibrionales,Chrysiogenales,Cloacimonadales,DRLW01,DTPJ01,Deferribacterales,Deferrisomatales,Desulfurellales,Fibrobacterales,GCA-2687025,GN15,GWA2-58-10,Gemmatimonadales,Hydrogenedentiales,Ignavibacteriales,JAABVY01,JABDJQ01,JACIZP01,JACNKJ01,JAJRXV01,JdFR-76,Kapabacteriales,Krumholzibacteriales,Kryptoniales,LZORAL124-64-63,Latescibacterales,Longimicrobiales,Marinisomatales,Methylomirabilales,Nautiliales,OXYB2-FULL-49-7,QNDG01,RBG-13-44-9,RBG-16-71-46,RPQS01,Rhodothermales,Rokubacteriales,S143-82,SCGC-AAA003-L08,SORT01,SURF-5,T3Sed10-11,Thermosulfidibacterales,UBA10030,UBA10806,UBA11236,UBA2214,UBA2242,UBA2968,UBA4055,UBA5070,UBA8231,UBA8477,UM-FILTER-46-8,WGA-4E,WJJR01
flagella_only	74	Acidulodesulfobacterales,Adiutricales,Anaeroferrophillales,Aquificales,BSN033,Bacteriovoracales,Bdellovibrionales,C00003060,CAIPTA01,CG2-30-53-67,Calescibacteriales,DP-6,Deferrimicrobiales,Desulfarculales,Desulfatiglandales,Desulfobaccales,Desulfobacterales,Desulfobulbales,Desulfofervidales,Desulfovibrionales,Desulfurobacteriales,Desulfuromonadales,Dissulfuribacterales,FEN-1099,GWA2-38-11,GWC2-55-46,Geobacterales,HDB-SIOI813,Hydrogenothermales,JABDDW01,JABWBI01,JACKCT01,JACPQY01,JACQBW01,JACRGQ01,JADFXK01,JAGOGO01,Leptospirillales,MVZB01,Magnetococcales,Nitrospinales,Nitrospirales,Oligoflexales,QYQD01,RBG-13-43-22,RBG-16-64-22,S145-22,SAR324,SBBL01,SM23-61,SZUA-149,Silvanigrellales,Syntrophales,Syntrophobacterales,Syntrophorhabdales,Thermodesulfobacteriales,Thermodesulfovibrionales,UBA1018,UBA1062,UBA12015,UBA2361,UBA2394,UBA2428,UBA2466,UBA6902,UBA7883,UBA8248,UBA8349,UBA8473,UBA9637,UBA9942,UBA9968,UTPRO1,XYD2-FULL-50-16
gtdb_only	75	21-64-14,AKS1,Acidiferrobacterales,Acidithiobacillales,Arenicellales,BW-2,Berkiellales,Burkholderiales,CAIRSR01,CALZJG01,Chromatiales,Competibacterales,DRMK01,DSM-16500,DSM-19610,Ectothiorhodospirales,Ectothiorhodospirales_A,Enterobacterales,Enterobacterales_A,GCA-001735895,GCA-2400775,GCA-2729495,GCF-002020875,GRL18,Ga0077536,Ga0077554,Granulosicoccales,HK1,Halothiobacillales,Immundisolibacterales,J044,JAABTG01,JAADGQ01,JAADHS01,JABDKV01,JABHGC01,JADJWH01,JAFLJP01,JAHJQQ01,JAJPIJ01,Legionellales,Magnetococcales,Methylococcales,Nevskiales,Nitrococcales,Nitrosococcales,PWYM01,Piscirickettsiales,Pseudomonadales,QZLD01,S012-40,SG8-11,SLND01,SZUA-140,SZUA-152,SZUA-21,SZUA-229,SZUA-76,Steroidobacterales,Tenderiales,Thiohalobacterales,Thiohalomonadales,Thiomicrospirales,UBA1113,UBA4486,UBA4575,UBA5335,UBA5861,UBA6429,UBA6522,UWMA-0217,VBWC01,Woeseiales,XN24,Xanthomonadales
flagella_only	75	AABM5-125-24,Aerophobales,Auribacterales,B130-G9,B26-G9,B28-G17,B3-LCP,B68-G9,BMS3BBIN04,Balneolales,Brocadiales,CAIMUX01,CAIWAD01,CAIYYT01,CR04bin15,Calditrichales,Campylobacterales,Chitinivibrionales,Chrysiogenales,Cloacimonadales,DRLW01,DTPJ01,Deferribacterales,Deferrisomatales,Desulfurellales,Fibrobacterales,GCA-2687025,GN15,GWA2-58-10,Gemmatimonadales,Hydrogenedentiales,Ignavibacteriales,JAABVY01,JABDJQ01,JACIZP01,JACNKJ01,JAJRXV01,JdFR-76,Kapabacteriales,Krumholzibacteriales,Kryptoniales,LZORAL124-64-63,Latescibacterales,Longimicrobiales,Marinisomatales,Methylomirabilales,Nautiliales,OLB16,OXYB2-FULL-49-7,QNDG01,RBG-13-44-9,RBG-16-71-46,RPQS01,Rhodothermales,Rokubacteriales,S143-82,SCGC-AAA003-L08,SORT01,SURF-12,SURF-5,T3Sed10-11,Thermosulfidibacterales,UBA10030,UBA10806,UBA11236,UBA2214,UBA2242,UBA2968,UBA4055,UBA5070,UBA8231,UBA8477,UM-FILTER-46-8,WGA-4E,WJJR01
gtdb_only	76	21-64-14,AKS1,Acidiferrobacterales,Acidithiobacillales,Arenicellales,BW-2,Berkiellales,Burkholderiales,CAIRSR01,CALZJG01,Chromatiales,Competibacterales,DRMK01,DSM-16500,DSM-19610,Ectothiorhodospirales,Ectothiorhodospirales_A,Enterobacterales,Enterobacterales_A,GCA-001735895,GCA-2400775,GCA-2729495,GCF-002020875,GRL18,Ga0077536,Ga0077554,Granulosicoccales,HK1,Halothiobacillales,Immundisolibacterales,J044,JAABTG01,JAADGQ01,JAADHS01,JABDKV01,JABHGC01,JADJWH01,JAFLJP01,JAHJQQ01,JAJPIJ01,Legionellales,Magnetococcales,Mariprofundales,Methylococcales,Nevskiales,Nitrococcales,Nitrosococcales,PWYM01,Piscirickettsiales,Pseudomonadales,QZLD01,S012-40,SG8-11,SLND01,SZUA-140,SZUA-152,SZUA-21,SZUA-229,SZUA-76,Steroidobacterales,Tenderiales,Thiohalobacterales,Thiohalomonadales,Thiomicrospirales,UBA1113,UBA4486,UBA4575,UBA5335,UBA5861,UBA6429,UBA6522,UWMA-0217,VBWC01,Woeseiales,XN24,Xanthomonadales
flagella_only	78	21-64-14,AKS1,Acidiferrobacterales,Acidithiobacillales,Arenicellales,BW-2,Berkiellales,Burkholderiales,CAIRSR01,CALZJG01,Chromatiales,Competibacterales,DRMK01,DSM-16500,DSM-19610,Ectothiorhodospirales,Ectothiorhodospirales_A,Enterobacterales,Enterobacterales_A,Flavobacteriales,GCA-001735895,GCA-2400775,GCA-2729495,GCF-002020875,GRL18,Ga0077536,Ga0077554,Granulosicoccales,HK1,Halothiobacillales,Immundisolibacterales,J044,JAABTG01,JAADGQ01,JAADHS01,JABDKV01,JABHGC01,JADJWH01,JAFLJP01,JAHJQQ01,JAJPIJ01,Legionellales,Methylococcales,Nevskiales,Nitrococcales,Nitrosococcales,PWYM01,Piscirickettsiales,Pseudomonadales,Puniceispirillales,QZLD01,S012-40,SG8-11,SLND01,SZUA-140,SZUA-152,SZUA-21,SZUA-229,SZUA-76,Sphingomonadales,Steroidobacterales,TMED127,Tenderiales,Thiohalobacterales,Thiohalomonadales,Thiomicrospirales,UBA1113,UBA4486,UBA4575,UBA5335,UBA5861,UBA6429,UBA6522,UWMA-0217,VBWC01,Woeseiales,XN24,Xanthomonadales
gtdb_only	82	Acetivibrionales,Acetivibrionales_A,Alicyclobacillales,Ammonifexales,Anaeromusales,Aneurinibacillales,Bacillales,Bacillales_D,Bacillales_G,Bacillales_H,Bacillales_I,Bacillales_K,Brevibacillales,CTSoil-072,Caldalkalibacillales,Caldicellulosiruptorales,Caldicoprobacterales,Carboxydocellales,Carboxydothermales,Ch29,Ch66,Christensenellales,Clostridiales,DRI-13,DSM-1736,DSM-22653,DTU022,DTU030,DTU086,DULZ01,DUMP01,Desulfitibacterales,Desulfitobacteriales,Desulfotomaculales,Desulfuribacillales,Dethiobacterales,Erysipelotrichales,Eubacteriales,Exiguobacterales,Heliobacteriales,JADQBR01,Koleobacterales,Kyrpidiales,Lachnospirales,Lactobacillales,Lutisporales,Mahellales,Monoglobales,Moorellales,Natranaerobiales,Oscillospirales,PH28-bin88,PWPR01,Paenibacillales,Peptococcales,Peptostreptococcales,Propionisporales,Proteinivoracales,SK-Y3,SKNC01,Saccharofermentanales,Selenomonadales,Sporomusales,Sporomusales_A,Sporomusales_B,Sporomusales_C,Syntrophomonadales,TANB77,Tepidibacillales,Thermacetogeniales,Thermincolales,Thermoanaerobacterales,Thermosediminibacterales,Tissierellales,Tumebacillales,UBA1212,UBA1381,UBA1444,UBA4068,UBA5500,UBA994,UMGS1260
gtdb_only	86	Acetivibrionales,Acetivibrionales_A,Alicyclobacillales,Ammonifexales,Anaeromusales,Aneurinibacillales,B1SED10-174,Bacillales,Bacillales_D,Bacillales_G,Bacillales_H,Bacillales_I,Bacillales_K,Brevibacillales,CTSoil-072,Caldalkalibacillales,Caldicellulosiruptorales,Caldicoprobacterales,Carboxydocellales,Carboxydothermales,Ch29,Ch66,Christensenellales,Clostridiales,DRI-13,DSM-1736,DSM-22653,DTU022,DTU030,DTU086,DULZ01,DUMP01,DY22613,Desulfitibacterales,Desulfitobacteriales,Desulfotomaculales,Desulfuribacillales,Dethiobacterales,Erysipelotrichales,Eubacteriales,Exiguobacterales,Halanaerobiales,Halobacteroidales,Heliobacteriales,JADQBR01,Koleobacterales,Kyrpidiales,Lachnospirales,Lactobacillales,Lutisporales,Mahellales,Monoglobales,Moorellales,Natranaerobiales,Oscillospirales,PH28-bin88,PWPR01,Paenibacillales,Peptococcales,Peptostreptococcales,Propionisporales,Proteinivoracales,SK-Y3,SKNC01,Saccharofermentanales,Selenomonadales,Sporomusales,Sporomusales_A,Sporomusales_B,Sporomusales_C,Syntrophomonadales,TANB77,Tepidibacillales,Thermacetogeniales,Thermincolales,Thermoanaerobacterales,Thermosediminibacterales,Tissierellales,Tumebacillales,UBA1212,UBA1381,UBA1444,UBA4068,UBA5500,UBA994,UMGS1260
gtdb_only	102	Acetivibrionales,Acetivibrionales_A,Alicyclobacillales,Ammonifexales,Anaeromusales,Aneurinibacillales,B1SED10-174,Bacillales,Bacillales_D,Bacillales_G,Bacillales_H,Bacillales_I,Bacillales_K,Brevibacillales,CTSoil-072,Caldalkalibacillales,Caldicellulosiruptorales,Caldicoprobacterales,Carboxydocellales,Carboxydothermales,Ch115,Ch29,Ch66,Christensenellales,Clostridiales,DRI-13,DSM-1736,DSM-22653,DTU010,DTU014,DTU022,DTU030,DTU065,DTU080,DTU084,DTU086,DTU087,DTUO25,DULZ01,DUMP01,DUMW01,DY22613,Desulfitibacterales,Desulfitobacteriales,Desulfotomaculales,Desulfuribacillales,Dethiobacterales,Erysipelotrichales,Eubacteriales,Exiguobacterales,Halanaerobiales,Halobacteroidales,Heliobacteriales,JAAZLZ01,JADQBR01,Koleobacterales,Kyrpidiales,Lachnospirales,Lactobacillales,Limnochordales,Limnochordales_A,Lutisporales,Mahellales,Monoglobales,Moorellales,Natranaerobiales,Oscillospirales,PH28-bin88,PWPR01,Paenibacillales,Peptococcales,Peptostreptococcales,Propionisporales,Proteinivoracales,SK-Y3,SKNC01,Saccharofermentanales,Selenomonadales,Sporomusales,Sporomusales_A,Sporomusales_B,Sporomusales_C,Syntrophomonadales,TANB77,Tepidibacillales,Thermacetogeniales,Thermincolales,Thermoanaerobacterales,Thermosediminibacterales,Tissierellales,Tumebacillales,UBA10575,UBA1212,UBA1381,UBA1444,UBA4068,UBA4971,UBA5301,UBA5500,UBA8346,UBA994,UMGS1260
flagella_only	108	Acetivibrionales,Acetivibrionales_A,Alicyclobacillales,Ammonifexales,Anaeromusales,Aneurinibacillales,B1SED10-174,Bacillales,Bacillales_D,Bacillales_G,Bacillales_H,Bacillales_I,Bacillales_K,Brevibacillales,CTSoil-072,Caldalkalibacillales,Caldicellulosiruptorales,Caldicoprobacterales,Carboxydocellales,Carboxydothermales,Ch29,Ch66,Christensenellales,Clostridiales,DRI-13,DSM-1736,DSM-22653,DTU010,DTU015,DTU022,DTU030,DTU065,DTU080,DTU084,DTU086,DTU087,DULZ01,DUMP01,DUMW01,DUSP01,DY22613,Desulfitibacterales,Desulfitobacteriales,Desulfotomaculales,Desulfuribacillales,Dethiobacterales,Erysipelotrichales,Eubacteriales,Exiguobacterales,Halanaerobiales,Halobacteroidales,Heliobacteriales,JAAZLZ01,JABLXB01,JADQBR01,JAJYVM01,JAJYWN01,Koleobacterales,Kyrpidiales,Lachnospirales,Lactobacillales,Limnochordales,Limnochordales_A,Lutisporales,Mahellales,Monoglobales,Moorellales,Natranaerobiales,Oscillospirales,PH28-bin88,PWPR01,Paenibacillales,Peptococcales,Peptostreptococcales,Propionisporales,Proteinivoracales,RBS10-35,SK-Y3,SKNC01,SLMV01,Saccharofermentanales,Selenomonadales,Sporomusales,Sporomusales_A,Sporomusales_B,Sporomusales_C,Symbiobacteriales,Syntrophomonadales,TANB77,Tepidibacillales,Thermacetogeniales,Thermaerobacterales,Thermincolales,Thermoanaerobacterales,Thermosediminibacterales,Tissierellales,Tumebacillales,UBA10575,UBA1212,UBA1381,UBA1444,UBA3575,UBA4068,UBA5301,UBA5500,UBA8346,UBA994,UMGS1260
gtdb_only	114	Acetivibrionales,Acetivibrionales_A,Alicyclobacillales,Ammonifexales,Anaeromusales,Aneurinibacillales,B1SED10-174,Bacillales,Bacillales_D,Bacillales_G,Bacillales_H,Bacillales_I,Bacillales_K,Brevibacillales,CTSoil-072,Caldalkalibacillales,Caldicellulosiruptorales,Caldicoprobacterales,Carboxydocellales,Carboxydothermales,Ch115,Ch29,Ch66,Christensenellales,Clostridiales,DRI-13,DSM-1736,DSM-22653,DTU010,DTU014,DTU015,DTU022,DTU030,DTU065,DTU080,DTU084,DTU086,DTU087,DTUO25,DULZ01,DUMP01,DUMW01,DUSP01,DY22613,Desulfitibacterales,Desulfitobacteriales,Desulfotomaculales,Desulfuribacillales,Dethiobacterales,Erysipelotrichales,Eubacteriales,Exiguobacterales,Halanaerobiales,Halobacteroidales,Heliobacteriales,JAAZLZ01,JABLXB01,JADQBR01,JAJYVM01,JAJYWN01,JAJZYS01,Koleobacterales,Kyrpidiales,Lachnospirales,Lactobacillales,Limnochordales,Limnochordales_A,Lutisporales,Mahellales,Monoglobales,Moorellales,Natranaerobiales,Oscillospirales,PH28-bin88,PWPR01,Paenibacillales,Peptococcales,Peptostreptococcales,Propionisporales,Proteinivoracales,RBS10-35,SK-Y3,SKNC01,SLMV01,Saccharofermentanales,Selenomonadales,Sporomusales,Sporomusales_A,Sporomusales_B,Sporomusales_C,Sulfobacillales,Symbiobacteriales,Syntrophomonadales,TANB77,Tepidibacillales,Thermacetogeniales,Thermaerobacterales,Thermincolales,Thermoanaerobacterales,Thermosediminibacterales,Tissierellales,Tumebacillales,UBA10575,UBA1212,UBA1381,UBA1444,UBA3575,UBA4068,UBA4971,UBA5301,UBA5500,UBA8346,UBA994,UMGS1260
flagella_only	117	Acetivibrionales,Acetivibrionales_A,Alicyclobacillales,Ammonifexales,Anaeromusales,Aneurinibacillales,Aquicultorales,Atribacterales,B1SED10-174,Bacillales,Bacillales_D,Bacillales_G,Bacillales_H,Bacillales_I,Bacillales_K,Brevibacillales,CTSoil-072,Caldalkalibacillales,Caldicellulosiruptorales,Caldicoprobacterales,Carboxydocellales,Carboxydothermales,Ch115,Ch29,Ch66,Christensenellales,Clostridiales,DRI-13,DSM-1736,DSM-22653,DTU010,DTU014,DTU015,DTU022,DTU030,DTU065,DTU080,DTU084,DTU086,DTU087,DTUO25,DULZ01,DUMJ01,DUMP01,DUMW01,DUSP01,DY22613,Desulfitibacterales,Desulfitobacteriales,Desulfotomaculales,Desulfuribacillales,Dethiobacterales,Erysipelotrichales,Eubacteriales,Exiguobacterales,GBS-1,Halanaerobiales,Halobacteroidales,Heliobacteriales,JAAZLZ01,JABLXB01,JADQBR01,JAJYVM01,JAJYWN01,Koleobacterales,Kyrpidiales,Lachnospirales,Lactobacillales,Limnochordales,Limnochordales_A,Lutisporales,Mahellales,Monoglobales,Moorellales,Natranaerobiales,Oscillospirales,PH28-bin88,PWPR01,Paenibacillales,Peptococcales,Peptostreptococcales,Propionisporales,Proteinivoracales,RBS10-35,SK-Y3,SKNC01,SLMV01,Saccharofermentanales,Selenomonadales,Sporomusales,Sporomusales_A,Sporomusales_B,Sporomusales_C,Symbiobacteriales,Synergistales,Syntrophomonadales,TANB77,Tepidibacillales,Thermacetogeniales,Thermaerobacterales,Thermincolales,Thermoanaerobacterales,Thermosediminibacterales,Tissierellales,Tumebacillales,UBA10575,UBA1212,UBA1381,UBA1444,UBA3575,UBA4068,UBA4971,UBA5301,UBA5500,UBA8346,UBA994,UMGS1260
flagella_only	119	21-64-14,AKS1,ATCC43930,Acetobacterales,Acidiferrobacterales,Acidithiobacillales,Arenicellales,Azospirillales,BW-2,Berkiellales,Burkholderiales,CACIAM-22H2,CAIRSR01,CALZJG01,Caedimonadales,Caulobacterales,Chromatiales,Competibacterales,DRMK01,DSM-16000,DSM-16500,DSM-19610,Dongiales,Ectothiorhodospirales,Ectothiorhodospirales_A,Elsterales,Enterobacterales,Enterobacterales_A,Ferrovibrionales,Flavobacteriales,GCA-001735895,GCA-2400775,GCA-2729495,GCA-2731375,GCA-2746255,GCF-002020875,GRL18,Ga0077536,Ga0077554,Geminicoccales,Granulosicoccales,HK1,Halothiobacillales,Immundisolibacterales,J044,JAABTG01,JAADGQ01,JAADHS01,JABDKV01,JABHGC01,JABSOH01,JADJWH01,JAEULC01,JAFLJP01,JAHJQQ01,JAJPIJ01,Kiloniellales,Legionellales,MPNO01,Methylococcales,Micavibrionales,Micropepsales,Minwuiales,Nevskiales,Nitrococcales,Nitrosococcales,Oceanibaculales,PWYM01,Paracaedibacterales,Parvibaculales,Piscirickettsiales,Pseudomonadales,Puniceispirillales,QZLD01,RF32,Rhizobiales,Rhodobacterales,Rhodospirillales,Rhodospirillales_A,Rickettsiales,S012-40,SG8-11,SHVZ01,SLND01,SMXQ01,SZUA-140,SZUA-152,SZUA-21,SZUA-229,SZUA-76,Sneathiellales,Sphingomonadales,Steroidobacterales,TMED127,TMED2,Tenderiales,Thalassobaculales,Thiohalobacterales,Thiohalomonadales,Thiomicrospirales,Tistrellales,UBA1113,UBA1280,UBA2966,UBA4486,UBA4575,UBA5335,UBA5861,UBA6429,UBA6522,UBA6615,UBA8366,UBA9219,UWMA-0217,VBWC01,Woeseiales,XN24,Xanthomonadales,Zavarziniales
gtdb_only	120	21-64-14,AKS1,ATCC43930,Acetobacterales,Acidiferrobacterales,Acidithiobacillales,Arenicellales,Azospirillales,BW-2,Berkiellales,Burkholderiales,CACIAM-22H2,CAIRSR01,CALZJG01,Caedimonadales,Caulobacterales,Chromatiales,Competibacterales,DRMK01,DSM-16000,DSM-16500,DSM-19610,Dongiales,Ectothiorhodospirales,Ectothiorhodospirales_A,Elsterales,Enterobacterales,Enterobacterales_A,Ferrovibrionales,GCA-001735895,GCA-2400775,GCA-2729495,GCA-2731375,GCA-2746255,GCF-002020875,GRL18,Ga0077536,Ga0077554,Geminicoccales,Granulosicoccales,HK1,Halothiobacillales,Immundisolibacterales,J044,JAABTG01,JAADGQ01,JAADHS01,JABDKV01,JABHGC01,JABSOH01,JADJWH01,JAEULC01,JAFLJP01,JAHJQQ01,JAJPIJ01,Kiloniellales,Legionellales,MPNO01,Magnetococcales,Mariprofundales,Methylococcales,Micavibrionales,Micropepsales,Minwuiales,Nevskiales,Nitrococcales,Nitrosococcales,Oceanibaculales,PWYM01,Paracaedibacterales,Parvibaculales,Piscirickettsiales,Pseudomonadales,Puniceispirillales,QZLD01,RF32,Rhizobiales,Rhodobacterales,Rhodospirillales,Rhodospirillales_A,Rickettsiales,S012-40,SG8-11,SHVZ01,SLND01,SMXQ01,SZUA-140,SZUA-152,SZUA-21,SZUA-229,SZUA-76,Sneathiellales,Sphingomonadales,Steroidobacterales,TMED127,TMED2,Tenderiales,Thalassobaculales,Thiohalobacterales,Thiohalomonadales,Thiomicrospirales,Tistrellales,UBA1113,UBA1280,UBA2966,UBA4486,UBA4575,UBA5335,UBA5861,UBA6429,UBA6522,UBA6615,UBA8366,UBA9219,UWMA-0217,VBWC01,Woeseiales,XN24,Xanthomonadales,Zavarziniales
gtdb_only	121	21-64-14,AKS1,ATCC43930,Acetobacterales,Acidiferrobacterales,Acidithiobacillales,Arenicellales,Azospirillales,BW-2,Berkiellales,Burkholderiales,CACIAM-22H2,CAIRSR01,CALZJG01,Caedimonadales,Caulobacterales,Chromatiales,Competibacterales,DRMK01,DSM-16000,DSM-16500,DSM-19610,Dongiales,Ectothiorhodospirales,Ectothiorhodospirales_A,Elsterales,Enterobacterales,Enterobacterales_A,Ferrovibrionales,GCA-001735895,GCA-2400775,GCA-2729495,GCA-2731375,GCA-2746255,GCF-002020875,GRL18,Ga0077536,Ga0077554,Geminicoccales,Granulosicoccales,HK1,Halothiobacillales,Immundisolibacterales,J044,JAABTG01,JAADGQ01,JAADHS01,JABDKV01,JABHGC01,JABSOH01,JADJWH01,JAEULC01,JAFLJP01,JAHJQQ01,JAJPIJ01,Kiloniellales,Legionellales,Leptospirillales,MPNO01,Magnetococcales,Mariprofundales,Methylococcales,Micavibrionales,Micropepsales,Minwuiales,Nevskiales,Nitrococcales,Nitrosococcales,Oceanibaculales,PWYM01,Paracaedibacterales,Parvibaculales,Piscirickettsiales,Pseudomonadales,Puniceispirillales,QZLD01,RF32,Rhizobiales,Rhodobacterales,Rhodospirillales,Rhodospirillales_A,Rickettsiales,S012-40,SG8-11,SHVZ01,SLND01,SMXQ01,SZUA-140,SZUA-152,SZUA-21,SZUA-229,SZUA-76,Sneathiellales,Sphingomonadales,Steroidobacterales,TMED127,TMED2,Tenderiales,Thalassobaculales,Thiohalobacterales,Thiohalomonadales,Thiomicrospirales,Tistrellales,UBA1113,UBA1280,UBA2966,UBA4486,UBA4575,UBA5335,UBA5861,UBA6429,UBA6522,UBA6615,UBA8366,UBA9219,UWMA-0217,VBWC01,Woeseiales,XN24,Xanthomonadales,Zavarziniales
gtdb_only	133	21-64-14,AKS1,ATCC43930,Acetobacterales,Acidiferrobacterales,Acidithiobacillales,Acidulodesulfobacterales,Aquificales,Arenicellales,Azospirillales,BW-2,Berkiellales,Burkholderiales,CACIAM-22H2,CAIRSR01,CALZJG01,Caedimonadales,Calescibacteriales,Campylobacterales,Caulobacterales,Chromatiales,Chrysiogenales,Competibacterales,DRMK01,DSM-16000,DSM-16500,DSM-19610,Deferribacterales,Desulfurellales,Desulfurobacteriales,Dongiales,Ectothiorhodospirales,Ectothiorhodospirales_A,Elsterales,Enterobacterales,Enterobacterales_A,Ferrovibrionales,GCA-001735895,GCA-2400775,GCA-2729495,GCA-2731375,GCA-2746255,GCF-002020875,GRL18,Ga0077536,Ga0077554,Geminicoccales,Granulosicoccales,HK1,Halothiobacillales,Hydrogenothermales,Immundisolibacterales,J044,JAABTG01,JAADGQ01,JAADHS01,JABDKV01,JABHGC01,JABSOH01,JADJWH01,JAEULC01,JAFLJP01,JAHJQQ01,JAJPIJ01,Kiloniellales,Legionellales,Leptospirillales,MPNO01,Magnetococcales,Mariprofundales,Methylococcales,Micavibrionales,Micropepsales,Minwuiales,Nautiliales,Nevskiales,Nitrococcales,Nitrosococcales,Oceanibaculales,PWYM01,Paracaedibacterales,Parvibaculales,Piscirickettsiales,Pseudomonadales,Puniceispirillales,QZLD01,RF32,Rhizobiales,Rhodobacterales,Rhodospirillales,Rhodospirillales_A,Rickettsiales,S012-40,SG8-11,SHVZ01,SLND01,SMXQ01,SZUA-140,SZUA-152,SZUA-21,SZUA-229,SZUA-76,Sneathiellales,Sphingomonadales,Steroidobacterales,Syntrophorhabdales,TMED127,TMED2,Tenderiales,Thalassobaculales,Thermosulfidibacterales,Thiohalobacterales,Thiohalomonadales,Thiomicrospirales,Tistrellales,UBA1113,UBA1280,UBA2966,UBA4486,UBA4575,UBA5335,UBA5861,UBA6429,UBA6522,UBA6615,UBA8366,UBA9219,UWMA-0217,VBWC01,Woeseiales,XN24,Xanthomonadales,Zavarziniales
flagella_only	141	21-64-14,AKS1,ATCC43930,Acetobacterales,Acidiferrobacterales,Acidithiobacillales,Arenicellales,Azospirillales,B64-G9,BW-2,Berkiellales,Bradymonadales,Burkholderiales,CACIAM-22H2,CAIRSR01,CALZJG01,Caedimonadales,Caulobacterales,Chromatiales,Competibacterales,DRMK01,DSM-16000,DSM-16500,DSM-19610,Dongiales,Ectothiorhodospirales,Ectothiorhodospirales_A,Elsterales,Enterobacterales,Enterobacterales_A,Fen-1088,Ferrovibrionales,Flavobacteriales,GCA-001735895,GCA-2400775,GCA-2729495,GCA-2731375,GCA-2746255,GCA-2747355,GCA-2863065,GCF-002020875,GRL18,Ga0077536,Ga0077554,Geminicoccales,Granulosicoccales,HGW-17,HK1,Haliangiales,Halothiobacillales,Immundisolibacterales,J044,JAABTG01,JAADGQ01,JAADHS01,JAAYKL01,JABDKV01,JABHGC01,JABSOH01,JADJWH01,JAEULC01,JAFLJP01,JAHJQQ01,JAJPIJ01,Kiloniellales,Legionellales,MPNO01,Methylococcales,Micavibrionales,Micropepsales,Minwuiales,Myxococcales,Nannocystales,Nevskiales,Nitrococcales,Nitrosococcales,Oceanibaculales,PHBI01,PWYM01,Palsa-1104,Paracaedibacterales,Parvibaculales,Piscirickettsiales,Polyangiales,Pseudomonadales,Puniceispirillales,QZLD01,RF32,Rhizobiales,Rhodobacterales,Rhodospirillales,Rhodospirillales_A,Rickettsiales,S012-40,SG8-11,SHVZ01,SLND01,SMXQ01,SZUA-140,SZUA-152,SZUA-21,SZUA-229,SZUA-336,SZUA-76,Sneathiellales,Sphingomonadales,Steroidobacterales,TMED127,TMED2,Tenderiales,Thalassobaculales,Thiohalobacterales,Thiohalomonadales,Thiomicrospirales,Tistrellales,UBA1113,UBA1280,UBA2966,UBA4151,UBA4486,UBA4575,UBA5335,UBA5861,UBA6429,UBA6522,UBA6615,UBA727,UBA796,UBA7976,UBA8366,UBA9160,UBA9219,UBA9615,UWMA-0217,VBWC01,WYAZ01,Woeseiales,XN24,XYA12-FULL-58-9,Xanthomonadales,Zavarziniales
gtdb_only	142	4572-78,Acetivibrionales,Acetivibrionales_A,Alicyclobacillales,Ammonifexales,Anaerolineales,Anaeromusales,Aneurinibacillales,Armatimonadales,B1SED10-174,Bacillales,Bacillales_D,Bacillales_G,Bacillales_H,Bacillales_I,Bacillales_K,Baltobacterales,Brevibacillales,CAIYQO01,CSP1-3,CTSoil-072,Caldalkalibacillales,Caldicellulosiruptorales,Caldicoprobacterales,Caldilineales,Carboxydocellales,Carboxydothermales,Ch115,Ch29,Ch66,Christensenellales,Chthonomonadales,Clostridiales,DRI-13,DSM-1736,DSM-22653,DTU010,DTU014,DTU015,DTU022,DTU030,DTU065,DTU080,DTU084,DTU086,DTU087,DTUO25,DUEN01,DULZ01,DUMP01,DUMW01,DUSP01,DY22613,Desulfitibacterales,Desulfitobacteriales,Desulfotomaculales,Desulfuribacillales,Dethiobacterales,Erysipelotrichales,Eubacteriales,Exiguobacterales,FW602-bin22,Fimbriimonadales,HRBIN16,HRBIN17,Halanaerobiales,Halobacteroidales,Heliobacteriales,JAAZEB01,JAAZLZ01,JABLXB01,JADQBR01,JAJTBE01,JAJYVM01,JAJYWN01,JAJZYS01,Koleobacterales,Ktedonobacterales,Kyrpidiales,Lachnospirales,Lactobacillales,Limnochordales,Limnochordales_A,Limnocylindrales,Lutisporales,Mahellales,Monoglobales,Moorellales,Natranaerobiales,Oscillospirales,PH28-bin88,PWPR01,Paenibacillales,Peptococcales,Peptostreptococcales,Propionisporales,Proteinivoracales,RBS10-35,RGZZ01,SK-Y3,SKNC01,SLMV01,Saccharofermentanales,Selenomonadales,Sporomusales,Sporomusales_A,Sporomusales_B,Sporomusales_C,Sulfobacillales,Symbiobacteriales,Syntrophomonadales,TANB77,Tepidibacillales,Tepidiformales,Thermacetogeniales,Thermaerobacterales,Thermincolales,Thermoanaerobacterales,Thermomicrobiales,Thermosediminibacterales,Tissierellales,Tumebacillales,UBA10575,UBA10988,UBA1212,UBA12225,UBA1381,UBA1444,UBA2979,UBA3575,UBA4068,UBA4971,UBA5301,UBA5377,UBA5500,UBA5829,UBA6077,UBA8346,UBA994,UMGS1260,WVXJ01,Xenobiales
flagella_only	142	21-64-14,AKS1,ATCC43930,Acetobacterales,Acidiferrobacterales,Acidithiobacillales,Arenicellales,Azospirillales,B64-G9,BW-2,Berkiellales,Bradymonadales,Burkholderiales,CACIAM-22H2,CAIRSR01,CALZJG01,Caedimonadales,Caulobacterales,Chromatiales,Competibacterales,DRMK01,DSM-16000,DSM-16500,DSM-19610,Dongiales,Ectothiorhodospirales,Ectothiorhodospirales_A,Elsterales,Enterobacterales,Enterobacterales_A,Fen-1088,Ferrovibrionales,Flavobacteriales,GCA-001735895,GCA-2400775,GCA-2729495,GCA-2731375,GCA-2746255,GCA-2747355,GCA-2863065,GCF-002020875,GRL18,Ga0077536,Ga0077554,Geminicoccales,Granulosicoccales,HGW-17,HK1,Haliangiales,Halothiobacillales,Immundisolibacterales,J044,JAABTG01,JAADGQ01,JAADHS01,JAAYKL01,JABDKV01,JABHGC01,JABSOH01,JADJWH01,JAEULC01,JAFLJP01,JAHJQQ01,JAJPIJ01,Kiloniellales,Legionellales,MPNO01,Mariprofundales,Methylococcales,Micavibrionales,Micropepsales,Minwuiales,Myxococcales,Nannocystales,Nevskiales,Nitrococcales,Nitrosococcales,Oceanibaculales,PHBI01,PWYM01,Palsa-1104,Paracaedibacterales,Parvibaculales,Piscirickettsiales,Polyangiales,Pseudomonadales,Puniceispirillales,QZLD01,RF32,Rhizobiales,Rhodobacterales,Rhodospirillales,Rhodospirillales_A,Rickettsiales,S012-40,SG8-11,SHVZ01,SLND01,SMXQ01,SZUA-140,SZUA-152,SZUA-21,SZUA-229,SZUA-336,SZUA-76,Sneathiellales,Sphingomonadales,Steroidobacterales,TMED127,TMED2,Tenderiales,Thalassobaculales,Thiohalobacterales,Thiohalomonadales,Thiomicrospirales,Tistrellales,UBA1113,UBA1280,UBA2966,UBA4151,UBA4486,UBA4575,UBA5335,UBA5861,UBA6429,UBA6522,UBA6615,UBA727,UBA796,UBA7976,UBA8366,UBA9160,UBA9219,UBA9615,UWMA-0217,VBWC01,WYAZ01,Woeseiales,XN24,XYA12-FULL-58-9,Xanthomonadales,Zavarziniales
flagella_only	156	20CM-2-55-15,21-64-14,AKS1,ATCC43930,Acanthopleuribacterales,Acetobacterales,Acidiferrobacterales,Acidithiobacillales,Acidoferrales,Arenicellales,Azospirillales,B64-G9,BW-2,Berkiellales,Bradymonadales,Bryobacterales,Burkholderiales,CACIAM-22H2,CAIRSR01,CAIWXX01,CALZJG01,Caedimonadales,Caulobacterales,Chromatiales,Competibacterales,DRMK01,DSM-16000,DSM-16500,DSM-19610,Dongiales,Ectothiorhodospirales,Ectothiorhodospirales_A,Elsterales,Enterobacterales,Enterobacterales_A,Fen-1088,Ferrovibrionales,Flavobacteriales,GCA-001735895,GCA-2400775,GCA-2729495,GCA-2731375,GCA-2746255,GCA-2747355,GCA-2863065,GCF-002020875,GRL18,Ga0077536,Ga0077554,Geminicoccales,Granulosicoccales,HGW-17,HK1,Haliangiales,Halothiobacillales,Holophagales,Immundisolibacterales,J044,J045,JAABTG01,JAADGQ01,JAADHS01,JAAYKL01,JABDKV01,JABHGC01,JABSOH01,JADJWH01,JAEULC01,JAFLJP01,JAHJQQ01,JAJPIJ01,Kiloniellales,Legionellales,MPNO01,Mariprofundales,Methylococcales,Micavibrionales,Micropepsales,Minwuiales,Myxococcales,Nannocystales,Nevskiales,Nitrococcales,Nitrosococcales,Oceanibaculales,PHBI01,PWYM01,Palsa-1104,Paracaedibacterales,Parvibaculales,Piscirickettsiales,Polarisedimenticolales,Polyangiales,Pseudomonadales,Puniceispirillales,Pyrinomonadales,QZLD01,RBC074,RF32,Rhizobiales,Rhodobacterales,Rhodospirillales,Rhodospirillales_A,Rickettsiales,S012-40,SG8-11,SHVZ01,SLND01,SMXQ01,SZUA-140,SZUA-152,SZUA-21,SZUA-229,SZUA-336,SZUA-76,Sneathiellales,Sphingomonadales,Steroidobacterales,TMED127,TMED2,Tenderiales,Terriglobales,Thalassobaculales,Thiohalobacterales,Thiohalomonadales,Thiomicrospirales,Tistrellales,UBA1113,UBA1280,UBA2966,UBA4151,UBA4486,UBA4575,UBA5335,UBA5861,UBA6429,UBA6522,UBA6615,UBA6911,UBA727,UBA7540,UBA796,UBA7976,UBA8366,UBA9160,UBA9219,UBA9615,UWMA-0217,VBWC01,Vicinamibacterales,WYAZ01,Woeseiales,XN24,XYA12-FULL-58-9,Xanthomonadales,Zavarziniales
gtdb_only	159	4572-78,Acetivibrionales,Acetivibrionales_A,Acidimicrobiales,Actinomycetales,Alicyclobacillales,Ammonifexales,Anaerolineales,Anaeromusales,Aneurinibacillales,Aquicultorales,Armatimonadales,B1SED10-174,Bacillales,Bacillales_D,Bacillales_G,Bacillales_H,Bacillales_I,Bacillales_K,Baltobacterales,Brevibacillales,CAIYQO01,CSP1-3,CTSoil-072,Caldalkalibacillales,Caldicellulosiruptorales,Caldicoprobacterales,Caldilineales,Carboxydocellales,Carboxydothermales,Ch115,Ch29,Ch66,Christensenellales,Chthonomonadales,Clostridiales,DRI-13,DSM-1736,DSM-22653,DTU010,DTU014,DTU015,DTU022,DTU030,DTU065,DTU080,DTU084,DTU086,DTU087,DTUO25,DUEN01,DULZ01,DUMP01,DUMW01,DUSP01,DY22613,Desulfitibacterales,Desulfitobacteriales,Desulfotomaculales,Desulfuribacillales,Dethiobacterales,Erysipelotrichales,Eubacteriales,Euzebyales,Exiguobacterales,FW602-bin22,Fimbriimonadales,Gaiellales,Geothermincolales,HRBIN16,HRBIN17,Halanaerobiales,Halobacteroidales,Heliobacteriales,Humimicrobiales,IMCC26256,JAAZEB01,JAAZLZ01,JABLXB01,JADQBR01,JAJTBE01,JAJYVM01,JAJYWN01,JAJZYS01,Koleobacterales,Ktedonobacterales,Kyrpidiales,Lachnospirales,Lactobacillales,Limnochordales,Limnochordales_A,Limnocylindrales,Lutisporales,Mahellales,Miltoncostaeales,Monoglobales,Moorellales,Motilibacterales,Mycobacteriales,Nanopelagicales,Natranaerobiales,Nitriliruptorales,Oscillospirales,PH28-bin88,PWPR01,Paenibacillales,Peptococcales,Peptostreptococcales,Propionibacteriales,Propionisporales,Proteinivoracales,RBS10-35,RGZZ01,SK-Y3,SKNC01,SLMV01,Saccharofermentanales,Selenomonadales,Solirubrobacterales,Sporomusales,Sporomusales_A,Sporomusales_B,Sporomusales_C,Streptosporangiales,Sulfobacillales,Symbiobacteriales,Syntrophomonadales,TANB77,Tepidibacillales,Tepidiformales,Thermacetogeniales,Thermaerobacterales,Thermincolales,Thermoanaerobacterales,Thermomicrobiales,Thermosediminibacterales,Tissierellales,Tumebacillales,UBA10575,UBA10988,UBA1212,UBA12225,UBA1381,UBA1444,UBA2979,UBA3575,UBA4068,UBA4971,UBA5301,UBA5377,UBA5500,UBA5794,UBA5829,UBA6077,UBA8346,UBA994,UMGS1260,WVXJ01,Xenobiales
flagella_only	161	2-12-FULL-62-27,ARS1246,Acetivibrionales,Acetivibrionales_A,Alicyclobacillales,Ammonifexales,Anaeromusales,Aneurinibacillales,Aquicultorales,Atribacterales,B11-G9,B1SED10-174,B21-G9,B3-G13,B62-G9,Bacillales,Bacillales_D,Bacillales_G,Bacillales_H,Bacillales_I,Bacillales_K,Borreliales,Brachyspirales,Brevibacillales,Brevinematales,CADAEX01,COTS27,CTSoil-072,Caldalkalibacillales,Caldicellulosiruptorales,Caldicoprobacterales,Carboxydocellales,Carboxydothermales,Ch115,Ch29,Ch66,Christensenellales,Clostridiales,DRI-13,DSM-16054,DSM-1736,DSM-22653,DSM-27196,DSM-6578,DTU010,DTU014,DTU015,DTU022,DTU030,DTU065,DTU080,DTU084,DTU086,DTU087,DTUO25,DULZ01,DUMJ01,DUMP01,DUMW01,DUSP01,DY22613,Desulfitibacterales,Desulfitobacteriales,Desulfotomaculales,Desulfuribacillales,Dethiobacterales,Duberdicusellales,Erysipelotrichales,Eubacteriales,Exiguobacterales,Fusobacteriales,GBS-1,GWE2-31-10,Halanaerobiales,Halobacteroidales,Heliobacteriales,JAAYUW01,JAAZLZ01,JABEVK01,JABLXB01,JADQBR01,JAFGXN01,JAHITG01,JAJYVM01,JAJYWN01,JC444,Koleobacterales,Kyrpidiales,Lachnospirales,Lactobacillales,Leptospirales,Limnochordales,Limnochordales_A,Lutisporales,MWEM01,Mahellales,Mesoaciditogales,Monoglobales,Moorellales,Muirbacteriales,Natranaerobiales,Oscillospirales,Ozemobacterales,PGYV01,PH28-bin88,PWPR01,Paenibacillales,Peptococcales,Peptostreptococcales,Petrotogales,Propionisporales,Proteinivoracales,RBS10-35,SK-Y3,SKNC01,SLMV01,SPDA01,SZUA-6,Saccharofermentanales,Selenomonadales,Spirochaetales_E,Sporomusales,Sporomusales_A,Sporomusales_B,Sporomusales_C,Symbiobacteriales,Synergistales,Syntrophomonadales,T1Sed10-126,TANB77,Tepidibacillales,Thermacetogeniales,Thermaerobacterales,Thermincolales,Thermoanaerobacterales,Thermosediminibacterales,Thermotogales,Tissierellales,Treponematales,Tumebacillales,Turneriellales,UBA10575,UBA1212,UBA12178,UBA1381,UBA1444,UBA3575,UBA4068,UBA4802,UBA4971,UBA5301,UBA5500,UBA6099,UBA6191,UBA8346,UBA8481,UBA9216,UBA994,UBA9980,UMGS1260,WRBN01
flagella_only	163	2-12-FULL-62-27,4484-113,ARS1246,Acetivibrionales,Acetivibrionales_A,Alicyclobacillales,Ammonifexales,Anaeromusales,Aneurinibacillales,Aquicultorales,Atribacterales,B11-G9,B1SED10-174,B21-G9,B3-G13,B62-G9,Bacillales,Bacillales_D,Bacillales_G,Bacillales_H,Bacillales_I,Bacillales_K,Borreliales,Brachyspirales,Brevibacillales,Brevinematales,CADAEX01,COTS27,CTSoil-072,Caldalkalibacillales,Caldicellulosiruptorales,Caldicoprobacterales,Carboxydocellales,Carboxydothermales,Ch115,Ch29,Ch66,Christensenellales,Clostridiales,DRI-13,DSM-16054,DSM-1736,DSM-22653,DSM-27196,DSM-6578,DTU010,DTU014,DTU015,DTU022,DTU030,DTU065,DTU080,DTU084,DTU086,DTU087,DTUO25,DULZ01,DUMJ01,DUMP01,DUMW01,DUSP01,DY22613,Desulfitibacterales,Desulfitobacteriales,Desulfotomaculales,Desulfuribacillales,Dethiobacterales,Duberdicusellales,Erysipelotrichales,Eubacteriales,Exiguobacterales,Fusobacteriales,GBS-1,GWE2-31-10,Halanaerobiales,Halobacteroidales,Heliobacteriales,Humimicrobiales,JAAYUW01,JAAZLZ01,JABEVK01,JABLXB01,JADQBR01,JAFGXN01,JAHITG01,JAJYVM01,JAJYWN01,JC444,Koleobacterales,Kyrpidiales,Lachnospirales,Lactobacillales,Leptospirales,Limnochordales,Limnochordales_A,Lutisporales,MWEM01,Mahellales,Mesoaciditogales,Monoglobales,Moorellales,Muirbacteriales,Natranaerobiales,Oscillospirales,Ozemobacterales,PGYV01,PH28-bin88,PWPR01,Paenibacillales,Peptococcales,Peptostreptococcales,Petrotogales,Propionisporales,Proteinivoracales,RBS10-35,SK-Y3,SKNC01,SLMV01,SPDA01,SZUA-6,Saccharofermentanales,Selenomonadales,Spirochaetales_E,Sporomusales,Sporomusales_A,Sporomusales_B,Sporomusales_C,Symbiobacteriales,Synergistales,Syntrophomonadales,T1Sed10-126,TANB77,Tepidibacillales,Thermacetogeniales,Thermaerobacterales,Thermincolales,Thermoanaerobacterales,Thermosediminibacterales,Thermotogales,Tissierellales,Treponematales,Tumebacillales,Turneriellales,UBA10575,UBA1212,UBA12178,UBA1381,UBA1444,UBA3575,UBA4068,UBA4802,UBA4971,UBA5301,UBA5500,UBA6099,UBA6191,UBA8346,UBA8481,UBA9216,UBA994,UBA9980,UMGS1260,WRBN01
gtdb_only	165	4572-78,Acetivibrionales,Acetivibrionales_A,Acidimicrobiales,Actinomycetales,Alicyclobacillales,Ammonifexales,Anaerolineales,Anaeromusales,Aneurinibacillales,Aquicultorales,Armatimonadales,B1SED10-174,Bacillales,Bacillales_D,Bacillales_G,Bacillales_H,Bacillales_I,Bacillales_K,Baltobacterales,Brevibacillales,CAIYQO01,CSP1-3,CTSoil-072,Caldalkalibacillales,Caldicellulosiruptorales,Caldicoprobacterales,Caldilineales,Carboxydocellales,Carboxydothermales,Ch115,Ch29,Ch66,Christensenellales,Chthonomonadales,Clostridiales,DRI-13,DSM-1736,DSM-22653,DTU010,DTU014,DTU015,DTU022,DTU030,DTU065,DTU080,DTU084,DTU086,DTU087,DTUO25,DUEN01,DULZ01,DUMP01,DUMW01,DUSP01,DY22613,Desulfitibacterales,Desulfitobacteriales,Desulfotomaculales,Desulfuribacillales,Dethiobacterales,Erysipelotrichales,Eubacteriales,Euzebyales,Exiguobacterales,FW602-bin22,Fimbriimonadales,GWF2-35-9,Gaiellales,Gastranaerophilales,Geothermincolales,HRBIN16,HRBIN17,Halanaerobiales,Halobacteroidales,Heliobacteriales,Humimicrobiales,IMCC26256,JAAZEB01,JAAZLZ01,JABLXB01,JADQBR01,JAJTBE01,JAJYVM01,JAJYWN01,JAJZYS01,Koleobacterales,Ktedonobacterales,Kyrpidiales,LMEP-6097,Lachnospirales,Lactobacillales,Limnochordales,Limnochordales_A,Limnocylindrales,Lutisporales,Mahellales,Miltoncostaeales,Monoglobales,Moorellales,Motilibacterales,Mycobacteriales,Nanopelagicales,Natranaerobiales,Nitriliruptorales,Oscillospirales,PH28-bin88,PWPR01,Paenibacillales,Peptococcales,Peptostreptococcales,Propionibacteriales,Propionisporales,Proteinivoracales,RBS10-35,RGZZ01,S15B-MN24,SK-Y3,SKNC01,SLMV01,Saccharofermentanales,Selenomonadales,Solirubrobacterales,Sporomusales,Sporomusales_A,Sporomusales_B,Sporomusales_C,Streptosporangiales,Sulfobacillales,Symbiobacteriales,Syntrophomonadales,TANB77,Tepidibacillales,Tepidiformales,Thermacetogeniales,Thermaerobacterales,Thermincolales,Thermoanaerobacterales,Thermomicrobiales,Thermosediminibacterales,Tissierellales,Tumebacillales,UBA10575,UBA10988,UBA1212,UBA12225,UBA1381,UBA1444,UBA2979,UBA3575,UBA4068,UBA4971,UBA5301,UBA5377,UBA5500,UBA5794,UBA5829,UBA6077,UBA7694,UBA8346,UBA994,UMGS1260,Vampirovibrionales,WVXJ01,Xenobiales
flagella_only	165	2-12-FULL-62-27,4484-113,ARS1246,Acetivibrionales,Acetivibrionales_A,Alicyclobacillales,Ammonifexales,Anaeromusales,Aneurinibacillales,Aquicultorales,Atribacterales,B11-G9,B1SED10-174,B21-G9,B3-G13,B62-G9,Bacillales,Bacillales_D,Bacillales_G,Bacillales_H,Bacillales_I,Bacillales_K,Borreliales,Brachyspirales,Brevibacillales,Brevinematales,CADAEX01,COTS27,CTSoil-072,Caldalkalibacillales,Caldicellulosiruptorales,Caldicoprobacterales,Carboxydocellales,Carboxydothermales,Ch115,Ch29,Ch66,Christensenellales,Clostridiales,Coprothermobacterales,DRI-13,DSM-16054,DSM-1736,DSM-22653,DSM-27196,DSM-6578,DTU010,DTU014,DTU015,DTU022,DTU030,DTU065,DTU080,DTU084,DTU086,DTU087,DTUO25,DULZ01,DUMJ01,DUMP01,DUMW01,DUSP01,DY22613,Desulfitibacterales,Desulfitobacteriales,Desulfotomaculales,Desulfuribacillales,Dethiobacterales,Duberdicusellales,Erysipelotrichales,Eubacteriales,Exiguobacterales,Fusobacteriales,GBS-1,GWE2-31-10,Halanaerobiales,Halobacteroidales,Heliobacteriales,Humimicrobiales,JAAYUW01,JAAZLZ01,JABEVK01,JABLXB01,JADQBR01,JAFGXN01,JAHITG01,JAJYVM01,JAJYWN01,JC444,Koleobacterales,Kyrpidiales,Lachnospirales,Lactobacillales,Leptospirales,Limnochordales,Limnochordales_A,Lutisporales,MWEM01,Mahellales,Mesoaciditogales,Monoglobales,Moorellales,Muirbacteriales,Natranaerobiales,Oscillospirales,Ozemobacterales,PGYV01,PH28-bin88,PWPR01,Paenibacillales,Peptococcales,Peptostreptococcales,Petrotogales,Propionisporales,Proteinivoracales,RBS10-35,SK-Y3,SKNC01,SLMV01,SPDA01,SZUA-6,Saccharofermentanales,Selenomonadales,Spirochaetales_E,Sporomusales,Sporomusales_A,Sporomusales_B,Sporomusales_C,Symbiobacteriales,Synergistales,Syntrophomonadales,T1Sed10-126,TANB77,Tepidibacillales,Thermacetogeniales,Thermaerobacterales,Thermincolales,Thermoanaerobacterales,Thermodesulfobiales,Thermosediminibacterales,Thermotogales,Tissierellales,Treponematales,Tumebacillales,Turneriellales,UBA10575,UBA1212,UBA12178,UBA1381,UBA1444,UBA3575,UBA4068,UBA4802,UBA4971,UBA5301,UBA5500,UBA6099,UBA6191,UBA8346,UBA8481,UBA9216,UBA994,UBA9980,UMGS1260,WRBN01
gtdb_only	178	4572-78,Acetivibrionales,Acetivibrionales_A,Acidimicrobiales,Actinomycetales,Alicyclobacillales,Ammonifexales,Anaerolineales,Anaeromusales,Aneurinibacillales,Aquicultorales,Armatimonadales,Atribacterales,B1SED10-174,B21-G9,B3-G13,Bacillales,Bacillales_D,Bacillales_G,Bacillales_H,Bacillales_I,Bacillales_K,Baltobacterales,Brevibacillales,CAIYQO01,CSP1-3,CTSoil-072,Caldalkalibacillales,Caldicellulosiruptorales,Caldicoprobacterales,Caldilineales,Carboxydocellales,Carboxydothermales,Ch115,Ch29,Ch66,Christensenellales,Chthonomonadales,Clostridiales,Coprothermobacterales,DRI-13,DSM-1736,DSM-22653,DTU010,DTU014,DTU015,DTU022,DTU030,DTU065,DTU080,DTU084,DTU086,DTU087,DTUO25,DUEN01,DULZ01,DUMJ01,DUMP01,DUMW01,DUSP01,DY22613,Desulfitibacterales,Desulfitobacteriales,Desulfotomaculales,Desulfuribacillales,Dethiobacterales,Erysipelotrichales,Eubacteriales,Euzebyales,Exiguobacterales,FW602-bin22,Fimbriimonadales,GBS-1,GWF2-35-9,Gaiellales,Gastranaerophilales,Geothermincolales,HRBIN16,HRBIN17,Halanaerobiales,Halobacteroidales,Heliobacteriales,Humimicrobiales,IMCC26256,JAAZEB01,JAAZLZ01,JABLXB01,JADQBR01,JAJTBE01,JAJYVM01,JAJYWN01,JAJZYS01,Koleobacterales,Ktedonobacterales,Kyrpidiales,LMEP-6097,Lachnospirales,Lactobacillales,Limnochordales,Limnochordales_A,Limnocylindrales,Lutisporales,MWEM01,Mahellales,Mesoaciditogales,Miltoncostaeales,Monoglobales,Moorellales,Motilibacterales,Mycobacteriales,Nanopelagicales,Natranaerobiales,Nitriliruptorales,Oscillospirales,PH28-bin88,PWPR01,Paenibacillales,Peptococcales,Peptostreptococcales,Petrotogales,Propionibacteriales,Propionisporales,Proteinivoracales,RBS10-35,RGZZ01,S15B-MN24,SK-Y3,SKNC01,SLMV01,Saccharofermentanales,Selenomonadales,Solirubrobacterales,Sporomusales,Sporomusales_A,Sporomusales_B,Sporomusales_C,Streptosporangiales,Sulfobacillales,Symbiobacteriales,Synergistales,Syntrophomonadales,TANB77,Tepidibacillales,Tepidiformales,Thermacetogeniales,Thermaerobacterales,Thermincolales,Thermoanaerobacterales,Thermodesulfobiales,Thermomicrobiales,Thermosediminibacterales,Thermotogales,Tissierellales,Tumebacillales,UBA10575,UBA10988,UBA1212,UBA12178,UBA12225,UBA1381,UBA1444,UBA2979,UBA3575,UBA4068,UBA4971,UBA5301,UBA5377,UBA5500,UBA5794,UBA5829,UBA6077,UBA7694,UBA8346,UBA994,UMGS1260,Vampirovibrionales,WVXJ01,Xenobiales
gtdb_only	185	4484-113,4572-78,Acetivibrionales,Acetivibrionales_A,Acidimicrobiales,Actinomycetales,Alicyclobacillales,Ammonifexales,Anaerolineales,Anaeromusales,Aneurinibacillales,Aquicultorales,Armatimonadales,Atribacterales,B1SED10-174,B21-G9,B3-G13,Bacillales,Bacillales_D,Bacillales_G,Bacillales_H,Bacillales_I,Bacillales_K,Baltobacterales,Brevibacillales,CAIYQO01,CSP1-3,CTSoil-072,Caldalkalibacillales,Caldicellulosiruptorales,Caldicoprobacterales,Caldilineales,Carboxydocellales,Carboxydothermales,Ch115,Ch29,Ch66,Christensenellales,Chthonomonadales,Clostridiales,Coprothermobacterales,DRI-13,DSM-1736,DSM-22653,DTU010,DTU014,DTU015,DTU022,DTU030,DTU065,DTU080,DTU084,DTU086,DTU087,DTUO25,DUEN01,DULZ01,DUMJ01,DUMP01,DUMW01,DUSP01,DY22613,Desulfitibacterales,Desulfitobacteriales,Desulfotomaculales,Desulfuribacillales,Dethiobacterales,Erysipelotrichales,Eubacteriales,Euzebyales,Exiguobacterales,FW602-bin22,Fimbriimonadales,Fusobacteriales,GBS-1,GWF2-35-9,Gaiellales,Gastranaerophilales,Geothermincolales,HRBIN16,HRBIN17,Halanaerobiales,Halobacteroidales,Heliobacteriales,Humimicrobiales,IMCC26256,JAAZEB01,JAAZLZ01,JABLXB01,JADQBR01,JAJTBE01,JAJYVM01,JAJYWN01,JAJZYS01,Koleobacterales,Ktedonobacterales,Kyrpidiales,LMEP-6097,Lachnospirales,Lactobacillales,Limnochordales,Limnochordales_A,Limnocylindrales,Lutisporales,MWEM01,Mahellales,Mesoaciditogales,Miltoncostaeales,Monoglobales,Moorellales,Motilibacterales,Muirbacteriales,Mycobacteriales,Nanopelagicales,Natranaerobiales,Nitriliruptorales,Oscillospirales,Ozemobacterales,PH28-bin88,PWPR01,Paenibacillales,Peptococcales,Peptostreptococcales,Petrotogales,Propionibacteriales,Propionisporales,Proteinivoracales,RBS10-35,RGZZ01,S15B-MN24,SK-Y3,SKNC01,SLMV01,Saccharofermentanales,Selenomonadales,Solirubrobacterales,Sporomusales,Sporomusales_A,Sporomusales_B,Sporomusales_C,Streptosporangiales,Sulfobacillales,Symbiobacteriales,Synergistales,Syntrophomonadales,TANB77,Tepidibacillales,Tepidiformales,Thermacetogeniales,Thermaerobacterales,Thermincolales,Thermoanaerobacterales,Thermodesulfobiales,Thermomicrobiales,Thermosediminibacterales,Thermotogales,Tissierellales,Tumebacillales,UBA10575,UBA10988,UBA1212,UBA12178,UBA12225,UBA1381,UBA1444,UBA2979,UBA3575,UBA4068,UBA4971,UBA5301,UBA5377,UBA5500,UBA5794,UBA5829,UBA6077,UBA6099,UBA6191,UBA7694,UBA8346,UBA994,UBA9980,UMGS1260,Vampirovibrionales,WVXJ01,Xenobiales
gtdb_only	193	4484-113,4572-78,Acetivibrionales,Acetivibrionales_A,Acidimicrobiales,Actinomycetales,Aerophobales,Alicyclobacillales,Ammonifexales,Anaerolineales,Anaeromusales,Aneurinibacillales,Aquicultorales,Armatimonadales,Atribacterales,Auribacterales,B1SED10-174,B21-G9,B26-G9,B3-G13,Bacillales,Bacillales_D,Bacillales_G,Bacillales_H,Bacillales_I,Bacillales_K,Baltobacterales,Brevibacillales,CAIYQO01,CSP1-3,CTSoil-072,Caldalkalibacillales,Caldicellulosiruptorales,Caldicoprobacterales,Caldilineales,Carboxydocellales,Carboxydothermales,Ch115,Ch29,Ch66,Christensenellales,Chthonomonadales,Clostridiales,Coprothermobacterales,DRI-13,DSM-1736,DSM-22653,DTU010,DTU014,DTU015,DTU022,DTU030,DTU065,DTU080,DTU084,DTU086,DTU087,DTUO25,DUEN01,DULZ01,DUMJ01,DUMP01,DUMW01,DUSP01,DY22613,Desulfitibacterales,Desulfitobacteriales,Desulfotomaculales,Desulfuribacillales,Dethiobacterales,Duberdicusellales,Erysipelotrichales,Eubacteriales,Euzebyales,Exiguobacterales,FEN-1173,FW602-bin22,Fimbriimonadales,Fusobacteriales,GBS-1,GWF2-35-9,Gaiellales,Gastranaerophilales,Geothermincolales,HRBIN16,HRBIN17,Halanaerobiales,Halobacteroidales,Heliobacteriales,Humimicrobiales,IMCC26256,JAAXVQ01,JAAZEB01,JAAZLZ01,JABLXB01,JADQBR01,JAJTBE01,JAJYVM01,JAJYWN01,JAJZYS01,Koleobacterales,Ktedonobacterales,Kyrpidiales,LMEP-6097,Lachnospirales,Lactobacillales,Limnochordales,Limnochordales_A,Limnocylindrales,Lutisporales,MWEM01,Mahellales,Mesoaciditogales,Miltoncostaeales,Monoglobales,Moorellales,Motilibacterales,Muirbacteriales,Mycobacteriales,Nanopelagicales,Natranaerobiales,Nitriliruptorales,Oscillospirales,Ozemobacterales,PGYV01,PH28-bin88,PWPR01,Paenibacillales,Peptococcales,Peptostreptococcales,Petrotogales,Propionibacteriales,Propionisporales,Proteinivoracales,RBS10-35,RGZZ01,S143-82,S15B-MN24,SK-Y3,SKNC01,SLMV01,Saccharofermentanales,Selenomonadales,Solirubrobacterales,Sporomusales,Sporomusales_A,Sporomusales_B,Sporomusales_C,Streptosporangiales,Sulfobacillales,Symbiobacteriales,Synergistales,Syntrophomonadales,TANB77,Tepidibacillales,Tepidiformales,Thermacetogeniales,Thermaerobacterales,Thermincolales,Thermoanaerobacterales,Thermodesulfobiales,Thermomicrobiales,Thermosediminibacterales,Thermotogales,Tissierellales,Tumebacillales,UBA10575,UBA10988,UBA1212,UBA12178,UBA12225,UBA1381,UBA1444,UBA2979,UBA3575,UBA4068,UBA4971,UBA5301,UBA5377,UBA5500,UBA5794,UBA5829,UBA6077,UBA6099,UBA6191,UBA7694,UBA8346,UBA994,UBA9980,UMGS1260,Vampirovibrionales,WVXJ01,Xenobiales
flagella_only	214	2-12-FULL-62-27,4484-113,4572-78,ARS1246,Acetivibrionales,Acetivibrionales_A,Acidimicrobiales,Actinomycetales,Alicyclobacillales,Ammonifexales,Anaerolineales,Anaeromusales,Aneurinibacillales,Aquicultorales,Armatimonadales,Atribacterales,B11-G9,B1SED10-174,B21-G9,B3-G13,B62-G9,Bacillales,Bacillales_D,Bacillales_G,Bacillales_H,Bacillales_I,Bacillales_K,Baltobacterales,Borreliales,Brachyspirales,Brevibacillales,Brevinematales,CADAEX01,CAIYQO01,COTS27,CSP1-3,CTSoil-072,Caldalkalibacillales,Caldicellulosiruptorales,Caldicoprobacterales,Caldilineales,Carboxydocellales,Carboxydothermales,Ch115,Ch29,Ch66,Christensenellales,Chthonomonadales,Clostridiales,Coprothermobacterales,DRI-13,DSM-16054,DSM-1736,DSM-22653,DSM-27196,DSM-6578,DTU010,DTU014,DTU015,DTU022,DTU030,DTU065,DTU080,DTU084,DTU086,DTU087,DTUO25,DUEN01,DULZ01,DUMJ01,DUMP01,DUMW01,DUSP01,DY22613,Desulfitibacterales,Desulfitobacteriales,Desulfotomaculales,Desulfuribacillales,Dethiobacterales,Duberdicusellales,Erysipelotrichales,Eubacteriales,Euzebyales,Exiguobacterales,FEN-1173,FW602-bin22,Fimbriimonadales,Fusobacteriales,GBS-1,GWE2-31-10,Gaiellales,Geothermincolales,HRBIN16,HRBIN17,Halanaerobiales,Halobacteroidales,Heliobacteriales,Humimicrobiales,IMCC26256,JAAXVQ01,JAAYUW01,JAAZEB01,JAAZLZ01,JABEVK01,JABLXB01,JADQBR01,JAFGXN01,JAHITG01,JAJTBE01,JAJYVM01,JAJYWN01,JAJZYS01,JC444,Koleobacterales,Ktedonobacterales,Kyrpidiales,Lachnospirales,Lactobacillales,Leptospirales,Limnochordales,Limnochordales_A,Limnocylindrales,Lutisporales,MWEM01,Mahellales,Mesoaciditogales,Miltoncostaeales,Monoglobales,Moorellales,Motilibacterales,Muirbacteriales,Mycobacteriales,Nanopelagicales,Natranaerobiales,Nitriliruptorales,Oscillospirales,Ozemobacterales,PGYV01,PH28-bin88,PWPR01,Paenibacillales,Peptococcales,Peptostreptococcales,Petrotogales,Propionibacteriales,Propionisporales,Proteinivoracales,RBS10-35,RGZZ01,S15B-MN24,SK-Y3,SKNC01,SLMV01,SPDA01,SZUA-6,Saccharofermentanales,Selenomonadales,Solirubrobacterales,Spirochaetales_E,Sporomusales,Sporomusales_A,Sporomusales_B,Sporomusales_C,Streptosporangiales,Sulfobacillales,Symbiobacteriales,Synergistales,Syntrophomonadales,T1Sed10-126,TANB77,Tepidibacillales,Tepidiformales,Thermacetogeniales,Thermaerobacterales,Thermincolales,Thermoanaerobacterales,Thermodesulfobiales,Thermomicrobiales,Thermosediminibacterales,Thermotogales,Tissierellales,Treponematales,Tumebacillales,Turneriellales,UBA10575,UBA10988,UBA1212,UBA12178,UBA12225,UBA1381,UBA1444,UBA2979,UBA3575,UBA4068,UBA4802,UBA4971,UBA5301,UBA5377,UBA5500,UBA5794,UBA5829,UBA6077,UBA6099,UBA6191,UBA7694,UBA8346,UBA8481,UBA9216,UBA994,UBA9980,UMGS1260,WRBN01,WVXJ01,Xenobiales
flagella_only	218	2-12-FULL-62-27,4484-113,4572-78,ARS1246,Acetivibrionales,Acetivibrionales_A,Acidimicrobiales,Actinomycetales,Alicyclobacillales,Ammonifexales,Anaerolineales,Anaeromusales,Aneurinibacillales,Aquicultorales,Armatimonadales,Atribacterales,B11-G9,B1SED10-174,B21-G9,B3-G13,B62-G9,Bacillales,Bacillales_D,Bacillales_G,Bacillales_H,Bacillales_I,Bacillales_K,Baltobacterales,Borreliales,Brachyspirales,Brevibacillales,Brevinematales,CADAEX01,CAIYQO01,COTS27,CSP1-3,CTSoil-072,Caldalkalibacillales,Caldicellulosiruptorales,Caldicoprobacterales,Caldilineales,Carboxydocellales,Carboxydothermales,Ch115,Ch29,Ch66,Christensenellales,Chthonomonadales,Clostridiales,Coprothermobacterales,DRI-13,DSM-16054,DSM-1736,DSM-22653,DSM-27196,DSM-6578,DTU010,DTU014,DTU015,DTU022,DTU030,DTU065,DTU080,DTU084,DTU086,DTU087,DTUO25,DUEN01,DULZ01,DUMJ01,DUMP01,DUMW01,DUSP01,DY22613,Desulfitibacterales,Desulfitobacteriales,Desulfotomaculales,Desulfuribacillales,Dethiobacterales,Duberdicusellales,Erysipelotrichales,Eubacteriales,Euzebyales,Exiguobacterales,FEN-1173,FW602-bin22,Fimbriimonadales,Fusobacteriales,GBS-1,GWE2-31-10,GWF2-35-9,Gaiellales,Gastranaerophilales,Geothermincolales,HRBIN16,HRBIN17,Halanaerobiales,Halobacteroidales,Heliobacteriales,Humimicrobiales,IMCC26256,JAAXVQ01,JAAYUW01,JAAZEB01,JAAZLZ01,JABEVK01,JABLXB01,JADQBR01,JAFGXN01,JAHITG01,JAJTBE01,JAJYVM01,JAJYWN01,JAJZYS01,JC444,Koleobacterales,Ktedonobacterales,Kyrpidiales,LMEP-6097,Lachnospirales,Lactobacillales,Leptospirales,Limnochordales,Limnochordales_A,Limnocylindrales,Lutisporales,MWEM01,Mahellales,Mesoaciditogales,Miltoncostaeales,Monoglobales,Moorellales,Motilibacterales,Muirbacteriales,Mycobacteriales,Nanopelagicales,Natranaerobiales,Nitriliruptorales,Oscillospirales,Ozemobacterales,PGYV01,PH28-bin88,PWPR01,Paenibacillales,Peptococcales,Peptostreptococcales,Petrotogales,Propionibacteriales,Propionisporales,Proteinivoracales,RBS10-35,RGZZ01,S15B-MN24,SK-Y3,SKNC01,SLMV01,SPDA01,SZUA-6,Saccharofermentanales,Selenomonadales,Solirubrobacterales,Spirochaetales_E,Sporomusales,Sporomusales_A,Sporomusales_B,Sporomusales_C,Streptosporangiales,Sulfobacillales,Symbiobacteriales,Synergistales,Syntrophomonadales,T1Sed10-126,TANB77,Tepidibacillales,Tepidiformales,Thermacetogeniales,Thermaerobacterales,Thermincolales,Thermoanaerobacterales,Thermodesulfobiales,Thermomicrobiales,Thermosediminibacterales,Thermotogales,Tissierellales,Treponematales,Tumebacillales,Turneriellales,UBA10575,UBA10988,UBA1212,UBA12178,UBA12225,UBA1381,UBA1444,UBA2979,UBA3575,UBA4068,UBA4802,UBA4971,UBA5301,UBA5377,UBA5500,UBA5794,UBA5829,UBA6077,UBA6099,UBA6191,UBA7694,UBA8346,UBA8481,UBA9216,UBA994,UBA9980,UMGS1260,Vampirovibrionales,WRBN01,WVXJ01,Xenobiales
gtdb_only	258	2-12-FULL-62-27,4484-113,4572-78,ARS1246,Acetivibrionales,Acetivibrionales_A,Acidimicrobiales,Actinomycetales,Aerophobales,Alicyclobacillales,Ammonifexales,Anaerolineales,Anaeromusales,Aneurinibacillales,Aquicultorales,Armatimonadales,Atribacterales,Auribacterales,B11-G9,B15-G4,B1SED10-174,B21-G9,B26-G9,B3-G13,B62-G9,Bacillales,Bacillales_D,Bacillales_G,Bacillales_H,Bacillales_I,Bacillales_K,Baltobacterales,Borreliales,Brachyspirales,Brevibacillales,Brevinematales,Brocadiales,CADAEX01,CAIYQO01,COTS27,CSP1-3,CTSoil-072,Caldalkalibacillales,Caldicellulosiruptorales,Caldicoprobacterales,Caldilineales,Carboxydocellales,Carboxydothermales,Ch115,Ch29,Ch66,Chlamydiales,Christensenellales,Chthoniobacterales,Chthonomonadales,Clostridiales,Coprothermobacterales,DRI-13,DSM-16054,DSM-1736,DSM-22653,DSM-27196,DSM-6578,DTU010,DTU014,DTU015,DTU022,DTU030,DTU065,DTU080,DTU084,DTU086,DTU087,DTUO25,DUEN01,DULZ01,DUMJ01,DUMP01,DUMW01,DUSP01,DY22613,Desulfitibacterales,Desulfitobacteriales,Desulfotomaculales,Desulfuribacillales,Dethiobacterales,Duberdicusellales,Erysipelotrichales,Eubacteriales,Euzebyales,Exiguobacterales,FEN-1173,FEN-1346,FW602-bin22,Fimbriimonadales,Fusobacteriales,GBS-1,GCA-002687715,GWE2-31-10,GWF2-35-9,Gaiellales,Gastranaerophilales,Gemmatales,Geothermincolales,HRBIN16,HRBIN17,Halanaerobiales,Halobacteroidales,Heliobacteriales,Humimicrobiales,IMCC26256,J058,JAAXVQ01,JAAYCJ01,JAAYUW01,JAAZEB01,JAAZLZ01,JABEVK01,JABLXB01,JABSQK01,JADQBR01,JAFGXN01,JAHITG01,JAJTBE01,JAJYVM01,JAJYWN01,JAJZYS01,JC444,Kiritimatiellales,Koleobacterales,Ktedonobacterales,Kyrpidiales,LMEP-6097,Lachnospirales,Lactobacillales,Lentisphaerales,Leptospirales,Limnochordales,Limnochordales_A,Limnocylindrales,Lutisporales,MHYJ01,MWEM01,Mahellales,Mesoaciditogales,Methylacidiphilales,Miltoncostaeales,Monoglobales,Moorellales,Motilibacterales,Muirbacteriales,Mycobacteriales,Nanopelagicales,Natranaerobiales,Nitriliruptorales,Opitutales,Oscillospirales,Ozemobacterales,PGYV01,PH28-bin88,PWPR01,Paenibacillales,Pan216,Pedosphaerales,Peptococcales,Peptostreptococcales,Petrotogales,Phycisphaerales,Pirellulales,Planctomycetales,Propionibacteriales,Propionisporales,Proteinivoracales,RBS10-35,RGZZ01,RZYC01,S143-82,S15B-MN24,SK-Y3,SKNC01,SLMV01,SM23-32,SM23-33,SPDA01,SZUA-567,SZUA-6,Saccharofermentanales,Sedimentisphaerales,Selenomonadales,Solirubrobacterales,Spirochaetales_E,Sporomusales,Sporomusales_A,Sporomusales_B,Sporomusales_C,Streptosporangiales,Sulfobacillales,Symbiobacteriales,Synergistales,Syntrophomonadales,T1Sed10-126,TANB77,Tepidibacillales,Tepidiformales,Tepidisphaerales,Thermacetogeniales,Thermaerobacterales,Thermincolales,Thermoanaerobacterales,Thermodesulfobiales,Thermomicrobiales,Thermosediminibacterales,Thermotogales,Tissierellales,Treponematales,Tumebacillales,Turneriellales,UBA10575,UBA10988,UBA11346,UBA1135,UBA1146,UBA1212,UBA12178,UBA12225,UBA1381,UBA1444,UBA1845,UBA2386,UBA2392,UBA2979,UBA3575,UBA4068,UBA4802,UBA4971,UBA5301,UBA5377,UBA5500,UBA5794,UBA5829,UBA6077,UBA6099,UBA6191,UBA7694,UBA8346,UBA8416,UBA8481,UBA9216,UBA994,UBA9980,UMGS1260,Vampirovibrionales,Victivallales,WQYP01,WRBN01,WSZJ01,WVXJ01,Xenobiales
flagella_only	293	2-12-FULL-62-27,4484-113,4572-78,AABM5-125-24,ARS1246,Acetivibrionales,Acetivibrionales_A,Acidimicrobiales,Actinomycetales,Aerophobales,Alicyclobacillales,Ammonifexales,Anaerolineales,Anaeromusales,Aneurinibacillales,Aquicultorales,Armatimonadales,Atribacterales,Auribacterales,B11-G9,B130-G9,B1SED10-174,B21-G9,B26-G9,B28-G17,B3-G13,B3-LCP,B62-G9,B68-G9,BMS3BBIN04,Bacillales,Bacillales_D,Bacillales_G,Bacillales_H,Bacillales_I,Bacillales_K,Balneolales,Baltobacterales,Borreliales,Brachyspirales,Brevibacillales,Brevinematales,Brocadiales,CADAEX01,CAIMUX01,CAIWAD01,CAIYQO01,CAIYYT01,COTS27,CR04bin15,CSP1-3,CTSoil-072,Caldalkalibacillales,Caldicellulosiruptorales,Caldicoprobacterales,Caldilineales,Calditrichales,Campylobacterales,Carboxydocellales,Carboxydothermales,Ch115,Ch29,Ch66,Chitinivibrionales,Christensenellales,Chrysiogenales,Chthonomonadales,Cloacimonadales,Clostridiales,Coprothermobacterales,DRI-13,DRLW01,DSM-16054,DSM-1736,DSM-22653,DSM-27196,DSM-6578,DTPJ01,DTU010,DTU014,DTU015,DTU022,DTU030,DTU065,DTU080,DTU084,DTU086,DTU087,DTUO25,DUEN01,DULZ01,DUMJ01,DUMP01,DUMW01,DUSP01,DY22613,Deferribacterales,Deferrisomatales,Desulfitibacterales,Desulfitobacteriales,Desulfotomaculales,Desulfurellales,Desulfuribacillales,Dethiobacterales,Duberdicusellales,Erysipelotrichales,Eubacteriales,Euzebyales,Exiguobacterales,FEN-1173,FW602-bin22,Fibrobacterales,Fimbriimonadales,Fusobacteriales,GBS-1,GCA-2687025,GN15,GWA2-58-10,GWE2-31-10,GWF2-35-9,Gaiellales,Gastranaerophilales,Gemmatimonadales,Geothermincolales,HRBIN16,HRBIN17,Halanaerobiales,Halobacteroidales,Heliobacteriales,Humimicrobiales,Hydrogenedentiales,IMCC26256,Ignavibacteriales,JAABVY01,JAAXVQ01,JAAYUW01,JAAZEB01,JAAZLZ01,JABDJQ01,JABEVK01,JABLXB01,JACIZP01,JACNKJ01,JADQBR01,JAFGXN01,JAHITG01,JAJRXV01,JAJTBE01,JAJYVM01,JAJYWN01,JAJZYS01,JC444,JdFR-76,Kapabacteriales,Koleobacterales,Krumholzibacteriales,Kryptoniales,Ktedonobacterales,Kyrpidiales,LMEP-6097,LZORAL124-64-63,Lachnospirales,Lactobacillales,Latescibacterales,Leptospirales,Limnochordales,Limnochordales_A,Limnocylindrales,Longimicrobiales,Lutisporales,MWEM01,Mahellales,Marinisomatales,Mesoaciditogales,Methylomirabilales,Miltoncostaeales,Monoglobales,Moorellales,Motilibacterales,Muirbacteriales,Mycobacteriales,Nanopelagicales,Natranaerobiales,Nautiliales,Nitriliruptorales,OLB16,OXYB2-FULL-49-7,Oscillospirales,Ozemobacterales,PGYV01,PH28-bin88,PWPR01,Paenibacillales,Peptococcales,Peptostreptococcales,Petrotogales,Propionibacteriales,Propionisporales,Proteinivoracales,QNDG01,RBG-13-44-9,RBG-16-71-46,RBS10-35,RGZZ01,RPQS01,Rhodothermales,Rokubacteriales,S143-82,S15B-MN24,SCGC-AAA003-L08,SK-Y3,SKNC01,SLMV01,SORT01,SPDA01,SURF-12,SURF-5,SZUA-6,Saccharofermentanales,Selenomonadales,Solirubrobacterales,Spirochaetales_E,Sporomusales,Sporomusales_A,Sporomusales_B,Sporomusales_C,Streptosporangiales,Sulfobacillales,Symbiobacteriales,Synergistales,Syntrophomonadales,T1Sed10-126,T3Sed10-11,TANB77,Tepidibacillales,Tepidiformales,Thermacetogeniales,Thermaerobacterales,Thermincolales,Thermoanaerobacterales,Thermodesulfobiales,Thermomicrobiales,Thermosediminibacterales,Thermosulfidibacterales,Thermotogales,Tissierellales,Treponematales,Tumebacillales,Turneriellales,UBA10030,UBA10575,UBA10806,UBA10988,UBA11236,UBA1212,UBA12178,UBA12225,UBA1381,UBA1444,UBA2214,UBA2242,UBA2968,UBA2979,UBA3575,UBA4055,UBA4068,UBA4802,UBA4971,UBA5070,UBA5301,UBA5377,UBA5500,UBA5794,UBA5829,UBA6077,UBA6099,UBA6191,UBA7694,UBA8231,UBA8346,UBA8477,UBA8481,UBA9216,UBA994,UBA9980,UM-FILTER-46-8,UMGS1260,Vampirovibrionales,WGA-4E,WJJR01,WRBN01,WVXJ01,Xenobiales
flagella_only	294	2-12-FULL-62-27,4484-113,4572-78,AABM5-125-24,ARS1246,Acetivibrionales,Acetivibrionales_A,Acidimicrobiales,Actinomycetales,Aerophobales,Alicyclobacillales,Ammonifexales,Anaerolineales,Anaeromusales,Aneurinibacillales,Aquicultorales,Armatimonadales,Atribacterales,Auribacterales,B11-G9,B130-G9,B1SED10-174,B21-G9,B26-G9,B28-G17,B3-G13,B3-LCP,B62-G9,B68-G9,BMS3BBIN04,Bacillales,Bacillales_D,Bacillales_G,Bacillales_H,Bacillales_I,Bacillales_K,Bacteroidales,Balneolales,Baltobacterales,Borreliales,Brachyspirales,Brevibacillales,Brevinematales,Brocadiales,CADAEX01,CAIMUX01,CAIWAD01,CAIYQO01,CAIYYT01,COTS27,CR04bin15,CSP1-3,CTSoil-072,Caldalkalibacillales,Caldicellulosiruptorales,Caldicoprobacterales,Caldilineales,Calditrichales,Campylobacterales,Carboxydocellales,Carboxydothermales,Ch115,Ch29,Ch66,Chitinivibrionales,Christensenellales,Chrysiogenales,Chthonomonadales,Cloacimonadales,Clostridiales,Coprothermobacterales,DRI-13,DRLW01,DSM-16054,DSM-1736,DSM-22653,DSM-27196,DSM-6578,DTPJ01,DTU010,DTU014,DTU015,DTU022,DTU030,DTU065,DTU080,DTU084,DTU086,DTU087,DTUO25,DUEN01,DULZ01,DUMJ01,DUMP01,DUMW01,DUSP01,DY22613,Deferribacterales,Deferrisomatales,Desulfitibacterales,Desulfitobacteriales,Desulfotomaculales,Desulfurellales,Desulfuribacillales,Dethiobacterales,Duberdicusellales,Erysipelotrichales,Eubacteriales,Euzebyales,Exiguobacterales,FEN-1173,FW602-bin22,Fibrobacterales,Fimbriimonadales,Fusobacteriales,GBS-1,GCA-2687025,GN15,GWA2-58-10,GWE2-31-10,GWF2-35-9,Gaiellales,Gastranaerophilales,Gemmatimonadales,Geothermincolales,HRBIN16,HRBIN17,Halanaerobiales,Halobacteroidales,Heliobacteriales,Humimicrobiales,Hydrogenedentiales,IMCC26256,Ignavibacteriales,JAABVY01,JAAXVQ01,JAAYUW01,JAAZEB01,JAAZLZ01,JABDJQ01,JABEVK01,JABLXB01,JACIZP01,JACNKJ01,JADQBR01,JAFGXN01,JAHITG01,JAJRXV01,JAJTBE01,JAJYVM01,JAJYWN01,JAJZYS01,JC444,JdFR-76,Kapabacteriales,Koleobacterales,Krumholzibacteriales,Kryptoniales,Ktedonobacterales,Kyrpidiales,LMEP-6097,LZORAL124-64-63,Lachnospirales,Lactobacillales,Latescibacterales,Leptospirales,Limnochordales,Limnochordales_A,Limnocylindrales,Longimicrobiales,Lutisporales,MWEM01,Mahellales,Marinisomatales,Mesoaciditogales,Methylomirabilales,Miltoncostaeales,Monoglobales,Moorellales,Motilibacterales,Muirbacteriales,Mycobacteriales,Nanopelagicales,Natranaerobiales,Nautiliales,Nitriliruptorales,OLB16,OXYB2-FULL-49-7,Oscillospirales,Ozemobacterales,PGYV01,PH28-bin88,PWPR01,Paenibacillales,Peptococcales,Peptostreptococcales,Petrotogales,Propionibacteriales,Propionisporales,Proteinivoracales,QNDG01,RBG-13-44-9,RBG-16-71-46,RBS10-35,RGZZ01,RPQS01,Rhodothermales,Rokubacteriales,S143-82,S15B-MN24,SCGC-AAA003-L08,SK-Y3,SKNC01,SLMV01,SORT01,SPDA01,SURF-12,SURF-5,SZUA-6,Saccharofermentanales,Selenomonadales,Solirubrobacterales,Spirochaetales_E,Sporomusales,Sporomusales_A,Sporomusales_B,Sporomusales_C,Streptosporangiales,Sulfobacillales,Symbiobacteriales,Synergistales,Syntrophomonadales,T1Sed10-126,T3Sed10-11,TANB77,Tepidibacillales,Tepidiformales,Thermacetogeniales,Thermaerobacterales,Thermincolales,Thermoanaerobacterales,Thermodesulfobiales,Thermomicrobiales,Thermosediminibacterales,Thermosulfidibacterales,Thermotogales,Tissierellales,Treponematales,Tumebacillales,Turneriellales,UBA10030,UBA10575,UBA10806,UBA10988,UBA11236,UBA1212,UBA12178,UBA12225,UBA1381,UBA1444,UBA2214,UBA2242,UBA2968,UBA2979,UBA3575,UBA4055,UBA4068,UBA4802,UBA4971,UBA5070,UBA5301,UBA5377,UBA5500,UBA5794,UBA5829,UBA6077,UBA6099,UBA6191,UBA7694,UBA8231,UBA8346,UBA8477,UBA8481,UBA9216,UBA994,UBA9980,UM-FILTER-46-8,UMGS1260,Vampirovibrionales,WGA-4E,WJJR01,WRBN01,WVXJ01,Xenobiales
gtdb_only	322	2-12-FULL-62-27,4484-113,4572-78,AABM5-125-24,ARS1246,Acetivibrionales,Acetivibrionales_A,Acidimicrobiales,Actinomycetales,Aerophobales,Alicyclobacillales,Ammonifexales,Anaerolineales,Anaeromusales,Aneurinibacillales,Aquicultorales,Armatimonadales,Atribacterales,Auribacterales,B11-G9,B15-G4,B1SED10-174,B21-G9,B26-G9,B28-G17,B3-G13,B3-LCP,B62-G9,B68-G9,BMS3BBIN04,Bacillales,Bacillales_D,Bacillales_G,Bacillales_H,Bacillales_I,Bacillales_K,Bacteroidales,Balneolales,Baltobacterales,Borreliales,Brachyspirales,Brevibacillales,Brevinematales,Brocadiales,CADAEX01,CAIMUX01,CAIWAD01,CAIYQO01,CAIYYT01,COTS27,CR04bin15,CSP1-3,CTSoil-072,Caldalkalibacillales,Caldicellulosiruptorales,Caldicoprobacterales,Caldilineales,Calditrichales,Carboxydocellales,Carboxydothermales,Ch115,Ch29,Ch66,Chitinivibrionales,Chlamydiales,Christensenellales,Chthoniobacterales,Chthonomonadales,Cloacimonadales,Clostridiales,Coprothermobacterales,DRI-13,DRLW01,DSM-16054,DSM-1736,DSM-22653,DSM-27196,DSM-6578,DTPJ01,DTU010,DTU014,DTU015,DTU022,DTU030,DTU065,DTU080,DTU084,DTU086,DTU087,DTUO25,DUEN01,DULZ01,DUMJ01,DUMP01,DUMW01,DUSP01,DY22613,Desulfitibacterales,Desulfitobacteriales,Desulfotomaculales,Desulfuribacillales,Dethiobacterales,Duberdicusellales,Erysipelotrichales,Eubacteriales,Euzebyales,Exiguobacterales,FEN-1173,FEN-1346,FW602-bin22,Fibrobacterales,Fimbriimonadales,Flavobacteriales,Fusobacteriales,GBS-1,GCA-002687715,GCA-2687025,GN15,GWA2-58-10,GWE2-31-10,GWF2-35-9,Gaiellales,Gastranaerophilales,Gemmatales,Gemmatimonadales,Geothermincolales,HRBIN16,HRBIN17,Halanaerobiales,Halobacteroidales,Heliobacteriales,Humimicrobiales,Hydrogenedentiales,IMCC26256,Ignavibacteriales,J058,JAABVY01,JAAXVQ01,JAAYCJ01,JAAYUW01,JAAZEB01,JAAZLZ01,JABDJQ01,JABEVK01,JABLXB01,JABSQK01,JABWBI01,JACIZP01,JACNKJ01,JADQBR01,JAFGXN01,JAHITG01,JAJTBE01,JAJYVM01,JAJYWN01,JAJZYS01,JC444,JdFR-76,Kapabacteriales,Kiritimatiellales,Koleobacterales,Krumholzibacteriales,Kryptoniales,Ktedonobacterales,Kyrpidiales,LMEP-6097,LZORAL124-64-63,Lachnospirales,Lactobacillales,Latescibacterales,Lentisphaerales,Leptospirales,Limnochordales,Limnochordales_A,Limnocylindrales,Longimicrobiales,Lutisporales,MHYJ01,MVZB01,MWEM01,Mahellales,Marinisomatales,Mesoaciditogales,Methylacidiphilales,Miltoncostaeales,Monoglobales,Moorellales,Motilibacterales,Muirbacteriales,Mycobacteriales,Nanopelagicales,Natranaerobiales,Nitriliruptorales,OLB16,OXYB2-FULL-49-7,Opitutales,Oscillospirales,Ozemobacterales,PGYV01,PH28-bin88,PWPR01,Paenibacillales,Pan216,Pedosphaerales,Peptococcales,Peptostreptococcales,Petrotogales,Phycisphaerales,Pirellulales,Planctomycetales,Propionibacteriales,Propionisporales,Proteinivoracales,QNDG01,RBG-13-44-9,RBG-16-71-46,RBS10-35,RGZZ01,RPQS01,RZYC01,Rhodothermales,S143-82,S15B-MN24,SCGC-AAA003-L08,SK-Y3,SKNC01,SLMV01,SM23-32,SM23-33,SORT01,SPDA01,SURF-12,SURF-5,SZUA-567,SZUA-6,Saccharofermentanales,Sedimentisphaerales,Selenomonadales,Solirubrobacterales,Spirochaetales_E,Sporomusales,Sporomusales_A,Sporomusales_B,Sporomusales_C,Streptosporangiales,Sulfobacillales,Symbiobacteriales,Synergistales,Syntrophomonadales,T1Sed10-126,T3Sed10-11,TANB77,Tepidibacillales,Tepidiformales,Tepidisphaerales,Thermacetogeniales,Thermaerobacterales,Thermincolales,Thermoanaerobacterales,Thermodesulfobiales,Thermomicrobiales,Thermosediminibacterales,Thermotogales,Tissierellales,Treponematales,Tumebacillales,Turneriellales,UBA10030,UBA10575,UBA10806,UBA10988,UBA11236,UBA11346,UBA1135,UBA1146,UBA1212,UBA12178,UBA12225,UBA1381,UBA1444,UBA1845,UBA2214,UBA2242,UBA2386,UBA2392,UBA2968,UBA2979,UBA3575,UBA4055,UBA4068,UBA4802,UBA4971,UBA5070,UBA5301,UBA5377,UBA5500,UBA5794,UBA5829,UBA6077,UBA6099,UBA6191,UBA7694,UBA8231,UBA8346,UBA8349,UBA8416,UBA8477,UBA8481,UBA9216,UBA994,UBA9980,UM-FILTER-46-8,UMGS1260,Vampirovibrionales,Victivallales,WGA-4E,WJJR01,WQYP01,WRBN01,WSZJ01,WVXJ01,Xenobiales
flagella_only	328	2-12-FULL-62-27,4484-113,4572-78,AABM5-125-24,ARS1246,Acetivibrionales,Acetivibrionales_A,Acidimicrobiales,Actinomycetales,Aerophobales,Alicyclobacillales,Ammonifexales,Anaerolineales,Anaeromusales,Aneurinibacillales,Aquicultorales,Armatimonadales,Atribacterales,Auribacterales,B11-G9,B130-G9,B15-G4,B1SED10-174,B21-G9,B26-G9,B28-G17,B3-G13,B3-LCP,B62-G9,B68-G9,BMS3BBIN04,Bacillales,Bacillales_D,Bacillales_G,Bacillales_H,Bacillales_I,Bacillales_K,Bacteroidales,Balneolales,Baltobacterales,Borreliales,Brachyspirales,Brevibacillales,Brevinematales,Brocadiales,CADAEX01,CAIMUX01,CAIWAD01,CAIYQO01,CAIYYT01,COTS27,CR04bin15,CSP1-3,CTSoil-072,Caldalkalibacillales,Caldicellulosiruptorales,Caldicoprobacterales,Caldilineales,Calditrichales,Campylobacterales,Carboxydocellales,Carboxydothermales,Ch115,Ch29,Ch66,Chitinivibrionales,Christensenellales,Chrysiogenales,Chthoniobacterales,Chthonomonadales,Cloacimonadales,Clostridiales,Coprothermobacterales,DRI-13,DRLW01,DSM-16054,DSM-1736,DSM-22653,DSM-27196,DSM-6578,DTPJ01,DTU010,DTU014,DTU015,DTU022,DTU030,DTU065,DTU080,DTU084,DTU086,DTU087,DTUO25,DUEN01,DULZ01,DUMJ01,DUMP01,DUMW01,DUSP01,DY22613,Deferribacterales,Deferrisomatales,Desulfitibacterales,Desulfitobacteriales,Desulfotomaculales,Desulfurellales,Desulfuribacillales,Dethiobacterales,Duberdicusellales,Erysipelotrichales,Eubacteriales,Euzebyales,Exiguobacterales,FEN-1173,FEN-1346,FW602-bin22,Fibrobacterales,Fimbriimonadales,Fusobacteriales,GBS-1,GCA-002687715,GCA-2687025,GN15,GWA2-58-10,GWE2-31-10,GWF2-35-9,Gaiellales,Gastranaerophilales,Gemmatales,Gemmatimonadales,Geothermincolales,HRBIN16,HRBIN17,Halanaerobiales,Halobacteroidales,Heliobacteriales,Humimicrobiales,Hydrogenedentiales,IMCC26256,Ignavibacteriales,J058,JAABVY01,JAAXVQ01,JAAYCJ01,JAAYUW01,JAAZEB01,JAAZLZ01,JABDJQ01,JABEVK01,JABLXB01,JABSQK01,JACIZP01,JACNKJ01,JADQBR01,JAFGXN01,JAHITG01,JAJRXV01,JAJTBE01,JAJYVM01,JAJYWN01,JAJZYS01,JC444,JdFR-76,Kapabacteriales,Kiritimatiellales,Koleobacterales,Krumholzibacteriales,Kryptoniales,Ktedonobacterales,Kyrpidiales,LMEP-6097,LZORAL124-64-63,Lachnospirales,Lactobacillales,Latescibacterales,Lentisphaerales,Leptospirales,Limnochordales,Limnochordales_A,Limnocylindrales,Longimicrobiales,Lutisporales,MHYJ01,MWEM01,Mahellales,Marinisomatales,Mesoaciditogales,Methylacidiphilales,Methylomirabilales,Miltoncostaeales,Monoglobales,Moorellales,Motilibacterales,Muirbacteriales,Mycobacteriales,Nanopelagicales,Natranaerobiales,Nautiliales,Nitriliruptorales,OLB16,OXYB2-FULL-49-7,Opitutales,Oscillospirales,Ozemobacterales,PGYV01,PH28-bin88,PWPR01,Paenibacillales,Pan216,Pedosphaerales,Peptococcales,Peptostreptococcales,Petrotogales,Phycisphaerales,Pirellulales,Planctomycetales,Propionibacteriales,Propionisporales,Proteinivoracales,QNDG01,RBG-13-44-9,RBG-16-71-46,RBS10-35,RGZZ01,RPQS01,RZYC01,Rhodothermales,Rokubacteriales,S143-82,S15B-MN24,SCGC-AAA003-L08,SK-Y3,SKNC01,SLMV01,SM23-32,SM23-33,SORT01,SPDA01,SURF-12,SURF-5,SZUA-567,SZUA-6,Saccharofermentanales,Sedimentisphaerales,Selenomonadales,Solirubrobacterales,Spirochaetales_E,Sporomusales,Sporomusales_A,Sporomusales_B,Sporomusales_C,Streptosporangiales,Sulfobacillales,Symbiobacteriales,Synergistales,Syntrophomonadales,T1Sed10-126,T3Sed10-11,TANB77,Tepidibacillales,Tepidiformales,Tepidisphaerales,Thermacetogeniales,Thermaerobacterales,Thermincolales,Thermoanaerobacterales,Thermodesulfobiales,Thermomicrobiales,Thermosediminibacterales,Thermosulfidibacterales,Thermotogales,Tissierellales,Treponematales,Tumebacillales,Turneriellales,UBA10030,UBA10575,UBA10806,UBA10988,UBA11236,UBA11346,UBA1135,UBA1146,UBA1212,UBA12178,UBA12225,UBA1381,UBA1444,UBA1845,UBA2214,UBA2242,UBA2386,UBA2392,UBA2968,UBA2979,UBA3575,UBA4055,UBA4068,UBA4802,UBA4971,UBA5070,UBA5301,UBA5377,UBA5500,UBA5794,UBA5829,UBA6077,UBA6099,UBA6191,UBA7694,UBA8231,UBA8346,UBA8416,UBA8477,UBA8481,UBA9216,UBA994,UBA9980,UM-FILTER-46-8,UMGS1260,Vampirovibrionales,Victivallales,WGA-4E,WJJR01,WQYP01,WRBN01,WSZJ01,WVXJ01,Xenobiales
gtdb_only	337	2-12-FULL-62-27,20CM-2-55-15,4484-113,4572-78,AABM5-125-24,ARS1246,Acanthopleuribacterales,Acetivibrionales,Acetivibrionales_A,Acidimicrobiales,Acidoferrales,Actinomycetales,Aerophobales,Alicyclobacillales,Ammonifexales,Anaerolineales,Anaeromusales,Aneurinibacillales,Aquicultorales,Armatimonadales,Atribacterales,Auribacterales,B11-G9,B130-G9,B15-G4,B1SED10-174,B21-G9,B26-G9,B28-G17,B3-G13,B3-LCP,B62-G9,B68-G9,BMS3BBIN04,Bacillales,Bacillales_D,Bacillales_G,Bacillales_H,Bacillales_I,Bacillales_K,Bacteroidales,Balneolales,Baltobacterales,Borreliales,Brachyspirales,Brevibacillales,Brevinematales,Brocadiales,Bryobacterales,CADAEX01,CAIMUX01,CAIWAD01,CAIWXX01,CAIYQO01,CAIYYT01,COTS27,CR04bin15,CSP1-3,CTSoil-072,Caldalkalibacillales,Caldicellulosiruptorales,Caldicoprobacterales,Caldilineales,Calditrichales,Carboxydocellales,Carboxydothermales,Ch115,Ch29,Ch66,Chitinivibrionales,Chlamydiales,Christensenellales,Chthoniobacterales,Chthonomonadales,Cloacimonadales,Clostridiales,Coprothermobacterales,DRI-13,DRLW01,DSM-16054,DSM-1736,DSM-22653,DSM-27196,DSM-6578,DTPJ01,DTU010,DTU014,DTU015,DTU022,DTU030,DTU065,DTU080,DTU084,DTU086,DTU087,DTUO25,DUEN01,DULZ01,DUMJ01,DUMP01,DUMW01,DUSP01,DY22613,Desulfitibacterales,Desulfitobacteriales,Desulfotomaculales,Desulfuribacillales,Dethiobacterales,Duberdicusellales,Erysipelotrichales,Eubacteriales,Euzebyales,Exiguobacterales,FEN-1173,FEN-1346,FW602-bin22,Fibrobacterales,Fimbriimonadales,Flavobacteriales,Fusobacteriales,GBS-1,GCA-002687715,GCA-2687025,GN15,GWA2-58-10,GWE2-31-10,GWF2-35-9,Gaiellales,Gastranaerophilales,Gemmatales,Gemmatimonadales,Geothermincolales,HRBIN16,HRBIN17,Halanaerobiales,Halobacteroidales,Heliobacteriales,Holophagales,Humimicrobiales,Hydrogenedentiales,IMCC26256,Ignavibacteriales,J045,J058,JAABVY01,JAAXVQ01,JAAYCJ01,JAAYUW01,JAAZEB01,JAAZLZ01,JABDJQ01,JABEVK01,JABLXB01,JABSQK01,JABWBI01,JACIZP01,JACNKJ01,JADQBR01,JAFGXN01,JAHITG01,JAJTBE01,JAJYVM01,JAJYWN01,JAJZYS01,JC444,JdFR-76,Kapabacteriales,Kiritimatiellales,Koleobacterales,Krumholzibacteriales,Kryptoniales,Ktedonobacterales,Kyrpidiales,LMEP-6097,LZORAL124-64-63,Lachnospirales,Lactobacillales,Latescibacterales,Lentisphaerales,Leptospirales,Limnochordales,Limnochordales_A,Limnocylindrales,Longimicrobiales,Lutisporales,MHYJ01,MVZB01,MWEM01,Mahellales,Marinisomatales,Mesoaciditogales,Methylacidiphilales,Miltoncostaeales,Monoglobales,Moorellales,Motilibacterales,Muirbacteriales,Mycobacteriales,Nanopelagicales,Natranaerobiales,Nitriliruptorales,OLB16,OXYB2-FULL-49-7,Opitutales,Oscillospirales,Ozemobacterales,PGYV01,PH28-bin88,PWPR01,Paenibacillales,Pan216,Pedosphaerales,Peptococcales,Peptostreptococcales,Petrotogales,Phycisphaerales,Pirellulales,Planctomycetales,Polarisedimenticolales,Propionibacteriales,Propionisporales,Proteinivoracales,Pyrinomonadales,QNDG01,RBC074,RBG-13-44-9,RBG-16-71-46,RBS10-35,RGZZ01,RPQS01,RZYC01,Rhodothermales,S143-82,S15B-MN24,SCGC-AAA003-L08,SK-Y3,SKNC01,SLMV01,SM23-32,SM23-33,SORT01,SPDA01,SURF-12,SURF-5,SZUA-567,SZUA-6,Saccharofermentanales,Sedimentisphaerales,Selenomonadales,Solirubrobacterales,Spirochaetales_E,Sporomusales,Sporomusales_A,Sporomusales_B,Sporomusales_C,Streptosporangiales,Sulfobacillales,Symbiobacteriales,Synergistales,Syntrophomonadales,T1Sed10-126,T3Sed10-11,TANB77,Tepidibacillales,Tepidiformales,Tepidisphaerales,Terriglobales,Thermacetogeniales,Thermaerobacterales,Thermincolales,Thermoanaerobacterales,Thermodesulfobiales,Thermomicrobiales,Thermosediminibacterales,Thermotogales,Tissierellales,Treponematales,Tumebacillales,Turneriellales,UBA10030,UBA10575,UBA10806,UBA10988,UBA11236,UBA11346,UBA1135,UBA1146,UBA1212,UBA12178,UBA12225,UBA1381,UBA1444,UBA1845,UBA2214,UBA2242,UBA2386,UBA2392,UBA2968,UBA2979,UBA3575,UBA4055,UBA4068,UBA4802,UBA4971,UBA5070,UBA5301,UBA5377,UBA5500,UBA5794,UBA5829,UBA6077,UBA6099,UBA6191,UBA6911,UBA7540,UBA7694,UBA8231,UBA8346,UBA8349,UBA8416,UBA8477,UBA8481,UBA9216,UBA994,UBA9980,UM-FILTER-46-8,UMGS1260,Vampirovibrionales,Vicinamibacterales,Victivallales,WGA-4E,WJJR01,WQYP01,WRBN01,WSZJ01,WVXJ01,Xenobiales
flagella_only	402	2-12-FULL-62-27,4484-113,4572-78,AABM5-125-24,ARS1246,Acetivibrionales,Acetivibrionales_A,Acidimicrobiales,Acidulodesulfobacterales,Actinomycetales,Adiutricales,Aerophobales,Alicyclobacillales,Ammonifexales,Anaeroferrophillales,Anaerolineales,Anaeromusales,Aneurinibacillales,Aquicultorales,Aquificales,Armatimonadales,Atribacterales,Auribacterales,B11-G9,B130-G9,B15-G4,B1SED10-174,B21-G9,B26-G9,B28-G17,B3-G13,B3-LCP,B62-G9,B68-G9,BMS3BBIN04,BSN033,Bacillales,Bacillales_D,Bacillales_G,Bacillales_H,Bacillales_I,Bacillales_K,Bacteriovoracales,Bacteroidales,Balneolales,Baltobacterales,Bdellovibrionales,Borreliales,Brachyspirales,Brevibacillales,Brevinematales,Brocadiales,C00003060,CADAEX01,CAIMUX01,CAIPTA01,CAIWAD01,CAIYQO01,CAIYYT01,CG2-30-53-67,COTS27,CR04bin15,CSP1-3,CTSoil-072,Caldalkalibacillales,Caldicellulosiruptorales,Caldicoprobacterales,Caldilineales,Calditrichales,Calescibacteriales,Campylobacterales,Carboxydocellales,Carboxydothermales,Ch115,Ch29,Ch66,Chitinivibrionales,Christensenellales,Chrysiogenales,Chthoniobacterales,Chthonomonadales,Cloacimonadales,Clostridiales,Coprothermobacterales,DP-6,DRI-13,DRLW01,DSM-16054,DSM-1736,DSM-22653,DSM-27196,DSM-6578,DTPJ01,DTU010,DTU014,DTU015,DTU022,DTU030,DTU065,DTU080,DTU084,DTU086,DTU087,DTUO25,DUEN01,DULZ01,DUMJ01,DUMP01,DUMW01,DUSP01,DY22613,Deferribacterales,Deferrimicrobiales,Deferrisomatales,Desulfarculales,Desulfatiglandales,Desulfitibacterales,Desulfitobacteriales,Desulfobaccales,Desulfobacterales,Desulfobulbales,Desulfofervidales,Desulfotomaculales,Desulfovibrionales,Desulfurellales,Desulfuribacillales,Desulfurobacteriales,Desulfuromonadales,Dethiobacterales,Dissulfuribacterales,Duberdicusellales,Erysipelotrichales,Eubacteriales,Euzebyales,Exiguobacterales,FEN-1099,FEN-1173,FEN-1346,FW602-bin22,Fibrobacterales,Fimbriimonadales,Fusobacteriales,GBS-1,GCA-002687715,GCA-2687025,GN15,GWA2-38-11,GWA2-58-10,GWC2-55-46,GWE2-31-10,GWF2-35-9,Gaiellales,Gastranaerophilales,Gemmatales,Gemmatimonadales,Geobacterales,Geothermincolales,HDB-SIOI813,HRBIN16,HRBIN17,Halanaerobiales,Halobacteroidales,Heliobacteriales,Humimicrobiales,Hydrogenedentiales,Hydrogenothermales,IMCC26256,Ignavibacteriales,J058,JAABVY01,JAAXVQ01,JAAYCJ01,JAAYUW01,JAAZEB01,JAAZLZ01,JABDDW01,JABDJQ01,JABEVK01,JABLXB01,JABSQK01,JABWBI01,JACIZP01,JACKCT01,JACNKJ01,JACPQY01,JACQBW01,JACRGQ01,JADFXK01,JADQBR01,JAFGXN01,JAGOGO01,JAHITG01,JAJRXV01,JAJTBE01,JAJYVM01,JAJYWN01,JAJZYS01,JC444,JdFR-76,Kapabacteriales,Kiritimatiellales,Koleobacterales,Krumholzibacteriales,Kryptoniales,Ktedonobacterales,Kyrpidiales,LMEP-6097,LZORAL124-64-63,Lachnospirales,Lactobacillales,Latescibacterales,Lentisphaerales,Leptospirales,Leptospirillales,Limnochordales,Limnochordales_A,Limnocylindrales,Longimicrobiales,Lutisporales,MHYJ01,MVZB01,MWEM01,Magnetococcales,Mahellales,Marinisomatales,Mesoaciditogales,Methylacidiphilales,Methylomirabilales,Miltoncostaeales,Monoglobales,Moorellales,Motilibacterales,Muirbacteriales,Mycobacteriales,Nanopelagicales,Natranaerobiales,Nautiliales,Nitriliruptorales,Nitrospinales,Nitrospirales,OLB16,OXYB2-FULL-49-7,Oligoflexales,Opitutales,Oscillospirales,Ozemobacterales,PGYV01,PH28-bin88,PWPR01,Paenibacillales,Pan216,Pedosphaerales,Peptococcales,Peptostreptococcales,Petrotogales,Phycisphaerales,Pirellulales,Planctomycetales,Propionibacteriales,Propionisporales,Proteinivoracales,QNDG01,QYQD01,RBG-13-43-22,RBG-13-44-9,RBG-16-64-22,RBG-16-71-46,RBS10-35,RGZZ01,RPQS01,RZYC01,Rhodothermales,Rokubacteriales,S143-82,S145-22,S15B-MN24,SAR324,SBBL01,SCGC-AAA003-L08,SK-Y3,SKNC01,SLMV01,SM23-32,SM23-33,SM23-61,SORT01,SPDA01,SURF-12,SURF-5,SZUA-149,SZUA-567,SZUA-6,Saccharofermentanales,Sedimentisphaerales,Selenomonadales,Silvanigrellales,Solirubrobacterales,Spirochaetales_E,Sporomusales,Sporomusales_A,Sporomusales_B,Sporomusales_C,Streptosporangiales,Sulfobacillales,Symbiobacteriales,Synergistales,Syntrophales,Syntrophobacterales,Syntrophomonadales,Syntrophorhabdales,T1Sed10-126,T3Sed10-11,TANB77,Tepidibacillales,Tepidiformales,Tepidisphaerales,Thermacetogeniales,Thermaerobacterales,Thermincolales,Thermoanaerobacterales,Thermodesulfobacteriales,Thermodesulfobiales,Thermodesulfovibrionales,Thermomicrobiales,Thermosediminibacterales,Thermosulfidibacterales,Thermotogales,Tissierellales,Treponematales,Tumebacillales,Turneriellales,UBA10030,UBA1018,UBA10575,UBA1062,UBA10806,UBA10988,UBA11236,UBA11346,UBA1135,UBA1146,UBA12015,UBA1212,UBA12178,UBA12225,UBA1381,UBA1444,UBA1845,UBA2214,UBA2242,UBA2361,UBA2386,UBA2392,UBA2394,UBA2428,UBA2466,UBA2968,UBA2979,UBA3575,UBA4055,UBA4068,UBA4802,UBA4971,UBA5070,UBA5301,UBA5377,UBA5500,UBA5794,UBA5829,UBA6077,UBA6099,UBA6191,UBA6902,UBA7694,UBA7883,UBA8231,UBA8248,UBA8346,UBA8349,UBA8416,UBA8473,UBA8477,UBA8481,UBA9216,UBA9637,UBA994,UBA9942,UBA9968,UBA9980,UM-FILTER-46-8,UMGS1260,UTPRO1,Vampirovibrionales,Victivallales,WGA-4E,WJJR01,WQYP01,WRBN01,WSZJ01,WVXJ01,XYD2-FULL-50-16,Xenobiales
gtdb_only	470	2-12-FULL-62-27,20CM-2-55-15,21-64-14,4484-113,4572-78,AABM5-125-24,AKS1,ARS1246,ATCC43930,Acanthopleuribacterales,Acetivibrionales,Acetivibrionales_A,Acetobacterales,Acidiferrobacterales,Acidimicrobiales,Acidithiobacillales,Acidoferrales,Acidulodesulfobacterales,Actinomycetales,Aerophobales,Alicyclobacillales,Ammonifexales,Anaerolineales,Anaeromusales,Aneurinibacillales,Aquicultorales,Aquificales,Arenicellales,Armatimonadales,Atribacterales,Auribacterales,Azospirillales,B11-G9,B130-G9,B15-G4,B1SED10-174,B21-G9,B26-G9,B28-G17,B3-G13,B3-LCP,B62-G9,B68-G9,BMS3BBIN04,BW-2,Bacillales,Bacillales_D,Bacillales_G,Bacillales_H,Bacillales_I,Bacillales_K,Bacteroidales,Balneolales,Baltobacterales,Berkiellales,Borreliales,Brachyspirales,Brevibacillales,Brevinematales,Brocadiales,Bryobacterales,Burkholderiales,CACIAM-22H2,CADAEX01,CAIMUX01,CAIRSR01,CAIWAD01,CAIWXX01,CAIYQO01,CAIYYT01,CALZJG01,COTS27,CR04bin15,CSP1-3,CTSoil-072,Caedimonadales,Caldalkalibacillales,Caldicellulosiruptorales,Caldicoprobacterales,Caldilineales,Calditrichales,Calescibacteriales,Campylobacterales,Carboxydocellales,Carboxydothermales,Caulobacterales,Ch115,Ch29,Ch66,Chitinivibrionales,Chlamydiales,Christensenellales,Chromatiales,Chrysiogenales,Chthoniobacterales,Chthonomonadales,Cloacimonadales,Clostridiales,Competibacterales,Coprothermobacterales,DRI-13,DRLW01,DRMK01,DSM-16000,DSM-16054,DSM-16500,DSM-1736,DSM-19610,DSM-22653,DSM-27196,DSM-6578,DTPJ01,DTU010,DTU014,DTU015,DTU022,DTU030,DTU065,DTU080,DTU084,DTU086,DTU087,DTUO25,DUEN01,DULZ01,DUMJ01,DUMP01,DUMW01,DUSP01,DY22613,Deferribacterales,Desulfitibacterales,Desulfitobacteriales,Desulfotomaculales,Desulfurellales,Desulfuribacillales,Desulfurobacteriales,Dethiobacterales,Dongiales,Duberdicusellales,Ectothiorhodospirales,Ectothiorhodospirales_A,Elsterales,Enterobacterales,Enterobacterales_A,Erysipelotrichales,Eubacteriales,Euzebyales,Exiguobacterales,FEN-1173,FEN-1346,FW602-bin22,Ferrovibrionales,Fibrobacterales,Fimbriimonadales,Flavobacteriales,Fusobacteriales,GBS-1,GCA-001735895,GCA-002687715,GCA-2400775,GCA-2687025,GCA-2729495,GCA-2731375,GCA-2746255,GCF-002020875,GN15,GRL18,GWA2-58-10,GWE2-31-10,GWF2-35-9,Ga0077536,Ga0077554,Gaiellales,Gastranaerophilales,Geminicoccales,Gemmatales,Gemmatimonadales,Geothermincolales,Granulosicoccales,HK1,HRBIN16,HRBIN17,Halanaerobiales,Halobacteroidales,Halothiobacillales,Heliobacteriales,Holophagales,Humimicrobiales,Hydrogenedentiales,Hydrogenothermales,IMCC26256,Ignavibacteriales,Immundisolibacterales,J044,J045,J058,JAABTG01,JAABVY01,JAADGQ01,JAADHS01,JAAXVQ01,JAAYCJ01,JAAYUW01,JAAZEB01,JAAZLZ01,JABDJQ01,JABDKV01,JABEVK01,JABHGC01,JABLXB01,JABSOH01,JABSQK01,JABWBI01,JACIZP01,JACNKJ01,JADJWH01,JADQBR01,JAEULC01,JAFGXN01,JAFLJP01,JAHITG01,JAHJQQ01,JAJPIJ01,JAJTBE01,JAJYVM01,JAJYWN01,JAJZYS01,JC444,JdFR-76,Kapabacteriales,Kiloniellales,Kiritimatiellales,Koleobacterales,Krumholzibacteriales,Kryptoniales,Ktedonobacterales,Kyrpidiales,LMEP-6097,LZORAL124-64-63,Lachnospirales,Lactobacillales,Latescibacterales,Legionellales,Lentisphaerales,Leptospirales,Leptospirillales,Limnochordales,Limnochordales_A,Limnocylindrales,Longimicrobiales,Lutisporales,MHYJ01,MPNO01,MVZB01,MWEM01,Magnetococcales,Mahellales,Marinisomatales,Mariprofundales,Mesoaciditogales,Methylacidiphilales,Methylococcales,Micavibrionales,Micropepsales,Miltoncostaeales,Minwuiales,Monoglobales,Moorellales,Motilibacterales,Muirbacteriales,Mycobacteriales,Nanopelagicales,Natranaerobiales,Nautiliales,Nevskiales,Nitriliruptorales,Nitrococcales,Nitrosococcales,OLB16,OXYB2-FULL-49-7,Oceanibaculales,Opitutales,Oscillospirales,Ozemobacterales,PGYV01,PH28-bin88,PWPR01,PWYM01,Paenibacillales,Pan216,Paracaedibacterales,Parvibaculales,Pedosphaerales,Peptococcales,Peptostreptococcales,Petrotogales,Phycisphaerales,Pirellulales,Piscirickettsiales,Planctomycetales,Polarisedimenticolales,Propionibacteriales,Propionisporales,Proteinivoracales,Pseudomonadales,Puniceispirillales,Pyrinomonadales,QNDG01,QZLD01,RBC074,RBG-13-44-9,RBG-16-71-46,RBS10-35,RF32,RGZZ01,RPQS01,RZYC01,Rhizobiales,Rhodobacterales,Rhodospirillales,Rhodospirillales_A,Rhodothermales,Rickettsiales,S012-40,S143-82,S15B-MN24,SCGC-AAA003-L08,SG8-11,SHVZ01,SK-Y3,SKNC01,SLMV01,SLND01,SM23-32,SM23-33,SMXQ01,SORT01,SPDA01,SURF-12,SURF-5,SZUA-140,SZUA-152,SZUA-21,SZUA-229,SZUA-567,SZUA-6,SZUA-76,Saccharofermentanales,Sedimentisphaerales,Selenomonadales,Sneathiellales,Solirubrobacterales,Sphingomonadales,Spirochaetales_E,Sporomusales,Sporomusales_A,Sporomusales_B,Sporomusales_C,Steroidobacterales,Streptosporangiales,Sulfobacillales,Symbiobacteriales,Synergistales,Syntrophomonadales,Syntrophorhabdales,T1Sed10-126,T3Sed10-11,TANB77,TMED127,TMED2,Tenderiales,Tepidibacillales,Tepidiformales,Tepidisphaerales,Terriglobales,Thalassobaculales,Thermacetogeniales,Thermaerobacterales,Thermincolales,Thermoanaerobacterales,Thermodesulfobiales,Thermomicrobiales,Thermosediminibacterales,Thermosulfidibacterales,Thermotogales,Thiohalobacterales,Thiohalomonadales,Thiomicrospirales,Tissierellales,Tistrellales,Treponematales,Tumebacillales,Turneriellales,UBA10030,UBA10575,UBA10806,UBA10988,UBA1113,UBA11236,UBA11346,UBA1135,UBA1146,UBA1212,UBA12178,UBA12225,UBA1280,UBA1381,UBA1444,UBA1845,UBA2214,UBA2242,UBA2386,UBA2392,UBA2966,UBA2968,UBA2979,UBA3575,UBA4055,UBA4068,UBA4486,UBA4575,UBA4802,UBA4971,UBA5070,UBA5301,UBA5335,UBA5377,UBA5500,UBA5794,UBA5829,UBA5861,UBA6077,UBA6099,UBA6191,UBA6429,UBA6522,UBA6615,UBA6911,UBA7540,UBA7694,UBA8231,UBA8346,UBA8349,UBA8366,UBA8416,UBA8477,UBA8481,UBA9216,UBA9219,UBA994,UBA9980,UM-FILTER-46-8,UMGS1260,UWMA-0217,VBWC01,Vampirovibrionales,Vicinamibacterales,Victivallales,WGA-4E,WJJR01,WQYP01,WRBN01,WSZJ01,WVXJ01,Woeseiales,XN24,Xanthomonadales,Xenobiales,Zavarziniales
gtdb_only	484	2-12-FULL-62-27,20CM-2-55-15,21-64-14,4484-113,4572-78,AABM5-125-24,AKS1,ARS1246,ATCC43930,Acanthopleuribacterales,Acetivibrionales,Acetivibrionales_A,Acetobacterales,Acidiferrobacterales,Acidimicrobiales,Acidithiobacillales,Acidoferrales,Acidulodesulfobacterales,Actinomycetales,Aerophobales,Alicyclobacillales,Ammonifexales,Anaerolineales,Anaeromusales,Aneurinibacillales,Aquicultorales,Aquificales,Arenicellales,Armatimonadales,Atribacterales,Auribacterales,Azospirillales,B11-G9,B130-G9,B15-G4,B1SED10-174,B21-G9,B26-G9,B28-G17,B3-G13,B3-LCP,B62-G9,B68-G9,BMS3BBIN04,BW-2,Bacillales,Bacillales_D,Bacillales_G,Bacillales_H,Bacillales_I,Bacillales_K,Bacteriovoracales,Bacteroidales,Balneolales,Baltobacterales,Bdellovibrionales,Berkiellales,Borreliales,Brachyspirales,Brevibacillales,Brevinematales,Brocadiales,Bryobacterales,Burkholderiales,CACIAM-22H2,CADAEX01,CAIMUX01,CAIPTA01,CAIRSR01,CAIWAD01,CAIWXX01,CAIYQO01,CAIYYT01,CALZJG01,COTS27,CR04bin15,CSP1-3,CTSoil-072,Caedimonadales,Caldalkalibacillales,Caldicellulosiruptorales,Caldicoprobacterales,Caldilineales,Calditrichales,Calescibacteriales,Campylobacterales,Carboxydocellales,Carboxydothermales,Caulobacterales,Ch115,Ch29,Ch66,Chitinivibrionales,Chlamydiales,Christensenellales,Chromatiales,Chrysiogenales,Chthoniobacterales,Chthonomonadales,Cloacimonadales,Clostridiales,Competibacterales,Coprothermobacterales,DRI-13,DRLW01,DRMK01,DSM-16000,DSM-16054,DSM-16500,DSM-1736,DSM-19610,DSM-22653,DSM-27196,DSM-6578,DTPJ01,DTU010,DTU014,DTU015,DTU022,DTU030,DTU065,DTU080,DTU084,DTU086,DTU087,DTUO25,DUEN01,DULZ01,DUMJ01,DUMP01,DUMW01,DUSP01,DY22613,Deferribacterales,Desulfitibacterales,Desulfitobacteriales,Desulfotomaculales,Desulfurellales,Desulfuribacillales,Desulfurobacteriales,Dethiobacterales,Dongiales,Duberdicusellales,Ectothiorhodospirales,Ectothiorhodospirales_A,Elsterales,Enterobacterales,Enterobacterales_A,Erysipelotrichales,Eubacteriales,Euzebyales,Exiguobacterales,FEN-1173,FEN-1346,FW602-bin22,Ferrovibrionales,Fibrobacterales,Fimbriimonadales,Flavobacteriales,Fusobacteriales,GBS-1,GCA-001735895,GCA-002687715,GCA-2400775,GCA-2687025,GCA-2729495,GCA-2731375,GCA-2746255,GCF-002020875,GN15,GRL18,GWA2-58-10,GWE2-31-10,GWF2-35-9,Ga0077536,Ga0077554,Gaiellales,Gastranaerophilales,Geminicoccales,Gemmatales,Gemmatimonadales,Geothermincolales,Granulosicoccales,HK1,HRBIN16,HRBIN17,Halanaerobiales,Halobacteroidales,Halothiobacillales,Heliobacteriales,Holophagales,Humimicrobiales,Hydrogenedentiales,Hydrogenothermales,IMCC26256,Ignavibacteriales,Immundisolibacterales,J044,J045,J058,JAABTG01,JAABVY01,JAADGQ01,JAADHS01,JAAXVQ01,JAAYCJ01,JAAYUW01,JAAZEB01,JAAZLZ01,JABDDW01,JABDJQ01,JABDKV01,JABEVK01,JABHGC01,JABLXB01,JABSOH01,JABSQK01,JABWBI01,JACIZP01,JACNKJ01,JADJWH01,JADQBR01,JAEULC01,JAFGXN01,JAFLJP01,JAHITG01,JAHJQQ01,JAJPIJ01,JAJTBE01,JAJYVM01,JAJYWN01,JAJZYS01,JC444,JdFR-76,Kapabacteriales,Kiloniellales,Kiritimatiellales,Koleobacterales,Krumholzibacteriales,Kryptoniales,Ktedonobacterales,Kyrpidiales,LMEP-6097,LZORAL124-64-63,Lachnospirales,Lactobacillales,Latescibacterales,Legionellales,Lentisphaerales,Leptospirales,Leptospirillales,Limnochordales,Limnochordales_A,Limnocylindrales,Longimicrobiales,Lutisporales,MHYJ01,MPNO01,MVZB01,MWEM01,Magnetococcales,Mahellales,Marinisomatales,Mariprofundales,Mesoaciditogales,Methylacidiphilales,Methylococcales,Micavibrionales,Micropepsales,Miltoncostaeales,Minwuiales,Monoglobales,Moorellales,Motilibacterales,Muirbacteriales,Mycobacteriales,Nanopelagicales,Natranaerobiales,Nautiliales,Nevskiales,Nitriliruptorales,Nitrococcales,Nitrosococcales,OLB16,OXYB2-FULL-49-7,Oceanibaculales,Oligoflexales,Opitutales,Oscillospirales,Ozemobacterales,PGYV01,PH28-bin88,PWPR01,PWYM01,Paenibacillales,Pan216,Paracaedibacterales,Parvibaculales,Pedosphaerales,Peptococcales,Peptostreptococcales,Petrotogales,Phycisphaerales,Pirellulales,Piscirickettsiales,Planctomycetales,Polarisedimenticolales,Propionibacteriales,Propionisporales,Proteinivoracales,Pseudomonadales,Puniceispirillales,Pyrinomonadales,QNDG01,QZLD01,RBC074,RBG-13-44-9,RBG-16-71-46,RBS10-35,RF32,RGZZ01,RPQS01,RZYC01,Rhizobiales,Rhodobacterales,Rhodospirillales,Rhodospirillales_A,Rhodothermales,Rickettsiales,S012-40,S143-82,S15B-MN24,SAR324,SCGC-AAA003-L08,SG8-11,SHVZ01,SK-Y3,SKNC01,SLMV01,SLND01,SM23-32,SM23-33,SMXQ01,SORT01,SPDA01,SURF-12,SURF-5,SZUA-140,SZUA-149,SZUA-152,SZUA-21,SZUA-229,SZUA-567,SZUA-6,SZUA-76,Saccharofermentanales,Sedimentisphaerales,Selenomonadales,Silvanigrellales,Sneathiellales,Solirubrobacterales,Sphingomonadales,Spirochaetales_E,Sporomusales,Sporomusales_A,Sporomusales_B,Sporomusales_C,Steroidobacterales,Streptosporangiales,Sulfobacillales,Symbiobacteriales,Synergistales,Syntrophomonadales,Syntrophorhabdales,T1Sed10-126,T3Sed10-11,TANB77,TMED127,TMED2,Tenderiales,Tepidibacillales,Tepidiformales,Tepidisphaerales,Terriglobales,Thalassobaculales,Thermacetogeniales,Thermaerobacterales,Thermincolales,Thermoanaerobacterales,Thermodesulfobiales,Thermomicrobiales,Thermosediminibacterales,Thermosulfidibacterales,Thermotogales,Thiohalobacterales,Thiohalomonadales,Thiomicrospirales,Tissierellales,Tistrellales,Treponematales,Tumebacillales,Turneriellales,UBA10030,UBA1018,UBA10575,UBA10806,UBA10988,UBA1113,UBA11236,UBA11346,UBA1135,UBA1146,UBA1212,UBA12178,UBA12225,UBA1280,UBA1381,UBA1444,UBA1845,UBA2214,UBA2242,UBA2361,UBA2386,UBA2392,UBA2394,UBA2428,UBA2466,UBA2966,UBA2968,UBA2979,UBA3575,UBA4055,UBA4068,UBA4486,UBA4575,UBA4802,UBA4971,UBA5070,UBA5301,UBA5335,UBA5377,UBA5500,UBA5794,UBA5829,UBA5861,UBA6077,UBA6099,UBA6191,UBA6429,UBA6522,UBA6615,UBA6911,UBA7540,UBA7694,UBA8231,UBA8346,UBA8349,UBA8366,UBA8416,UBA8477,UBA8481,UBA9216,UBA9219,UBA994,UBA9980,UM-FILTER-46-8,UMGS1260,UWMA-0217,VBWC01,Vampirovibrionales,Vicinamibacterales,Victivallales,WGA-4E,WJJR01,WQYP01,WRBN01,WSZJ01,WVXJ01,Woeseiales,XN24,XYD2-FULL-50-16,Xanthomonadales,Xenobiales,Zavarziniales
gtdb_only	512	2-12-FULL-62-27,20CM-2-55-15,21-64-14,4484-113,4572-78,AABM5-125-24,AKS1,ARS1246,ATCC43930,Acanthopleuribacterales,Acetivibrionales,Acetivibrionales_A,Acetobacterales,Acidiferrobacterales,Acidimicrobiales,Acidithiobacillales,Acidoferrales,Acidulodesulfobacterales,Actinomycetales,Aerophobales,Alicyclobacillales,Ammonifexales,Anaerolineales,Anaeromusales,Aneurinibacillales,Aquicultorales,Aquificales,Arenicellales,Armatimonadales,Atribacterales,Auribacterales,Azospirillales,B11-G9,B130-G9,B15-G4,B1SED10-174,B21-G9,B26-G9,B28-G17,B3-G13,B3-LCP,B62-G9,B64-G9,B68-G9,BMS3BBIN04,BW-2,Bacillales,Bacillales_D,Bacillales_G,Bacillales_H,Bacillales_I,Bacillales_K,Bacteriovoracales,Bacteroidales,Balneolales,Baltobacterales,Bdellovibrionales,Berkiellales,Borreliales,Brachyspirales,Bradymonadales,Brevibacillales,Brevinematales,Brocadiales,Bryobacterales,Burkholderiales,CACIAM-22H2,CADAEX01,CAIMUX01,CAIPTA01,CAIRSR01,CAIWAD01,CAIWXX01,CAIYQO01,CAIYYT01,CALZJG01,COTS27,CR04bin15,CSP1-3,CTSoil-072,Caedimonadales,Caldalkalibacillales,Caldicellulosiruptorales,Caldicoprobacterales,Caldilineales,Calditrichales,Calescibacteriales,Campylobacterales,Carboxydocellales,Carboxydothermales,Caulobacterales,Ch115,Ch29,Ch66,Chitinivibrionales,Chlamydiales,Christensenellales,Chromatiales,Chrysiogenales,Chthoniobacterales,Chthonomonadales,Cloacimonadales,Clostridiales,Competibacterales,Coprothermobacterales,DP-6,DRI-13,DRLW01,DRMK01,DSM-16000,DSM-16054,DSM-16500,DSM-1736,DSM-19610,DSM-22653,DSM-27196,DSM-6578,DTPJ01,DTU010,DTU014,DTU015,DTU022,DTU030,DTU065,DTU080,DTU084,DTU086,DTU087,DTUO25,DUEN01,DULZ01,DUMJ01,DUMP01,DUMW01,DUSP01,DY22613,Deferribacterales,Desulfitibacterales,Desulfitobacteriales,Desulfotomaculales,Desulfurellales,Desulfuribacillales,Desulfurobacteriales,Dethiobacterales,Dongiales,Duberdicusellales,Ectothiorhodospirales,Ectothiorhodospirales_A,Elsterales,Enterobacterales,Enterobacterales_A,Erysipelotrichales,Eubacteriales,Euzebyales,Exiguobacterales,FEN-1099,FEN-1173,FEN-1346,FW602-bin22,Fen-1088,Ferrovibrionales,Fibrobacterales,Fimbriimonadales,Flavobacteriales,Fusobacteriales,GBS-1,GCA-001735895,GCA-002687715,GCA-2400775,GCA-2687025,GCA-2729495,GCA-2731375,GCA-2746255,GCA-2747355,GCA-2863065,GCF-002020875,GN15,GRL18,GWA2-58-10,GWE2-31-10,GWF2-35-9,Ga0077536,Ga0077554,Gaiellales,Gastranaerophilales,Geminicoccales,Gemmatales,Gemmatimonadales,Geothermincolales,Granulosicoccales,HGW-17,HK1,HRBIN16,HRBIN17,Halanaerobiales,Haliangiales,Halobacteroidales,Halothiobacillales,Heliobacteriales,Holophagales,Humimicrobiales,Hydrogenedentiales,Hydrogenothermales,IMCC26256,Ignavibacteriales,Immundisolibacterales,J044,J045,J058,JAABTG01,JAABVY01,JAADGQ01,JAADHS01,JAAXVQ01,JAAYCJ01,JAAYKL01,JAAYUW01,JAAZEB01,JAAZLZ01,JABDDW01,JABDJQ01,JABDKV01,JABEVK01,JABHGC01,JABLXB01,JABSOH01,JABSQK01,JABWBI01,JACIZP01,JACKCT01,JACNKJ01,JADJWH01,JADQBR01,JAEULC01,JAFGXN01,JAFLJP01,JAHITG01,JAHJQQ01,JAJPIJ01,JAJTBE01,JAJYVM01,JAJYWN01,JAJZYS01,JC444,JdFR-76,Kapabacteriales,Kiloniellales,Kiritimatiellales,Koleobacterales,Krumholzibacteriales,Kryptoniales,Ktedonobacterales,Kyrpidiales,LMEP-6097,LZORAL124-64-63,Lachnospirales,Lactobacillales,Latescibacterales,Legionellales,Lentisphaerales,Leptospirales,Leptospirillales,Limnochordales,Limnochordales_A,Limnocylindrales,Longimicrobiales,Lutisporales,MHYJ01,MPNO01,MVZB01,MWEM01,Magnetococcales,Mahellales,Marinisomatales,Mariprofundales,Mesoaciditogales,Methylacidiphilales,Methylococcales,Micavibrionales,Micropepsales,Miltoncostaeales,Minwuiales,Monoglobales,Moorellales,Motilibacterales,Muirbacteriales,Mycobacteriales,Myxococcales,Nannocystales,Nanopelagicales,Natranaerobiales,Nautiliales,Nevskiales,Nitriliruptorales,Nitrococcales,Nitrosococcales,OLB16,OXYB2-FULL-49-7,Oceanibaculales,Oligoflexales,Opitutales,Oscillospirales,Ozemobacterales,PGYV01,PH28-bin88,PHBI01,PWPR01,PWYM01,Paenibacillales,Palsa-1104,Pan216,Paracaedibacterales,Parvibaculales,Pedosphaerales,Peptococcales,Peptostreptococcales,Petrotogales,Phycisphaerales,Pirellulales,Piscirickettsiales,Planctomycetales,Polarisedimenticolales,Polyangiales,Propionibacteriales,Propionisporales,Proteinivoracales,Pseudomonadales,Puniceispirillales,Pyrinomonadales,QNDG01,QZLD01,RBC074,RBG-13-44-9,RBG-16-71-46,RBS10-35,RF32,RGZZ01,RPQS01,RZYC01,Rhizobiales,Rhodobacterales,Rhodospirillales,Rhodospirillales_A,Rhodothermales,Rickettsiales,S012-40,S143-82,S15B-MN24,SAR324,SCGC-AAA003-L08,SG8-11,SHVZ01,SK-Y3,SKNC01,SLMV01,SLND01,SM23-32,SM23-33,SMXQ01,SORT01,SPDA01,SURF-12,SURF-5,SZUA-140,SZUA-149,SZUA-152,SZUA-21,SZUA-229,SZUA-336,SZUA-567,SZUA-6,SZUA-76,Saccharofermentanales,Sedimentisphaerales,Selenomonadales,Silvanigrellales,Sneathiellales,Solirubrobacterales,Sphingomonadales,Spirochaetales_E,Sporomusales,Sporomusales_A,Sporomusales_B,Sporomusales_C,Steroidobacterales,Streptosporangiales,Sulfobacillales,Symbiobacteriales,Synergistales,Syntrophomonadales,Syntrophorhabdales,T1Sed10-126,T3Sed10-11,TANB77,TMED127,TMED2,Tenderiales,Tepidibacillales,Tepidiformales,Tepidisphaerales,Terriglobales,Thalassobaculales,Thermacetogeniales,Thermaerobacterales,Thermincolales,Thermoanaerobacterales,Thermodesulfobiales,Thermomicrobiales,Thermosediminibacterales,Thermosulfidibacterales,Thermotogales,Thiohalobacterales,Thiohalomonadales,Thiomicrospirales,Tissierellales,Tistrellales,Treponematales,Tumebacillales,Turneriellales,UBA10030,UBA1018,UBA10575,UBA10806,UBA10988,UBA1113,UBA11236,UBA11346,UBA1135,UBA1146,UBA12015,UBA1212,UBA12178,UBA12225,UBA1280,UBA1381,UBA1444,UBA1845,UBA2214,UBA2242,UBA2361,UBA2386,UBA2392,UBA2394,UBA2428,UBA2466,UBA2966,UBA2968,UBA2979,UBA3575,UBA4055,UBA4068,UBA4151,UBA4486,UBA4575,UBA4802,UBA4971,UBA5070,UBA5301,UBA5335,UBA5377,UBA5500,UBA5794,UBA5829,UBA5861,UBA6077,UBA6099,UBA6191,UBA6429,UBA6522,UBA6615,UBA6911,UBA727,UBA7540,UBA7694,UBA796,UBA7976,UBA8231,UBA8346,UBA8349,UBA8366,UBA8416,UBA8477,UBA8481,UBA9160,UBA9216,UBA9219,UBA9615,UBA994,UBA9968,UBA9980,UM-FILTER-46-8,UMGS1260,UTPRO1,UWMA-0217,VBWC01,Vampirovibrionales,Vicinamibacterales,Victivallales,WGA-4E,WJJR01,WQYP01,WRBN01,WSZJ01,WVXJ01,WYAZ01,Woeseiales,XN24,XYA12-FULL-58-9,XYD2-FULL-50-16,Xanthomonadales,Xenobiales,Zavarziniales
gtdb_only	558	2-12-FULL-62-27,20CM-2-55-15,21-64-14,4484-113,4572-78,AABM5-125-24,AKS1,ARS1246,ATCC43930,Acanthopleuribacterales,Acetivibrionales,Acetivibrionales_A,Acetobacterales,Acidiferrobacterales,Acidimicrobiales,Acidithiobacillales,Acidoferrales,Acidulodesulfobacterales,Actinomycetales,Adiutricales,Aerophobales,Alicyclobacillales,Ammonifexales,Anaeroferrophillales,Anaerolineales,Anaeromusales,Aneurinibacillales,Aquicultorales,Aquificales,Arenicellales,Armatimonadales,Atribacterales,Auribacterales,Azospirillales,B11-G9,B130-G9,B15-G4,B1SED10-174,B21-G9,B26-G9,B28-G17,B3-G13,B3-LCP,B62-G9,B64-G9,B68-G9,BMS3BBIN04,BSN033,BW-2,Bacillales,Bacillales_D,Bacillales_G,Bacillales_H,Bacillales_I,Bacillales_K,Bacteriovoracales,Bacteroidales,Balneolales,Baltobacterales,Bdellovibrionales,Berkiellales,Borreliales,Brachyspirales,Bradymonadales,Brevibacillales,Brevinematales,Brocadiales,Bryobacterales,Burkholderiales,C00003060,CACIAM-22H2,CADAEX01,CAIMUX01,CAIPTA01,CAIRSR01,CAIWAD01,CAIWXX01,CAIYQO01,CAIYYT01,CALZJG01,CG2-30-53-67,COTS27,CR04bin15,CSP1-3,CTSoil-072,Caedimonadales,Caldalkalibacillales,Caldicellulosiruptorales,Caldicoprobacterales,Caldilineales,Calditrichales,Calescibacteriales,Campylobacterales,Carboxydocellales,Carboxydothermales,Caulobacterales,Ch115,Ch29,Ch66,Chitinivibrionales,Chlamydiales,Christensenellales,Chromatiales,Chrysiogenales,Chthoniobacterales,Chthonomonadales,Cloacimonadales,Clostridiales,Competibacterales,Coprothermobacterales,DP-6,DRI-13,DRLW01,DRMK01,DSM-16000,DSM-16054,DSM-16500,DSM-1736,DSM-19610,DSM-22653,DSM-27196,DSM-6578,DTPJ01,DTU010,DTU014,DTU015,DTU022,DTU030,DTU065,DTU080,DTU084,DTU086,DTU087,DTUO25,DUEN01,DULZ01,DUMJ01,DUMP01,DUMW01,DUSP01,DY22613,Deferribacterales,Deferrimicrobiales,Deferrisomatales,Desulfarculales,Desulfatiglandales,Desulfitibacterales,Desulfitobacteriales,Desulfobaccales,Desulfobacterales,Desulfobulbales,Desulfofervidales,Desulfotomaculales,Desulfovibrionales,Desulfurellales,Desulfuribacillales,Desulfurobacteriales,Desulfuromonadales,Dethiobacterales,Dissulfuribacterales,Dongiales,Duberdicusellales,Ectothiorhodospirales,Ectothiorhodospirales_A,Elsterales,Enterobacterales,Enterobacterales_A,Erysipelotrichales,Eubacteriales,Euzebyales,Exiguobacterales,FEN-1099,FEN-1173,FEN-1346,FW602-bin22,Fen-1088,Ferrovibrionales,Fibrobacterales,Fimbriimonadales,Flavobacteriales,Fusobacteriales,GBS-1,GCA-001735895,GCA-002687715,GCA-2400775,GCA-2687025,GCA-2729495,GCA-2731375,GCA-2746255,GCA-2747355,GCA-2863065,GCF-002020875,GN15,GRL18,GWA2-38-11,GWA2-58-10,GWC2-55-46,GWE2-31-10,GWF2-35-9,Ga0077536,Ga0077554,Gaiellales,Gastranaerophilales,Geminicoccales,Gemmatales,Gemmatimonadales,Geobacterales,Geothermincolales,Granulosicoccales,HDB-SIOI813,HGW-17,HK1,HRBIN16,HRBIN17,Halanaerobiales,Haliangiales,Halobacteroidales,Halothiobacillales,Heliobacteriales,Holophagales,Humimicrobiales,Hydrogenedentiales,Hydrogenothermales,IMCC26256,Ignavibacteriales,Immundisolibacterales,J044,J045,J058,JAABTG01,JAABVY01,JAADGQ01,JAADHS01,JAAXVQ01,JAAYCJ01,JAAYKL01,JAAYUW01,JAAZEB01,JAAZLZ01,JABDDW01,JABDJQ01,JABDKV01,JABEVK01,JABHGC01,JABLXB01,JABSOH01,JABSQK01,JABWBI01,JACIZP01,JACKCT01,JACNKJ01,JACQBW01,JACRGQ01,JADFXK01,JADJWH01,JADQBR01,JAEULC01,JAFGXN01,JAFLJP01,JAGOGO01,JAHITG01,JAHJQQ01,JAJPIJ01,JAJRXV01,JAJTBE01,JAJYVM01,JAJYWN01,JAJZYS01,JC444,JdFR-76,Kapabacteriales,Kiloniellales,Kiritimatiellales,Koleobacterales,Krumholzibacteriales,Kryptoniales,Ktedonobacterales,Kyrpidiales,LMEP-6097,LZORAL124-64-63,Lachnospirales,Lactobacillales,Latescibacterales,Legionellales,Lentisphaerales,Leptospirales,Leptospirillales,Limnochordales,Limnochordales_A,Limnocylindrales,Longimicrobiales,Lutisporales,MHYJ01,MPNO01,MVZB01,MWEM01,Magnetococcales,Mahellales,Marinisomatales,Mariprofundales,Mesoaciditogales,Methylacidiphilales,Methylococcales,Methylomirabilales,Micavibrionales,Micropepsales,Miltoncostaeales,Minwuiales,Monoglobales,Moorellales,Motilibacterales,Muirbacteriales,Mycobacteriales,Myxococcales,Nannocystales,Nanopelagicales,Natranaerobiales,Nautiliales,Nevskiales,Nitriliruptorales,Nitrococcales,Nitrosococcales,Nitrospinales,Nitrospirales,OLB16,OXYB2-FULL-49-7,Oceanibaculales,Oligoflexales,Opitutales,Oscillospirales,Ozemobacterales,PGYV01,PH28-bin88,PHBI01,PWPR01,PWYM01,Paenibacillales,Palsa-1104,Pan216,Paracaedibacterales,Parvibaculales,Pedosphaerales,Peptococcales,Peptostreptococcales,Petrotogales,Phycisphaerales,Pirellulales,Piscirickettsiales,Planctomycetales,Polarisedimenticolales,Polyangiales,Propionibacteriales,Propionisporales,Proteinivoracales,Pseudomonadales,Puniceispirillales,Pyrinomonadales,QNDG01,QYQD01,QZLD01,RBC074,RBG-13-43-22,RBG-13-44-9,RBG-16-64-22,RBG-16-71-46,RBS10-35,RF32,RGZZ01,RPQS01,RZYC01,Rhizobiales,Rhodobacterales,Rhodospirillales,Rhodospirillales_A,Rhodothermales,Rickettsiales,Rokubacteriales,S012-40,S143-82,S145-22,S15B-MN24,SAR324,SBBL01,SCGC-AAA003-L08,SG8-11,SHVZ01,SK-Y3,SKNC01,SLMV01,SLND01,SM23-32,SM23-33,SM23-61,SMXQ01,SORT01,SPDA01,SURF-12,SURF-5,SZUA-140,SZUA-149,SZUA-152,SZUA-21,SZUA-229,SZUA-336,SZUA-567,SZUA-6,SZUA-76,Saccharofermentanales,Sedimentisphaerales,Selenomonadales,Silvanigrellales,Sneathiellales,Solirubrobacterales,Sphingomonadales,Spirochaetales_E,Sporomusales,Sporomusales_A,Sporomusales_B,Sporomusales_C,Steroidobacterales,Streptosporangiales,Sulfobacillales,Symbiobacteriales,Synergistales,Syntrophales,Syntrophobacterales,Syntrophomonadales,Syntrophorhabdales,T1Sed10-126,T3Sed10-11,TANB77,TMED127,TMED2,Tenderiales,Tepidibacillales,Tepidiformales,Tepidisphaerales,Terriglobales,Thalassobaculales,Thermacetogeniales,Thermaerobacterales,Thermincolales,Thermoanaerobacterales,Thermodesulfobacteriales,Thermodesulfobiales,Thermodesulfovibrionales,Thermomicrobiales,Thermosediminibacterales,Thermosulfidibacterales,Thermotogales,Thiohalobacterales,Thiohalomonadales,Thiomicrospirales,Tissierellales,Tistrellales,Treponematales,Tumebacillales,Turneriellales,UBA10030,UBA1018,UBA10575,UBA1062,UBA10806,UBA10988,UBA1113,UBA11236,UBA11346,UBA1135,UBA1146,UBA12015,UBA1212,UBA12178,UBA12225,UBA1280,UBA1381,UBA1444,UBA1845,UBA2214,UBA2242,UBA2361,UBA2386,UBA2392,UBA2394,UBA2428,UBA2466,UBA2966,UBA2968,UBA2979,UBA3575,UBA4055,UBA4068,UBA4151,UBA4486,UBA4575,UBA4802,UBA4971,UBA5070,UBA5301,UBA5335,UBA5377,UBA5500,UBA5794,UBA5829,UBA5861,UBA6077,UBA6099,UBA6191,UBA6429,UBA6522,UBA6615,UBA6902,UBA6911,UBA727,UBA7540,UBA7694,UBA7883,UBA796,UBA7976,UBA8231,UBA8248,UBA8346,UBA8349,UBA8366,UBA8416,UBA8473,UBA8477,UBA8481,UBA9160,UBA9216,UBA9219,UBA9615,UBA9637,UBA994,UBA9942,UBA9968,UBA9980,UM-FILTER-46-8,UMGS1260,UTPRO1,UWMA-0217,VBWC01,Vampirovibrionales,Vicinamibacterales,Victivallales,WGA-4E,WJJR01,WQYP01,WRBN01,WSZJ01,WVXJ01,WYAZ01,Woeseiales,XN24,XYA12-FULL-58-9,XYD2-FULL-50-16,Xanthomonadales,Xenobiales,Zavarziniales
flagella_only	558	2-12-FULL-62-27,20CM-2-55-15,21-64-14,4484-113,4572-78,AABM5-125-24,AKS1,ARS1246,ATCC43930,Acanthopleuribacterales,Acetivibrionales,Acetivibrionales_A,Acetobacterales,Acidiferrobacterales,Acidimicrobiales,Acidithiobacillales,Acidoferrales,Acidulodesulfobacterales,Actinomycetales,Adiutricales,Aerophobales,Alicyclobacillales,Ammonifexales,Anaeroferrophillales,Anaerolineales,Anaeromusales,Aneurinibacillales,Aquicultorales,Aquificales,Arenicellales,Armatimonadales,Atribacterales,Auribacterales,Azospirillales,B11-G9,B130-G9,B15-G4,B1SED10-174,B21-G9,B26-G9,B28-G17,B3-G13,B3-LCP,B62-G9,B64-G9,B68-G9,BMS3BBIN04,BSN033,BW-2,Bacillales,Bacillales_D,Bacillales_G,Bacillales_H,Bacillales_I,Bacillales_K,Bacteriovoracales,Bacteroidales,Balneolales,Baltobacterales,Bdellovibrionales,Berkiellales,Borreliales,Brachyspirales,Bradymonadales,Brevibacillales,Brevinematales,Brocadiales,Bryobacterales,Burkholderiales,C00003060,CACIAM-22H2,CADAEX01,CAIMUX01,CAIPTA01,CAIRSR01,CAIWAD01,CAIWXX01,CAIYQO01,CAIYYT01,CALZJG01,CG2-30-53-67,COTS27,CR04bin15,CSP1-3,CTSoil-072,Caedimonadales,Caldalkalibacillales,Caldicellulosiruptorales,Caldicoprobacterales,Caldilineales,Calditrichales,Calescibacteriales,Campylobacterales,Carboxydocellales,Carboxydothermales,Caulobacterales,Ch115,Ch29,Ch66,Chitinivibrionales,Christensenellales,Chromatiales,Chrysiogenales,Chthoniobacterales,Chthonomonadales,Cloacimonadales,Clostridiales,Competibacterales,Coprothermobacterales,DP-6,DRI-13,DRLW01,DRMK01,DSM-16000,DSM-16054,DSM-16500,DSM-1736,DSM-19610,DSM-22653,DSM-27196,DSM-6578,DTPJ01,DTU010,DTU014,DTU015,DTU022,DTU030,DTU065,DTU080,DTU084,DTU086,DTU087,DTUO25,DUEN01,DULZ01,DUMJ01,DUMP01,DUMW01,DUSP01,DY22613,Deferribacterales,Deferrimicrobiales,Deferrisomatales,Desulfarculales,Desulfatiglandales,Desulfitibacterales,Desulfitobacteriales,Desulfobaccales,Desulfobacterales,Desulfobulbales,Desulfofervidales,Desulfotomaculales,Desulfovibrionales,Desulfurellales,Desulfuribacillales,Desulfurobacteriales,Desulfuromonadales,Dethiobacterales,Dissulfuribacterales,Dongiales,Duberdicusellales,Ectothiorhodospirales,Ectothiorhodospirales_A,Elsterales,Enterobacterales,Enterobacterales_A,Erysipelotrichales,Eubacteriales,Euzebyales,Exiguobacterales,FEN-1099,FEN-1173,FEN-1346,FW602-bin22,Fen-1088,Ferrovibrionales,Fibrobacterales,Fimbriimonadales,Flavobacteriales,Fusobacteriales,GBS-1,GCA-001735895,GCA-002687715,GCA-2400775,GCA-2687025,GCA-2729495,GCA-2731375,GCA-2746255,GCA-2747355,GCA-2863065,GCF-002020875,GN15,GRL18,GWA2-38-11,GWA2-58-10,GWC2-55-46,GWE2-31-10,GWF2-35-9,Ga0077536,Ga0077554,Gaiellales,Gastranaerophilales,Geminicoccales,Gemmatales,Gemmatimonadales,Geobacterales,Geothermincolales,Granulosicoccales,HDB-SIOI813,HGW-17,HK1,HRBIN16,HRBIN17,Halanaerobiales,Haliangiales,Halobacteroidales,Halothiobacillales,Heliobacteriales,Holophagales,Humimicrobiales,Hydrogenedentiales,Hydrogenothermales,IMCC26256,Ignavibacteriales,Immundisolibacterales,J044,J045,J058,JAABTG01,JAABVY01,JAADGQ01,JAADHS01,JAAXVQ01,JAAYCJ01,JAAYKL01,JAAYUW01,JAAZEB01,JAAZLZ01,JABDDW01,JABDJQ01,JABDKV01,JABEVK01,JABHGC01,JABLXB01,JABSOH01,JABSQK01,JABWBI01,JACIZP01,JACKCT01,JACNKJ01,JACPQY01,JACQBW01,JACRGQ01,JADFXK01,JADJWH01,JADQBR01,JAEULC01,JAFGXN01,JAFLJP01,JAGOGO01,JAHITG01,JAHJQQ01,JAJPIJ01,JAJRXV01,JAJTBE01,JAJYVM01,JAJYWN01,JAJZYS01,JC444,JdFR-76,Kapabacteriales,Kiloniellales,Kiritimatiellales,Koleobacterales,Krumholzibacteriales,Kryptoniales,Ktedonobacterales,Kyrpidiales,LMEP-6097,LZORAL124-64-63,Lachnospirales,Lactobacillales,Latescibacterales,Legionellales,Lentisphaerales,Leptospirales,Leptospirillales,Limnochordales,Limnochordales_A,Limnocylindrales,Longimicrobiales,Lutisporales,MHYJ01,MPNO01,MVZB01,MWEM01,Magnetococcales,Mahellales,Marinisomatales,Mariprofundales,Mesoaciditogales,Methylacidiphilales,Methylococcales,Methylomirabilales,Micavibrionales,Micropepsales,Miltoncostaeales,Minwuiales,Monoglobales,Moorellales,Motilibacterales,Muirbacteriales,Mycobacteriales,Myxococcales,Nannocystales,Nanopelagicales,Natranaerobiales,Nautiliales,Nevskiales,Nitriliruptorales,Nitrococcales,Nitrosococcales,Nitrospinales,Nitrospirales,OLB16,OXYB2-FULL-49-7,Oceanibaculales,Oligoflexales,Opitutales,Oscillospirales,Ozemobacterales,PGYV01,PH28-bin88,PHBI01,PWPR01,PWYM01,Paenibacillales,Palsa-1104,Pan216,Paracaedibacterales,Parvibaculales,Pedosphaerales,Peptococcales,Peptostreptococcales,Petrotogales,Phycisphaerales,Pirellulales,Piscirickettsiales,Planctomycetales,Polarisedimenticolales,Polyangiales,Propionibacteriales,Propionisporales,Proteinivoracales,Pseudomonadales,Puniceispirillales,Pyrinomonadales,QNDG01,QYQD01,QZLD01,RBC074,RBG-13-43-22,RBG-13-44-9,RBG-16-64-22,RBG-16-71-46,RBS10-35,RF32,RGZZ01,RPQS01,RZYC01,Rhizobiales,Rhodobacterales,Rhodospirillales,Rhodospirillales_A,Rhodothermales,Rickettsiales,Rokubacteriales,S012-40,S143-82,S145-22,S15B-MN24,SAR324,SBBL01,SCGC-AAA003-L08,SG8-11,SHVZ01,SK-Y3,SKNC01,SLMV01,SLND01,SM23-32,SM23-33,SM23-61,SMXQ01,SORT01,SPDA01,SURF-12,SURF-5,SZUA-140,SZUA-149,SZUA-152,SZUA-21,SZUA-229,SZUA-336,SZUA-567,SZUA-6,SZUA-76,Saccharofermentanales,Sedimentisphaerales,Selenomonadales,Silvanigrellales,Sneathiellales,Solirubrobacterales,Sphingomonadales,Spirochaetales_E,Sporomusales,Sporomusales_A,Sporomusales_B,Sporomusales_C,Steroidobacterales,Streptosporangiales,Sulfobacillales,Symbiobacteriales,Synergistales,Syntrophales,Syntrophobacterales,Syntrophomonadales,Syntrophorhabdales,T1Sed10-126,T3Sed10-11,TANB77,TMED127,TMED2,Tenderiales,Tepidibacillales,Tepidiformales,Tepidisphaerales,Terriglobales,Thalassobaculales,Thermacetogeniales,Thermaerobacterales,Thermincolales,Thermoanaerobacterales,Thermodesulfobacteriales,Thermodesulfobiales,Thermodesulfovibrionales,Thermomicrobiales,Thermosediminibacterales,Thermosulfidibacterales,Thermotogales,Thiohalobacterales,Thiohalomonadales,Thiomicrospirales,Tissierellales,Tistrellales,Treponematales,Tumebacillales,Turneriellales,UBA10030,UBA1018,UBA10575,UBA1062,UBA10806,UBA10988,UBA1113,UBA11236,UBA11346,UBA1135,UBA1146,UBA12015,UBA1212,UBA12178,UBA12225,UBA1280,UBA1381,UBA1444,UBA1845,UBA2214,UBA2242,UBA2361,UBA2386,UBA2392,UBA2394,UBA2428,UBA2466,UBA2966,UBA2968,UBA2979,UBA3575,UBA4055,UBA4068,UBA4151,UBA4486,UBA4575,UBA4802,UBA4971,UBA5070,UBA5301,UBA5335,UBA5377,UBA5500,UBA5794,UBA5829,UBA5861,UBA6077,UBA6099,UBA6191,UBA6429,UBA6522,UBA6615,UBA6902,UBA6911,UBA727,UBA7540,UBA7694,UBA7883,UBA796,UBA7976,UBA8231,UBA8248,UBA8346,UBA8349,UBA8366,UBA8416,UBA8473,UBA8477,UBA8481,UBA9160,UBA9216,UBA9219,UBA9615,UBA9637,UBA994,UBA9942,UBA9968,UBA9980,UM-FILTER-46-8,UMGS1260,UTPRO1,UWMA-0217,VBWC01,Vampirovibrionales,Vicinamibacterales,Victivallales,WGA-4E,WJJR01,WQYP01,WRBN01,WSZJ01,WVXJ01,WYAZ01,Woeseiales,XN24,XYA12-FULL-58-9,XYD2-FULL-50-16,Xanthomonadales,Xenobiales,Zavarziniales
